"#","LVL","NAME","PITCHER","YEAR","AGE","IP","ERA","QERA","FIP","FIP_MINUS_ERA","cFIP","DRA","DRA-","FRA","FRA+","RA","RA+"
"1","MLB","Jason Lane","24","2014","37","10.3","0.87","0.00","3.20","2.33","104","1.81","44","3.32","107","0.87","1.75"
"2","MLB","Jamey Wright","219","2014","39","70.3","4.35","0.00","3.44","-0.91","108","3.56","87","4.02","96","4.48","0.84"
"3","MLB","Kyle Farnsworth","241","2014","38","28.7","4.40","0.00","4.35","-0.05","115","5.45","134","4.56","88","4.40","0.93"
"4","MLB","Lyle Overbay","318","2014","37","0.3","0.00","0.00","3.10","3.10","103","0.00","126","0.00","0","0.00","0.00"
"5","MLB","Bartolo Colon","395","2014","41","202.3","4.09","0.00","3.54","-0.55","98","4.31","106","4.19","90","4.31","0.87"
"6","MLB","Scott Downs","398","2014","38","38.0","4.97","0.00","4.11","-0.87","116","4.41","108","4.41","96","5.68","0.66"
"7","MLB","Joe Nathan","461","2014","39","58.0","4.81","0.00","3.97","-0.84","100","4.14","102","4.56","98","4.97","0.89"
"8","MLB","Josh Beckett","489","2014","34","115.7","2.88","0.00","4.30","1.43","109","4.22","103","4.38","83","3.19","1.15"
"9","MLB","A.J. Burnett","493","2014","37","213.7","4.59","0.00","4.11","-0.48","115","4.40","108","4.94","73","5.14","0.68"
"10","MLB","Brad Penny","524","2014","36","26.0","6.58","0.00","5.22","-1.36","129","7.45","183","5.91","56","6.92","0.32"
"11","MLB","Jake Peavy","638","2014","33","202.7","3.73","0.00","4.12","0.39","109","4.36","107","4.61","88","4.04","1.03"
"12","MLB","Oliver Perez","639","2014","32","58.7","2.91","0.00","3.20","0.29","87","3.74","92","3.07","125","3.84","1.07"
"13","MLB","Randy Wolf","698","2014","37","25.7","5.26","0.00","4.35","-0.91","106","7.01","172","5.09","67","5.96","0.44"
"14","MLB","Bronson Arroyo","702","2014","37","86.0","4.08","0.00","4.29","0.21","115","4.47","110","5.14","76","4.19","0.99"
"15","MLB","Joe Beimel","703","2014","37","45.0","2.20","0.00","4.20","2.00","116","4.22","104","4.26","87","2.40","1.36"
"16","MLB","Ryan Vogelsong","746","2014","36","184.7","4.00","0.00","3.82","-0.17","109","4.73","116","4.36","87","4.19","0.91"
"17","MLB","Bruce Chen","762","2014","37","48.3","7.45","0.00","4.61","-2.84","108","6.60","162","4.91","85","7.45","0.25"
"18","MLB","Adam Dunn","769","2014","34","1.0","9.00","0.00","6.16","-2.84","108","5.47","134","5.99","59","9.00","-0.11"
"19","MLB","John Lackey","886","2014","35","198.0","3.82","0.00","3.79","-0.03","97","4.13","101","4.20","100","4.27","0.98"
"20","MLB","Aaron Harang","932","2014","36","204.3","3.57","0.00","3.54","-0.03","110","4.28","105","3.82","98","3.88","0.97"
"21","MLB","Tim Hudson","938","2014","38","189.3","3.57","0.00","3.51","-0.05","104","4.49","110","4.55","83","4.09","0.95"
"22","MLB","Cliff Lee","1102","2014","35","81.3","3.65","0.00","2.93","-0.72","89","5.02","123","3.50","111","4.43","0.87"
"23","MLB","CC Sabathia","1117","2014","33","46.0","5.28","0.00","4.81","-0.47","96","6.47","159","5.29","73","6.07","0.54"
"24","MLB","Rafael Soriano","1182","2014","34","62.0","3.19","0.00","3.05","-0.14","97","3.72","91","3.55","111","3.34","1.16"
"25","MLB","Erik Bedard","1195","2014","35","75.7","4.76","0.00","4.42","-0.34","107","5.90","145","4.15","96","5.47","0.63"
"26","MLB","Joaquin Benoit","1250","2014","36","54.3","1.49","0.00","2.29","0.80","75","1.80","44","3.01","120","1.66","1.56"
"27","MLB","Colby Lewis","1275","2014","34","170.3","5.18","0.00","4.49","-0.69","107","5.16","126","4.79","85","5.65","0.64"
"28","MLB","Jeremy Affeldt","1354","2014","35","55.3","2.28","0.00","2.83","0.55","101","3.11","76","3.69","105","2.28","1.42"
"29","MLB","Fernando Rodney","1449","2014","37","66.3","2.85","0.00","2.86","0.01","88","4.14","102","2.94","121","3.26","1.13"
"30","MLB","LaTroy Hawkins","1476","2014","41","54.3","3.31","0.00","3.36","0.05","100","2.76","68","4.16","115","3.81","1.22"
"31","MLB","Kyle Lohse","1490","2014","35","198.3","3.54","0.00","3.92","0.38","109","4.04","99","4.42","91","3.95","1.03"
"32","MLB","Mark Buehrle","1526","2014","35","202.0","3.39","0.00","3.69","0.30","103","4.12","101","4.00","106","3.70","1.13"
"33","MLB","Randy Choate","1577","2014","38","36.0","4.50","0.00","3.55","-0.95","100","2.77","68","3.57","113","4.50","0.91"
"34","MLB","R.A. Dickey","5034","2014","39","215.7","3.71","0.00","4.35","0.63","112","3.85","94","4.86","86","4.21","1.01"
"35","MLB","Javier Lopez","16620","2014","36","37.7","3.11","0.00","4.30","1.19","118","3.42","84","4.74","79","3.35","1.14"
"36","MLB","Jerome Williams","16637","2014","32","115.0","4.77","0.00","4.16","-0.62","108","4.62","113","4.87","79","5.01","0.77"
"37","MLB","Chris Capuano","16660","2014","35","97.3","4.35","0.00","3.94","-0.41","99","4.61","113","4.37","95","4.72","0.87"
"38","MLB","Grant Balfour","16715","2014","36","62.3","4.91","0.00","3.98","-0.93","109","4.15","102","4.91","76","4.91","0.76"
"39","MLB","Buddy Carlyle","16850","2014","36","31.0","1.45","0.00","2.62","1.17","93","2.32","57","3.15","116","1.74","1.54"
"40","MLB","Jason Grilli","17096","2014","37","54.0","4.00","0.00","3.38","-0.62","94","4.04","99","3.06","122","4.33","0.90"
"41","MLB","Francisco Rodriguez","31311","2014","32","68.0","3.04","0.00","4.47","1.43","94","3.56","87","4.51","90","3.04","1.26"
"42","MLB","Chad Qualls","31330","2014","35","51.3","3.33","0.00","3.16","-0.17","87","3.45","85","3.69","111","3.86","1.07"
"43","MLB","Matt Belisle","31338","2014","34","64.7","4.87","0.00","3.71","-1.17","104","3.49","85","4.57","106","4.87","0.99"
"44","MLB","Adam Wainwright","31361","2014","32","227.0","2.38","0.00","2.85","0.47","86","2.45","60","3.37","116","2.54","1.37"
"45","MLB","Mike Adams","31362","2014","35","18.7","2.89","0.00","2.83","-0.06","93","3.87","95","1.88","151","3.86","1.00"
"46","MLB","Dan Haren","31384","2014","33","186.0","4.02","0.00","4.06","0.04","105","4.10","100","4.33","88","4.89","0.74"
"47","MLB","Jose Valverde","31436","2014","36","20.7","5.66","0.00","4.84","-0.82","98","7.47","183","5.30","61","6.97","0.18"
"48","MLB","Matt Cain","31476","2014","29","90.3","4.18","0.00","4.55","0.37","116","4.90","120","5.51","60","4.68","0.81"
"49","MLB","Heath Bell","31497","2014","36","17.3","7.27","0.00","4.60","-2.67","111","7.98","196","4.37","90","8.31","-0.09"
"50","MLB","Scott Kazmir","31506","2014","30","190.3","3.55","0.00","3.38","-0.17","90","3.57","87","4.03","98","3.83","1.03"
"51","MLB","Gavin Floyd","31534","2014","31","54.3","2.65","0.00","3.77","1.11","103","4.03","99","4.38","91","3.81","1.05"
"52","MLB","Sean Burnett","31544","2014","31","0.7","13.50","0.00","3.16","-10.34","104","4.22","103","3.93","94","13.50","-1.63"
"53","MLB","Matt Guerrier","31551","2014","35","28.0","3.86","0.00","3.95","0.09","110","2.92","72","4.86","93","3.86","1.15"
"54","MLB","Jeff Francis","31585","2014","33","20.0","5.85","0.00","4.20","-1.65","99","4.22","104","5.28","67","5.85","0.53"
"55","MLB","Ervin Santana","31607","2014","31","196.0","3.95","0.00","3.36","-0.59","101","4.24","104","4.05","94","4.13","0.92"
"56","MLB","Dustin McGowan","31635","2014","32","82.0","4.17","0.00","5.05","0.88","118","4.69","115","4.90","87","4.50","0.96"
"57","MLB","J.J. Putz","31680","2014","37","13.7","6.59","0.00","3.54","-3.04","101","6.03","148","3.51","116","6.59","0.42"
"58","MLB","Matt Thornton","31683","2014","37","36.0","1.75","0.00","2.67","0.92","98","2.76","68","3.64","111","2.25","1.46"
"59","MLB","C.J. Wilson","31711","2014","33","175.7","4.51","0.00","4.34","-0.17","116","4.77","117","4.97","75","4.87","0.78"
"60","MLB","Jorge De La Rosa","31714","2014","33","184.3","4.10","0.00","4.31","0.21","109","3.43","84","5.40","86","4.39","1.07"
"61","MLB","Zack Greinke","31734","2014","30","202.3","2.71","0.00","2.94","0.23","82","3.43","84","3.27","117","3.07","1.22"
"62","MLB","Matt Albers","31948","2014","31","10.0","0.90","0.00","2.76","1.86","99","3.45","84","2.03","150","0.90","1.78"
"63","MLB","Scott Atchison","32273","2014","38","72.0","2.75","0.00","3.10","0.35","93","2.64","65","3.57","117","3.00","1.30"
"64","MLB","John Baker","32395","2014","33","1.0","0.00","0.00","6.10","6.10","109","3.70","91","0.00","0","0.00","2.00"
"65","MLB","Ronald Belisario","32630","2014","31","66.3","5.56","0.00","3.57","-2.00","97","3.88","95","3.65","115","6.24","0.55"
"66","MLB","Blaine Boyer","33003","2014","32","40.3","3.57","0.00","2.90","-0.67","101","3.26","80","3.60","104","3.57","1.05"
"67","MLB","Craig Breslow","33059","2014","33","54.3","5.96","0.00","5.37","-0.59","124","6.59","162","5.53","70","6.63","0.44"
"68","MLB","Jonathan Broxton","33197","2014","30","58.7","2.30","0.00","3.34","1.04","99","2.44","60","3.87","103","2.30","1.43"
"69","MLB","Jared Burton","33326","2014","33","64.0","4.36","0.00","4.25","-0.11","106","3.31","81","4.73","95","4.78","0.94"
"70","MLB","Shawn Camp","33458","2014","38","3.3","5.40","0.00","6.40","1.00","107","12.94","317","9.40","-34","5.40","0.65"
"71","MLB","Roberto Hernandez","33548","2014","33","164.7","4.10","0.00","4.82","0.72","130","4.66","114","5.01","74","4.59","0.85"
"72","MLB","Kevin Correia","34159","2014","33","154.0","5.44","0.00","4.69","-0.75","118","5.05","124","5.35","76","6.08","0.59"
"73","MLB","Neal Cotts","34195","2014","34","66.7","4.32","0.00","3.61","-0.71","94","3.83","94","3.51","116","4.46","0.94"
"74","MLB","Jumbo Diaz","34744","2014","30","34.7","3.38","0.00","3.30","-0.07","89","3.38","83","3.75","107","3.38","1.16"
"75","MLB","Frank Francisco","35574","2014","34","3.7","12.27","0.00","9.98","-2.29","105","16.44","403","10.21","-48","14.73","-1.58"
"76","MLB","Jason Frasor","35597","2014","36","47.3","2.66","0.00","3.31","0.65","93","2.90","71","3.68","114","3.23","1.24"
"77","MLB","Kyuji Fujikawa","35683","2014","33","13.0","4.85","0.00","4.33","-0.51","96","7.30","179","3.71","107","5.54","0.62"
"78","MLB","Santiago Casilla","35863","2014","33","58.3","1.70","0.00","3.15","1.46","98","2.42","59","3.94","101","2.01","1.49"
"79","MLB","Justin Germano","35975","2014","31","5.3","11.81","0.00","6.72","-5.09","113","9.21","226","7.84","15","11.81","-0.78"
"80","MLB","Kevin Gregg","36308","2014","36","9.0","10.00","0.00","6.32","-3.68","113","8.46","207","6.34","36","10.00","-0.59"
"81","MLB","Jason Hammel","36564","2014","31","176.3","3.47","0.00","3.91","0.44","103","3.92","96","4.29","91","3.57","1.09"
"82","MLB","Rich Hill","36959","2014","34","5.3","1.69","0.00","2.03","0.35","100","7.09","174","-0.15","204","1.69","1.58"
"83","MLB","Hisashi Iwakuma","37381","2014","33","179.0","3.52","0.00","3.28","-0.24","87","3.84","94","3.91","95","3.52","1.06"
"84","MLB","Edwin Jackson","37412","2014","30","140.7","6.33","0.00","4.42","-1.91","120","5.83","143","4.63","81","6.72","0.28"
"85","MLB","Ubaldo Jimenez","37512","2014","30","125.3","4.81","0.00","4.70","-0.11","117","5.00","123","5.37","70","4.88","0.82"
"86","MLB","Cesar Jimenez","37513","2014","29","16.0","1.69","0.00","4.23","2.54","117","4.01","98","5.30","61","1.69","1.56"
"87","MLB","Jim Johnson","37595","2014","31","53.3","7.09","0.00","5.11","-1.98","120","6.32","155","5.42","66","7.76","0.11"
"88","MLB","Bobby Korecky","38132","2014","34","3.3","8.10","0.00","2.86","-5.24","105","4.01","98","4.53","98","8.10","0.18"
"89","MLB","Hiroki Kuroda","38205","2014","39","199.0","3.71","0.00","3.63","-0.08","93","3.50","86","4.27","96","4.12","1.00"
"90","MLB","Brandon League","38373","2014","31","63.0","2.57","0.00","3.37","0.80","114","4.43","109","4.95","73","3.29","1.16"
"91","MLB","Matt Lindstrom","38540","2014","34","34.0","5.03","0.00","4.40","-0.63","116","6.19","152","5.49","71","6.09","0.57"
"92","MLB","Francisco Liriano","38551","2014","30","162.3","3.38","0.00","3.56","0.18","98","4.05","99","4.66","84","3.77","1.06"
"93","MLB","Jean Machi","38784","2014","32","66.3","2.58","0.00","3.40","0.83","100","2.87","70","4.07","97","2.58","1.35"
"94","MLB","Carlos Marmol","38974","2014","31","13.3","8.10","0.00","6.40","-1.70","109","7.34","180","7.91","-10","8.10","-0.15"
"95","MLB","Nick Masset","39130","2014","32","45.0","5.80","0.00","4.30","-1.50","114","5.46","134","5.39","88","6.20","0.71"
"96","MLB","Daisuke Matsuzaka","39203","2014","33","83.3","3.89","0.00","4.18","0.29","115","4.35","107","4.14","92","4.10","0.93"
"97","MLB","Pat Neshek","40263","2014","33","67.3","1.87","0.00","2.35","0.47","73","1.51","37","2.81","132","1.87","1.54"
"98","MLB","Ricky Nolasco","40375","2014","31","159.0","5.38","0.00","4.32","-1.05","103","4.97","122","4.88","90","5.43","0.78"
"99","MLB","Juan Oviedo","40448","2014","32","31.7","3.69","0.00","4.55","0.85","112","4.78","117","4.28","91","3.98","0.99"
"100","MLB","Manny Parra","40798","2014","31","36.7","4.66","0.00","4.22","-0.44","109","5.20","128","4.99","75","4.91","0.77"
"101","MLB","Joel Peralta","40962","2014","38","63.3","4.41","0.00","3.43","-0.98","81","4.35","107","3.21","119","4.41","0.89"
"102","MLB","Scott Rice","41653","2014","32","13.7","5.93","0.00","5.01","-0.92","117","6.67","164","4.56","83","5.93","0.48"
"103","MLB","Ryan Rowland-Smith","42097","2014","31","7.3","4.91","0.00","2.28","-2.62","97","3.69","90","2.89","134","6.14","0.59"
"104","MLB","Sergio Santos","42394","2014","30","21.0","8.57","0.00","6.06","-2.51","106","8.82","216","4.91","85","9.43","-0.21"
"105","MLB","Joe Saunders","42438","2014","33","43.0","6.70","0.00","6.62","-0.07","133","7.90","194","6.98","29","7.74","0.10"
"106","MLB","Skip Schumaker","42557","2014","34","1.0","0.00","0.00","6.10","6.10","107","2.07","51","5.02","72","0.00","2.00"
"107","MLB","James Shields","42750","2014","32","227.0","3.21","0.00","3.62","0.41","94","3.83","94","4.13","104","3.77","1.12"
"108","MLB","Eric Stults","43330","2014","34","176.0","4.30","0.00","4.60","0.30","121","5.18","127","4.96","72","4.76","0.77"
"109","MLB","Koji Uehara","44014","2014","39","64.3","2.52","0.00","3.11","0.60","68","2.88","71","3.55","116","2.52","1.41"
"110","MLB","Jose Veras","44239","2014","33","46.0","4.50","0.00","4.62","0.12","109","4.24","104","4.89","78","4.89","0.78"
"111","MLB","Chris Young","45140","2014","35","165.0","3.65","0.00","5.04","1.39","124","4.69","115","4.39","84","3.82","0.99"
"112","MLB","Jeremy Guthrie","45312","2014","35","202.7","4.13","0.00","4.34","0.21","114","4.42","108","4.70","89","4.44","0.95"
"113","MLB","Scott Baker","45498","2014","32","80.7","5.47","0.00","4.81","-0.66","106","4.26","105","5.15","80","5.47","0.73"
"114","MLB","Tyler Clippard","45514","2014","29","70.3","2.18","0.00","2.72","0.54","82","2.52","62","3.30","117","2.82","1.30"
"115","MLB","John Danks","45515","2014","29","193.7","4.74","0.00","4.79","0.05","120","4.53","111","5.05","81","4.93","0.84"
"116","MLB","Zach Duke","45522","2014","31","58.7","2.45","0.00","2.11","-0.34","73","3.00","74","2.70","134","2.91","1.28"
"117","MLB","Scott Elbert","45523","2014","28","4.3","2.08","0.00","2.87","0.79","106","0.27","7","2.83","135","2.08","1.52"
"118","MLB","Dana Eveland","45525","2014","30","27.3","2.63","0.00","3.18","0.54","93","3.28","80","3.07","119","2.63","1.30"
"119","MLB","Gio Gonzalez","45529","2014","28","158.7","3.57","0.00","3.00","-0.58","93","3.76","92","3.96","100","3.74","1.05"
"120","MLB","Tom Gorzelanny","45530","2014","31","21.0","0.86","0.00","2.96","2.10","99","4.21","103","3.50","113","1.29","1.68"
"121","MLB","Cole Hamels","45534","2014","30","204.7","2.46","0.00","3.04","0.58","90","3.59","88","3.58","107","2.64","1.31"
"122","MLB","Felix Hernandez","45536","2014","28","236.0","2.14","0.00","2.59","0.45","69","2.60","64","3.11","117","2.59","1.31"
"123","MLB","J.P. Howell","45541","2014","31","49.0","2.39","0.00","3.27","0.88","106","2.62","64","3.36","111","2.57","1.32"
"124","MLB","Kevin Jepsen","45544","2014","29","65.0","2.63","0.00","2.81","0.18","85","2.51","61","3.61","110","2.63","1.34"
"125","MLB","Jon Lester","45548","2014","30","219.7","2.46","0.00","2.83","0.37","74","3.45","85","3.18","123","3.11","1.24"
"126","MLB","Paul Maholm","45552","2014","32","70.7","4.84","0.00","4.93","0.09","128","6.02","148","5.25","60","5.60","0.51"
"127","MLB","Brandon McCarthy","45558","2014","30","200.0","4.05","0.00","3.54","-0.51","90","4.27","105","4.27","98","4.50","0.92"
"128","MLB","Jim Miller","45560","2014","32","2.7","20.25","0.00","18.53","-1.72","111","26.85","658","17.85","-205","20.25","-2.60"
"129","MLB","Jonathan Papelbon","45568","2014","33","66.3","2.04","0.00","2.50","0.46","88","2.00","49","2.74","130","2.04","1.48"
"130","MLB","Yusmeiro Petit","45571","2014","29","117.0","3.69","0.00","2.75","-0.94","76","3.65","89","3.58","110","3.92","1.02"
"131","MLB","Ramon Ramirez","45575","2014","32","1.0","0.00","0.00","2.16","2.16","99","2.21","54","1.53","162","0.00","2.00"
"132","MLB","Anibal Sanchez","45578","2014","30","126.0","3.43","0.00","2.74","-0.69","79","3.08","76","3.54","122","3.93","1.13"
"133","MLB","Alfredo Simon","45581","2014","33","196.3","3.44","0.00","4.30","0.87","112","3.77","93","5.05","74","3.67","1.09"
"134","MLB","Huston Street","45588","2014","30","59.3","1.37","0.00","2.79","1.43","85","2.46","60","3.13","118","1.37","1.65"
"135","MLB","Dale Thayer","45591","2014","33","65.3","2.34","0.00","3.82","1.48","95","3.49","86","3.72","102","2.62","1.31"
"136","MLB","Jason Vargas","45595","2014","31","187.0","3.71","0.00","3.87","0.16","99","4.09","100","4.23","101","3.95","1.07"
"137","MLB","Homer Bailey","45612","2014","28","145.7","3.71","0.00","3.90","0.19","105","4.08","100","4.44","87","3.71","1.06"
"138","MLB","Justin Verlander","45613","2014","31","206.0","4.54","0.00","3.77","-0.77","99","4.11","101","4.00","109","4.98","0.87"
"139","MLB","Tim Stauffer","45617","2014","32","64.3","3.50","0.00","2.99","-0.50","91","4.99","122","3.18","117","3.50","1.09"
"140","MLB","Wandy Rodriguez","45618","2014","35","26.7","6.75","0.00","7.38","0.63","117","8.74","214","7.59","11","8.44","-0.10"
"141","MLB","Edinson Volquez","45621","2014","30","192.7","3.04","0.00","4.12","1.08","112","4.11","101","4.57","88","3.50","1.14"
"142","MLB","Scott Feldman","45622","2014","31","180.3","3.74","0.00","4.14","0.40","107","4.02","99","4.68","88","4.29","0.97"
"143","MLB","Burke Badenhop","45681","2014","31","70.7","2.29","0.00","3.10","0.81","101","3.28","80","3.69","114","2.55","1.40"
"144","MLB","Mike Carp","45790","2014","28","1.0","9.00","0.00","18.16","9.16","120","12.46","306","0.00","0","9.00","-0.05"
"145","MLB","Phil Coke","45832","2014","31","58.0","3.88","0.00","4.00","0.13","106","5.11","125","5.23","83","4.34","1.03"
"146","MLB","Samuel Deduno","45902","2014","30","100.7","4.47","0.00","4.34","-0.13","110","3.91","96","5.14","85","4.74","0.93"
"147","MLB","Steve Delabar","45913","2014","30","25.7","4.91","0.00","5.61","0.71","123","4.38","107","6.97","39","4.91","0.87"
"148","MLB","Ernesto Frieri","45918","2014","28","41.7","7.34","0.00","5.43","-1.92","97","6.54","160","6.06","50","7.34","0.19"
"149","MLB","Brian Duensing","45951","2014","31","54.3","3.31","0.00","4.54","1.23","114","3.61","88","4.84","92","3.31","1.26"
"150","MLB","Ryan Feierabend","46009","2014","28","7.3","6.14","0.00","2.89","-3.25","104","6.22","152","3.32","122","6.14","0.56"
"151","MLB","Felix Doubront","46026","2014","26","79.7","5.54","0.00","5.14","-0.39","121","6.26","154","6.14","55","6.10","0.56"
"152","MLB","J.A. Happ","46084","2014","31","158.0","4.22","0.00","4.29","0.08","106","4.59","113","4.76","90","4.50","0.96"
"153","MLB","Jeremy Hellickson","46155","2014","27","63.7","4.52","0.00","4.18","-0.34","101","5.50","135","4.20","95","4.95","0.76"
"154","MLB","Jair Jurrjens","46186","2014","28","9.3","10.61","0.00","8.03","-2.58","104","10.90","267","8.20","54","10.61","0.12"
"155","MLB","Casey Janssen","46193","2014","32","45.7","3.94","0.00","4.17","0.23","109","3.69","91","4.45","97","4.34","1.00"
"156","MLB","Sam LeCure","46239","2014","30","56.7","3.81","0.00","4.21","0.40","111","5.20","128","4.00","100","4.29","0.93"
"157","MLB","Michael Kirkman","46291","2014","27","5.7","1.59","0.00","3.69","2.10","104","4.09","100","3.29","120","1.59","1.61"
"158","MLB","Brandon Kintzler","46298","2014","29","58.3","3.24","0.00","4.65","1.41","116","5.06","124","6.17","50","3.39","1.17"
"159","MLB","John Lannan","46313","2014","29","4.0","15.75","0.00","13.35","-2.40","115","20.22","496","17.54","-272","15.75","-2.24"
"160","MLB","Ryan Mattheus","46338","2014","30","8.7","1.04","0.00","3.91","2.87","113","4.00","98","4.87","79","1.04","1.74"
"161","MLB","Eric O'Flaherty","46413","2014","29","20.0","2.25","0.00","4.51","2.26","104","4.33","106","3.42","112","2.25","1.42"
"162","MLB","Logan Ondrusek","46451","2014","29","41.0","5.49","0.00","3.88","-1.60","100","5.12","125","4.91","76","5.71","0.56"
"163","MLB","Felipe Paulino","46454","2014","30","18.3","11.29","0.00","8.01","-3.28","123","10.69","262","6.66","57","11.78","-0.54"
"164","MLB","Jon Niese","46468","2014","27","187.7","3.40","0.00","3.64","0.24","104","4.35","107","4.22","88","3.84","0.98"
"165","MLB","Edward Mujica","46483","2014","30","60.0","3.90","0.00","3.73","-0.17","99","4.90","120","4.26","99","4.20","1.01"
"166","MLB","Josh Outman","46496","2014","29","28.3","2.86","0.00","4.85","2.00","110","4.42","108","5.26","76","3.18","1.25"
"167","MLB","Yohan Pino","46591","2014","30","60.3","5.07","0.00","3.97","-1.10","96","3.97","97","4.16","104","5.52","0.73"
"168","MLB","Tony Sipp","46630","2014","30","50.7","3.38","0.00","2.96","-0.41","77","1.83","45","4.33","96","3.38","1.19"
"169","MLB","Kevin Slowey","46650","2014","30","37.3","5.30","0.00","3.75","-1.56","110","6.15","151","4.61","80","5.54","0.55"
"170","MLB","Joakim Soria","46711","2014","30","44.3","3.25","0.00","2.12","-1.13","73","2.65","65","2.62","140","3.86","1.11"
"171","MLB","Pedro Strop","46719","2014","29","61.0","2.21","0.00","2.63","0.41","84","2.29","56","2.92","126","2.80","1.29"
"172","MLB","Craig Stammen","46755","2014","30","72.7","3.84","0.00","3.16","-0.68","102","4.37","107","3.76","106","4.21","0.95"
"173","MLB","Anthony Swarzak","46761","2014","28","86.0","4.60","0.00","3.80","-0.81","105","4.06","100","4.65","97","5.02","0.89"
"174","MLB","Alfredo Aceves","46928","2014","31","19.3","6.52","0.00","6.32","-0.20","108","6.46","158","7.06","30","6.52","0.43"
"175","MLB","Trevor Bell","47068","2014","27","0.7","67.50","0.00","12.10","-55.40","110","46.48","1,140","8.38","-1","67.50","-14.23"
"176","MLB","Jerry Blevins","47078","2014","30","57.3","4.87","0.00","2.74","-2.13","86","2.95","72","3.37","117","4.87","0.80"
"177","MLB","Drew Butera","47155","2014","30","1.7","10.80","0.00","8.50","-2.30","100","8.07","198","11.90","-102","10.80","-0.74"
"178","MLB","Clay Buchholz","47160","2014","29","170.3","5.34","0.00","4.03","-1.30","103","4.49","110","4.65","91","5.71","0.66"
"179","MLB","Billy Buckner","47164","2014","30","5.7","4.76","0.00","6.10","1.34","112","8.09","198","4.16","79","4.76","0.61"
"180","MLB","Carlos Carrasco","47229","2014","27","134.0","2.55","0.00","2.47","-0.09","74","2.56","63","2.86","134","2.69","1.38"
"181","MLB","Xavier Cedeno","47243","2014","27","7.0","3.86","0.00","3.53","-0.33","102","6.00","147","3.26","118","5.14","0.70"
"182","MLB","Jesse Chavez","47279","2014","30","146.0","3.45","0.00","3.92","0.47","98","4.41","108","4.29","92","3.95","1.00"
"183","MLB","Matt Daley","47294","2014","32","14.3","5.02","0.00","6.86","1.83","114","5.73","141","7.00","27","6.91","0.29"
"184","MLB","Mike Dunn","47296","2014","29","57.0","3.16","0.00","3.03","-0.13","91","3.46","85","3.42","111","3.95","0.98"
"185","MLB","Wade Davis","47360","2014","28","72.0","1.00","0.00","1.22","0.22","52","1.39","34","1.63","162","1.00","1.76"
"186","MLB","Johnny Cueto","47415","2014","28","243.7","2.25","0.00","3.28","1.02","88","2.82","69","3.63","109","2.55","1.36"
"187","MLB","Darin Downs","47419","2014","29","34.7","5.45","0.00","4.26","-1.20","116","3.82","94","5.01","78","5.71","0.61"
"188","MLB","Miguel Gonzalez","47476","2014","30","159.0","3.23","0.00","4.92","1.69","120","4.97","122","4.73","86","3.45","1.17"
"189","MLB","Chris Gimenez","47575","2014","31","1.0","0.00","0.00","1.16","1.16","100","0.38","9","2.14","150","0.00","2.00"
"190","MLB","Yovani Gallardo","47591","2014","28","192.3","3.51","0.00","3.91","0.40","106","4.36","107","4.74","82","4.02","1.00"
"191","MLB","Marco Estrada","47658","2014","30","150.7","4.36","0.00","4.85","0.49","117","4.67","115","5.89","57","4.60","0.88"
"192","MLB","Juan Gutierrez","47699","2014","30","63.7","3.96","0.00","4.00","0.04","110","4.49","110","4.66","81","4.24","0.91"
"193","MLB","Jim Henderson","47758","2014","31","11.3","7.15","0.00","4.60","-2.54","86","6.94","170","4.97","77","7.94","0.04"
"194","MLB","Jarrett Grube","47833","2014","32","0.7","13.50","0.00","22.66","9.16","105","11.12","273","0.00","0","13.50","-1.59"
"195","MLB","Lucas Harrell","47836","2014","29","12.3","9.49","0.00","6.00","-3.49","112","8.40","206","6.74","44","10.22","-0.37"
"196","MLB","Javy Guerra","47851","2014","28","46.3","2.91","0.00","3.98","1.07","103","3.51","86","4.71","89","2.91","1.31"
"197","MLB","Phil Hughes","47865","2014","28","209.7","3.52","0.00","2.68","-0.84","70","3.05","75","3.16","129","3.78","1.15"
"198","MLB","Matt Harrison","47870","2014","28","17.3","4.15","0.00","5.01","0.85","123","5.71","140","5.05","70","4.15","0.93"
"199","MLB","Boone Logan","47921","2014","29","25.0","6.84","0.00","5.10","-1.74","95","6.56","161","5.63","80","7.20","0.47"
"200","MLB","Kenley Jansen","47965","2014","26","65.3","2.76","0.00","1.88","-0.88","61","3.07","75","2.14","143","2.76","1.26"
"201","MLB","Kyle Kendrick","48029","2014","29","199.0","4.61","0.00","4.54","-0.07","124","4.67","115","5.00","72","4.88","0.75"
"202","MLB","Martin Maldonado","48082","2014","27","1.0","0.00","0.00","3.10","3.10","104","3.33","82","3.18","124","0.00","2.00"
"203","MLB","Evan Meek","48112","2014","31","23.3","5.79","0.00","5.13","-0.65","113","6.13","150","5.43","69","6.17","0.51"
"204","MLB","Mark Lowe","48157","2014","31","7.0","3.86","0.00","7.73","3.87","107","10.48","257","5.86","60","9.00","-0.15"
"205","MLB","Sean Marshall","48179","2014","31","14.0","7.71","0.00","5.03","-2.68","120","10.00","245","4.45","87","9.00","-0.28"
"206","MLB","David Martinez","48217","2014","26","7.0","5.14","0.00","4.16","-0.98","101","2.56","63","3.98","102","5.14","0.74"
"207","MLB","Jake McGee","48219","2014","27","71.3","1.89","0.00","1.76","-0.13","60","1.81","44","1.86","154","1.89","1.53"
"208","MLB","Charlie Morton","48258","2014","30","157.3","3.72","0.00","3.69","-0.02","107","4.32","106","4.71","83","4.35","0.92"
"209","MLB","Jason Motte","48314","2014","32","25.0","4.68","0.00","6.46","1.78","115","6.32","155","6.59","43","5.04","0.80"
"210","MLB","Bobby Parnell","48365","2014","29","1.0","9.00","0.00","4.10","-4.90","104","11.13","273","2.90","121","9.00","-0.44"
"211","MLB","Troy Patton","48398","2014","28","14.0","5.14","0.00","4.20","-0.94","101","5.97","146","4.62","86","5.14","0.75"
"212","MLB","Franklin Morales","48448","2014","28","142.3","5.37","0.00","5.39","0.01","124","5.15","126","6.05","76","5.69","0.83"
"213","MLB","Todd Redmond","48532","2014","29","75.0","3.24","0.00","3.59","0.35","100","3.78","93","4.02","107","3.96","1.08"
"214","MLB","Glen Perkins","48557","2014","31","61.7","3.65","0.00","3.13","-0.52","77","3.48","85","3.83","115","4.23","1.06"
"215","MLB","Fernando Rodriguez","48657","2014","30","9.0","1.00","0.00","2.94","1.94","104","-0.86","-21","3.41","115","1.00","1.75"
"216","MLB","Chaz Roe","48658","2014","27","2.0","9.00","0.00","3.66","-5.34","103","11.90","292","3.08","124","13.50","-1.32"
"217","MLB","Cesar Ramos","48736","2014","30","82.7","3.70","0.00","4.27","0.57","109","4.05","99","4.63","83","4.25","0.93"
"218","MLB","Fernando Salas","48858","2014","29","58.7","3.38","0.00","2.96","-0.42","85","3.34","82","2.97","125","3.38","1.14"
"219","MLB","Carlos Villanueva","48961","2014","30","77.7","4.64","0.00","3.10","-1.53","92","4.48","110","3.52","112","4.87","0.78"
"220","MLB","Kevin Whelan","48987","2014","30","1.3","13.50","0.00","25.66","12.16","111","23.71","581","18.86","-248","13.50","-1.21"
"221","MLB","Aaron Thompson","49018","2014","27","7.3","2.45","0.00","2.34","-0.11","98","3.01","74","2.70","140","2.45","1.45"
"222","MLB","Raul Valdes","49043","2014","36","3.7","12.27","0.00","10.52","-1.75","107","14.17","347","11.84","-91","12.27","-1.01"
"223","MLB","Josh Wall","49044","2014","27","1.0","54.00","0.00","12.16","-41.84","114","31.82","780","10.97","-32","54.00","-9.40"
"224","MLB","Steve Tolleson","49084","2014","30","1.0","0.00","0.00","1.16","1.16","101","4.30","106","2.85","136","0.00","2.00"
"225","MLB","Carlos Torres","49107","2014","31","97.0","3.06","0.00","3.83","0.77","102","4.12","101","3.68","104","3.25","1.15"
"226","MLB","Donnie Veal","49122","2014","29","6.0","7.50","0.00","5.16","-2.34","112","6.48","159","3.46","123","7.50","0.33"
"227","MLB","Jered Weaver","49127","2014","31","213.3","3.59","0.00","4.22","0.63","111","3.93","96","4.59","84","3.67","1.08"
"228","MLB","Ryan Webb","49130","2014","28","49.3","3.83","0.00","2.98","-0.85","93","3.02","74","3.68","111","3.83","1.07"
"229","MLB","Travis Wood","49168","2014","27","173.7","5.03","0.00","4.35","-0.67","116","5.01","123","4.54","86","5.70","0.57"
"230","MLB","Wesley Wright","49178","2014","29","48.3","3.17","0.00","3.41","0.25","108","3.64","89","3.98","100","3.54","1.11"
"231","MLB","Brian Wilson","49215","2014","32","48.3","4.66","0.00","4.26","-0.39","107","5.96","146","4.09","94","4.84","0.75"
"232","MLB","Brad Ziegler","49218","2014","34","67.0","3.49","0.00","3.67","0.18","100","3.45","84","5.13","77","3.90","1.07"
"233","MLB","Matt Garza","49349","2014","30","163.3","3.64","0.00","3.51","-0.13","103","3.77","93","4.27","95","4.24","0.95"
"234","MLB","Sergio Romo","49543","2014","31","58.0","3.72","0.00","3.91","0.19","92","3.45","85","4.50","86","3.72","1.06"
"235","MLB","Joe Thatcher","49580","2014","32","30.3","3.86","0.00","3.41","-0.45","96","4.90","120","3.22","121","4.75","0.82"
"236","MLB","Mike Pelfrey","49616","2014","30","23.7","7.99","0.00","7.60","-0.39","134","7.00","172","8.05","18","8.75","0.02"
"237","MLB","Andrew Miller","49617","2014","29","62.3","2.02","0.00","1.54","-0.48","46","1.54","38","2.10","150","2.31","1.46"
"238","MLB","Pedro Figueroa","49686","2014","28","9.0","4.00","0.00","5.60","1.60","117","5.34","131","5.55","68","7.00","0.34"
"239","MLB","Fernando Abad","49706","2014","28","57.3","1.57","0.00","3.28","1.71","90","2.23","55","3.35","115","1.73","1.56"
"240","MLB","Luis Garcia","49727","2014","27","14.0","6.43","0.00","6.03","-0.40","123","6.20","152","6.32","37","7.71","0.01"
"241","MLB","Pedro Beato","49753","2014","27","4.3","0.00","0.00","3.79","3.79","111","2.42","59","3.43","105","0.00","2.00"
"242","MLB","Cory Rasmus","49758","2014","26","56.0","2.57","0.00","3.20","0.62","92","2.74","67","3.43","113","2.73","1.31"
"243","MLB","Neil Wagner","49760","2014","30","10.0","8.10","0.00","4.76","-3.34","113","6.66","163","6.45","55","8.10","0.18"
"244","MLB","Kyle Drabek","49765","2014","26","3.0","0.00","0.00","1.83","1.83","95","2.24","55","0.20","195","0.00","2.00"
"245","MLB","Justin Masterson","49766","2014","29","128.7","5.88","0.00","4.51","-1.36","117","5.66","139","4.83","84","6.30","0.50"
"246","MLB","Dellin Betances","49775","2014","26","90.0","1.40","0.00","1.67","0.27","47","1.22","30","1.91","154","1.50","1.64"
"247","MLB","Vin Mazzaro","49777","2014","27","10.3","3.48","0.00","6.01","2.52","110","4.54","111","5.27","70","3.48","1.14"
"248","MLB","Clayton Kershaw","49786","2014","26","198.3","1.77","0.00","1.78","0.01","53","2.39","59","2.40","138","1.91","1.51"
"249","MLB","Ivan Nova","49832","2014","27","20.7","8.27","0.00","6.93","-1.34","120","8.73","214","7.69","10","8.27","-0.05"
"250","MLB","Alexi Ogando","49910","2014","30","25.0","6.84","0.00","3.84","-3.00","109","5.10","125","4.54","94","6.84","0.41"
"251","MLB","Jhoulys Chacin","49925","2014","26","63.3","5.40","0.00","4.79","-0.61","115","4.15","102","5.88","75","5.40","0.85"
"252","MLB","Esmil Rogers","49957","2014","28","45.7","5.72","0.00","4.76","-0.96","106","5.19","127","4.85","84","5.91","0.59"
"253","MLB","Henry Rodriguez","49963","2014","27","1.7","10.80","0.00","10.90","0.10","118","14.32","351","13.39","-181","10.80","-1.07"
"254","MLB","Ryan Buchter","50058","2014","27","1.0","0.00","0.00","4.10","4.10","103","2.63","65","4.42","93","0.00","2.00"
"255","MLB","Chris Tillman","50062","2014","26","207.3","3.34","0.00","4.04","0.70","105","3.76","92","4.51","91","3.60","1.13"
"256","MLB","Travis Snider","50073","2014","26","1.0","18.00","0.00","7.10","-10.90","106","9.20","225","8.43","-8","18.00","-2.43"
"257","MLB","George Kontos","50087","2014","29","32.3","2.78","0.00","2.86","0.07","99","2.91","71","2.96","125","2.78","1.29"
"258","MLB","Jeremy Jeffress","50094","2014","26","32.0","2.81","0.00","2.83","0.01","94","4.20","103","2.93","127","2.81","1.29"
"259","MLB","Blake Wood","50095","2014","28","6.3","7.11","0.00","4.74","-2.37","105","3.56","87","6.38","49","7.11","0.32"
"260","MLB","Bud Norris","50098","2014","29","165.3","3.65","0.00","4.25","0.60","103","4.18","103","4.53","89","3.70","1.10"
"261","MLB","Chris Archer","50101","2014","25","194.7","3.33","0.00","3.42","0.09","94","3.58","88","4.08","99","3.93","1.03"
"262","MLB","Jeff Locke","50102","2014","26","131.3","3.91","0.00","4.34","0.43","112","4.67","115","5.07","76","4.32","0.95"
"263","MLB","Zach McAllister","50118","2014","26","86.0","5.23","0.00","3.47","-1.76","97","4.80","118","4.48","95","5.65","0.68"
"264","MLB","Josh Stinson","50146","2014","26","13.0","6.23","0.00","6.08","-0.15","115","6.19","152","7.45","26","6.23","0.54"
"265","MLB","Zach Britton","50155","2014","26","76.3","1.65","0.00","3.16","1.51","92","2.10","51","4.90","81","2.00","1.51"
"266","MLB","Alex Cobb","50167","2014","26","166.3","2.87","0.00","3.26","0.39","89","3.41","84","4.34","92","3.03","1.24"
"267","MLB","Jeff Samardzija","50175","2014","29","219.7","2.99","0.00","3.20","0.21","87","3.38","83","4.04","97","3.52","1.10"
"268","MLB","Trevor Cahill","50199","2014","26","110.7","5.61","0.00","3.86","-1.75","109","5.23","128","4.27","98","6.18","0.52"
"269","MLB","Nathan Adcock","50210","2014","26","10.0","4.50","0.00","6.06","1.56","107","5.98","147","5.29","76","4.50","0.94"
"270","MLB","Casey Fien","50215","2014","30","63.3","3.98","0.00","3.46","-0.52","90","3.22","79","3.19","129","4.12","1.08"
"271","MLB","David Carpenter","50224","2014","28","61.0","3.54","0.00","2.91","-0.64","90","4.10","100","3.17","116","3.98","0.94"
"272","MLB","Luke Gregerson","50258","2014","30","72.3","2.12","0.00","3.27","1.16","89","2.89","71","4.17","93","2.49","1.36"
"273","MLB","Jorge Rondon","50374","2014","26","1.0","0.00","0.00","6.10","6.10","107","1.55","38","4.71","69","0.00","2.00"
"274","MLB","Wily Peralta","50538","2014","25","198.7","3.53","0.00","4.08","0.55","109","4.20","103","4.93","81","3.99","1.03"
"275","MLB","Darren O'Day","50555","2014","31","68.7","1.70","0.00","3.35","1.65","82","2.68","66","3.92","104","1.83","1.55"
"276","MLB","Michael Pineda","50704","2014","25","76.3","1.89","0.00","2.74","0.85","83","1.83","45","3.36","119","2.12","1.49"
"277","MLB","Jorge De Leon","50803","2014","26","7.3","4.91","0.00","6.84","1.93","112","8.15","200","7.86","5","4.91","0.78"
"278","MLB","Luis Avilan","50866","2014","24","43.3","4.57","0.00","4.21","-0.36","120","4.99","122","4.79","74","4.57","0.80"
"279","MLB","Jose Alvarez","50878","2014","25","0.7","0.00","0.00","0.16","0.16","100","4.81","118","-0.10","203","0.00","2.00"
"280","MLB","Cesar Cabral","50880","2014","25","1.0","27.00","0.00","14.16","-12.84","108","34.22","839","6.62","32","27.00","-4.83"
"281","MLB","Will Harris","51032","2014","29","29.0","4.34","0.00","3.17","-1.17","84","4.09","100","3.31","121","4.34","0.96"
"282","MLB","Chris Hatcher","51061","2014","29","56.0","3.38","0.00","2.53","-0.84","84","3.01","74","3.30","116","3.54","1.10"
"283","MLB","Joe Smith","51129","2014","30","74.7","1.81","0.00","2.88","1.07","85","2.16","53","3.91","102","1.93","1.52"
"284","MLB","Neftali Feliz","51190","2014","26","31.7","1.99","0.00","4.93","2.94","110","2.52","62","5.17","75","1.99","1.52"
"285","MLB","Arquimedes Caminero","51195","2014","27","6.7","10.80","0.00","6.40","-4.40","103","7.91","194","9.73","-48","10.80","-0.76"
"286","MLB","Tsuyoshi Wada","51334","2014","33","69.3","3.25","0.00","3.72","0.48","100","4.37","107","3.72","105","3.63","1.07"
"287","MLB","Adam Ottavino","51434","2014","28","65.0","3.60","0.00","3.07","-0.53","81","3.16","78","3.93","119","3.60","1.26"
"288","MLB","Francisley Bueno","51505","2014","33","32.3","4.18","0.00","3.87","-0.30","105","4.64","114","4.66","92","4.45","0.97"
"289","MLB","Yoervis Medina","51591","2014","25","57.0","2.68","0.00","3.48","0.79","99","4.14","102","3.93","95","2.84","1.24"
"290","MLB","Jose Quintana","51645","2014","25","200.3","3.32","0.00","2.84","-0.48","82","3.37","83","3.16","126","3.91","1.08"
"291","MLB","Lester Oliveros","51681","2014","26","6.3","7.11","0.00","7.11","0.00","107","5.93","145","7.67","35","7.11","0.47"
"292","MLB","Jeanmar Gomez","51862","2014","26","62.0","3.19","0.00","4.34","1.15","111","5.47","134","4.84","81","3.48","1.14"
"293","MLB","Brooks Brown","51924","2014","29","26.0","2.77","0.00","3.68","0.91","92","1.68","41","5.60","90","3.12","1.39"
"294","MLB","Jared Hughes","51927","2014","28","64.3","1.96","0.00","3.96","2.00","110","3.49","86","4.35","92","2.94","1.27"
"295","MLB","Brad Lincoln","51929","2014","29","2.3","11.57","0.00","8.25","-3.33","105","16.51","405","9.89","-56","11.57","-0.99"
"296","MLB","Chris Perez","51934","2014","28","46.3","4.27","0.00","5.05","0.77","120","4.56","112","5.57","62","4.47","0.90"
"297","MLB","Kris Johnson","51948","2014","29","13.3","4.73","0.00","5.33","0.61","109","6.49","159","5.20","97","4.73","1.06"
"298","MLB","Jeff Manship","51950","2014","29","23.0","6.65","0.00","4.10","-2.55","114","5.01","123","5.12","69","6.65","0.30"
"299","MLB","Wade LeBlanc","51959","2014","29","29.7","3.94","0.00","3.53","-0.41","99","3.23","79","4.09","95","3.94","0.99"
"300","MLB","Blake Parker","51962","2014","29","21.0","5.14","0.00","3.25","-1.90","90","5.52","135","4.27","91","5.57","0.57"
"301","MLB","David Huff","51966","2014","29","59.0","3.36","0.00","4.14","0.78","114","3.91","96","3.99","102","3.81","1.07"
"302","MLB","Tim Lincecum","51967","2014","30","155.7","4.74","0.00","4.28","-0.46","119","5.51","135","5.09","66","4.97","0.69"
"303","MLB","Sean O'Sullivan","51986","2014","26","12.7","6.39","0.00","5.55","-0.84","114","6.32","155","6.42","34","6.39","0.34"
"304","MLB","Jon Edwards","51990","2014","26","8.3","4.32","0.00","3.16","-1.16","103","6.46","158","2.30","143","5.40","0.65"
"305","MLB","Bryan Morris","51993","2014","27","64.3","1.82","0.00","4.07","2.25","105","3.73","91","4.48","87","2.38","1.40"
"306","MLB","Hector Ambriz","52005","2014","30","2.0","4.50","0.00","5.10","0.60","107","7.55","185","5.48","41","9.00","-0.62"
"307","MLB","Josh Tomlin","52032","2014","29","104.0","4.76","0.00","4.03","-0.72","92","5.09","125","4.93","84","5.71","0.65"
"308","MLB","John Holdzkom","52034","2014","26","9.0","2.00","0.00","2.10","0.10","82","0.82","20","3.40","114","2.00","1.49"
"309","MLB","Anthony Varvaro","52044","2014","29","54.7","2.63","0.00","3.18","0.54","97","3.27","80","3.49","108","2.96","1.22"
"310","MLB","Chris Leroux","52057","2014","30","2.0","22.50","0.00","3.16","-19.34","101","12.88","316","2.23","145","22.50","-3.54"
"311","MLB","Juan Jaime","52076","2014","26","12.3","5.84","0.00","3.67","-2.17","101","6.44","158","3.83","96","5.84","0.42"
"312","MLB","Mark Melancon","52231","2014","29","71.0","1.90","0.00","2.06","0.16","75","1.96","48","3.13","122","1.90","1.52"
"313","MLB","Brandon Morrow","52232","2014","29","33.3","5.67","0.00","3.76","-1.91","109","5.75","141","4.46","96","5.67","0.68"
"314","MLB","Hector Rondon","52251","2014","26","63.3","2.42","0.00","2.23","-0.18","85","2.31","57","3.05","123","2.98","1.24"
"315","MLB","Jaime Garcia","52254","2014","27","43.7","4.12","0.00","3.79","-0.33","90","4.07","100","4.64","89","4.12","1.01"
"316","MLB","Erik Cordier","52282","2014","28","6.0","1.50","0.00","2.60","1.10","94","4.52","111","2.93","126","6.00","0.49"
"317","MLB","Daniel McCutchen","52320","2014","31","2.3","7.71","0.00","11.30","3.59","114","19.03","467","11.63","-108","11.57","-1.06"
"318","MLB","Doug Fister","52353","2014","30","164.0","2.41","0.00","3.90","1.49","109","3.73","92","4.70","84","2.85","1.30"
"319","MLB","Antonio Bastardo","52360","2014","28","64.0","3.94","0.00","3.07","-0.87","91","3.34","82","4.25","90","4.36","0.87"
"320","MLB","Hector Noesi","52416","2014","27","172.3","4.75","0.00","4.85","0.10","120","4.57","112","5.37","73","5.12","0.79"
"321","MLB","Alfredo Figaro","52453","2014","29","8.7","7.27","0.00","4.60","-2.67","99","6.39","157","5.09","74","7.27","0.20"
"322","MLB","Yohan Flande","52458","2014","28","59.0","5.19","0.00","3.97","-1.22","107","3.07","75","5.86","78","5.19","0.92"
"323","MLB","Al Alburquerque","52489","2014","28","57.3","2.51","0.00","3.81","1.29","89","2.98","73","4.31","104","2.51","1.44"
"324","MLB","Alex Torres","52546","2014","26","54.0","3.33","0.00","3.70","0.36","114","4.50","110","4.37","86","4.17","0.91"
"325","MLB","Ian Kennedy","52572","2014","29","201.0","3.63","0.00","3.18","-0.44","95","4.27","105","3.42","108","3.81","0.97"
"326","MLB","J.P. Arencibia","52678","2014","28","1.0","0.00","0.00","3.16","3.16","104","1.94","48","3.22","124","0.00","2.00"
"327","MLB","Jake Arrieta","52691","2014","28","156.7","2.53","0.00","2.23","-0.30","76","2.33","57","2.87","128","2.64","1.34"
"328","MLB","Aroldis Chapman","53014","2014","26","54.0","2.00","0.00","0.86","-1.14","39","1.39","34","1.73","156","2.00","1.50"
"329","MLB","Wei-Yin Chen","53026","2014","28","185.7","3.54","0.00","3.92","0.38","97","4.34","106","4.12","100","3.73","1.09"
"330","MLB","Yu Darvish","53155","2014","27","144.3","3.06","0.00","2.87","-0.19","72","3.59","88","2.91","130","3.37","1.19"
"331","MLB","Dane De La Rosa","53182","2014","31","2.3","11.57","0.00","7.02","-4.55","113","6.86","168","7.50","10","11.57","-0.93"
"332","MLB","Sean Doolittle","53253","2014","27","62.7","2.73","0.00","1.74","-0.99","51","1.77","43","2.45","137","2.73","1.29"
"333","MLB","Nick Hagadone","53610","2014","28","23.3","2.70","0.00","3.29","0.59","86","3.07","75","3.33","123","2.70","1.38"
"334","MLB","Yoslan Herrera","53698","2014","33","16.7","2.70","0.00","3.22","0.52","106","6.34","155","3.11","123","2.70","1.33"
"335","MLB","Chris Martin","54159","2014","28","15.7","6.89","0.00","3.74","-3.15","99","5.91","145","4.35","106","6.89","0.51"
"336","MLB","David Price","54694","2014","28","248.3","3.26","0.00","2.81","-0.46","70","3.33","82","3.49","115","3.62","1.12"
"337","MLB","Andrew Romine","54877","2014","28","1.0","27.00","0.00","27.16","0.16","104","29.44","722","17.14","-166","27.00","-3.77"
"338","MLB","James Russell","54912","2014","28","57.7","2.97","0.00","3.41","0.45","106","2.45","60","3.74","104","3.12","1.19"
"339","MLB","Joe Savery","54995","2014","28","4.0","0.00","0.00","3.91","3.91","110","2.35","58","4.01","101","0.00","2.00"
"340","MLB","John Axford","55512","2014","31","54.7","3.95","0.00","4.36","0.40","106","3.98","98","5.16","78","4.28","0.98"
"341","MLB","Pedro Baez","55520","2014","26","24.0","2.63","0.00","3.85","1.23","105","2.58","63","3.92","98","2.63","1.31"
"342","MLB","Bruce Billings","55579","2014","28","4.0","9.00","0.00","6.91","-2.09","93","8.54","209","8.75","-15","9.00","-0.22"
"343","MLB","Brett Cecil","55695","2014","27","53.3","2.70","0.00","2.37","-0.33","77","2.96","73","2.29","147","2.70","1.37"
"344","MLB","Joba Chamberlain","55707","2014","28","63.0","3.57","0.00","3.19","-0.38","91","3.17","78","4.17","106","3.71","1.17"
"345","MLB","Steve Cishek","55725","2014","28","65.3","3.17","0.00","2.14","-1.03","73","3.43","84","2.63","132","3.58","1.08"
"346","MLB","Maikel Cleto","55729","2014","25","29.3","4.60","0.00","4.97","0.36","114","5.26","129","5.63","70","5.52","0.73"
"347","MLB","Josh Collmenter","55734","2014","28","179.3","3.46","0.00","3.84","0.38","109","3.79","93","4.47","92","3.76","1.09"
"348","MLB","Alex Colome","55735","2014","25","23.7","2.66","0.00","3.88","1.22","113","3.06","75","4.81","82","2.66","1.35"
"349","MLB","Justin De Fratus","55795","2014","26","52.7","2.39","0.00","3.08","0.69","94","3.33","82","3.05","121","3.25","1.16"
"350","MLB","Daniel Descalso","55831","2014","27","0.3","0.00","0.00","3.10","3.10","104","2.94","72","0.00","0","0.00","2.00"
"351","MLB","Jake Diekman","55842","2014","27","71.0","3.80","0.00","2.62","-1.18","79","4.02","99","2.69","131","4.56","0.83"
"352","MLB","Dario Alvarez","55880","2014","25","1.3","13.50","0.00","11.35","-2.15","104","18.27","448","11.45","-109","13.50","-1.64"
"353","MLB","Henderson Alvarez","55886","2014","24","187.0","2.65","0.00","3.55","0.90","106","3.94","97","4.36","88","3.13","1.20"
"354","MLB","Dylan Axelrod","55929","2014","28","18.3","2.95","0.00","5.12","2.18","95","4.21","103","5.08","88","2.95","1.35"
"355","MLB","Tommy Layne","55935","2014","29","19.0","0.95","0.00","3.11","2.16","105","3.11","76","4.27","99","1.89","1.55"
"356","MLB","Wilton Lopez","55973","2014","30","6.3","11.37","0.00","8.00","-3.37","107","15.10","370","6.68","61","11.37","-0.36"
"357","MLB","Josh Lueke","55992","2014","29","30.3","5.64","0.00","5.50","-0.14","111","6.30","154","5.75","53","5.93","0.48"
"358","MLB","Patrick McCoy","56074","2014","25","14.0","3.86","0.00","4.37","0.52","114","6.57","161","4.23","107","3.86","1.15"
"359","MLB","Jenrry Mejia","56089","2014","24","93.7","3.65","0.00","3.70","0.05","97","4.79","118","3.79","102","3.94","0.98"
"360","MLB","Brad Mills","56121","2014","29","20.7","9.15","0.00","6.35","-2.79","112","8.73","214","7.29","20","9.58","-0.39"
"361","MLB","Danny Duffy","56197","2014","25","149.3","2.53","0.00","3.86","1.33","104","3.32","81","4.52","96","3.13","1.28"
"362","MLB","Carlos Frias","56292","2014","24","32.3","6.12","0.00","3.57","-2.56","99","3.62","89","4.47","83","6.12","0.39"
"363","MLB","Charlie Furbush","56302","2014","28","42.3","3.61","0.00","2.83","-0.79","83","4.13","101","2.70","127","3.61","1.02"
"364","MLB","Dillon Gee","56334","2014","28","137.3","4.00","0.00","4.49","0.49","118","4.44","109","4.82","75","4.00","0.96"
"365","MLB","Brandon Gomes","56355","2014","29","34.0","3.71","0.00","4.63","0.92","108","4.11","101","5.74","56","3.71","1.07"
"366","MLB","Liam Hendriks","56426","2014","25","32.7","5.23","0.00","3.86","-1.37","105","5.70","140","5.08","82","5.79","0.64"
"367","MLB","Kelvin Herrera","56449","2014","24","70.0","1.41","0.00","2.72","1.30","97","2.41","59","2.85","133","1.54","1.64"
"368","MLB","Derek Holland","56468","2014","27","37.0","1.46","0.00","2.21","0.75","88","3.18","78","2.34","144","1.95","1.53"
"369","MLB","Nate Jones","56519","2014","28","0.0","0.00","0.00","0.00","0.00","116","14.04","344","0.00","0","0.00","0.00"
"370","MLB","Shawn Kelley","56533","2014","30","51.7","4.53","0.00","3.04","-1.49","77","2.84","70","3.65","111","4.53","0.90"
"371","MLB","Mat Latos","56580","2014","26","102.3","3.25","0.00","3.62","0.37","103","3.65","90","4.05","99","3.69","1.08"
"372","MLB","Andre Rienzo","56638","2014","25","64.7","6.82","0.00","5.76","-1.06","123","6.80","167","6.11","57","7.52","0.24"
"373","MLB","Wilking Rodriguez","56674","2014","24","2.0","0.00","0.00","3.66","3.66","103","2.73","67","4.01","106","0.00","2.00"
"374","MLB","Danny Salazar","56723","2014","24","110.0","4.25","0.00","3.55","-0.70","88","4.42","108","4.09","106","4.66","0.92"
"375","MLB","Hector Santiago","56742","2014","26","127.3","3.75","0.00","4.31","0.57","113","4.79","118","4.64","83","4.45","0.88"
"376","MLB","Max Scherzer","56753","2014","29","220.3","3.15","0.00","2.87","-0.27","72","3.02","74","3.11","129","3.27","1.26"
"377","MLB","Evan Scribner","56759","2014","28","11.7","4.63","0.00","5.99","1.36","98","4.76","117","6.69","29","4.63","0.82"
"378","MLB","Jordan Walden","56948","2014","26","50.0","2.88","0.00","2.76","-0.12","94","2.57","63","3.29","113","3.06","1.19"
"379","MLB","Tony Watson","56957","2014","29","77.3","1.63","0.00","2.66","1.03","78","3.33","82","2.87","129","1.86","1.54"
"380","MLB","Matthew West","56963","2014","25","4.0","6.75","0.00","2.41","-4.34","101","4.73","116","2.94","132","6.75","0.45"
"381","MLB","Steven Wright","56987","2014","29","21.0","2.57","0.00","2.87","0.30","90","3.45","85","3.30","123","3.43","1.20"
"382","MLB","Juan Nicasio","57000","2014","27","93.7","5.38","0.00","5.42","0.04","120","5.38","132","6.11","73","5.67","0.83"
"383","MLB","Jose Ortega","57042","2014","25","1.3","27.00","0.00","12.91","-14.09","119","9.41","231","20.36","-235","27.00","-3.77"
"384","MLB","Dan Otero","57047","2014","29","86.7","2.28","0.00","3.31","1.03","99","3.38","83","3.92","100","2.49","1.37"
"385","MLB","Curtis Partch","57072","2014","27","7.0","0.00","0.00","4.39","4.39","111","0.36","9","3.19","120","0.00","2.00"
"386","MLB","Brad Peacock","57086","2014","26","131.7","4.72","0.00","5.01","0.30","117","5.25","129","5.22","75","5.47","0.69"
"387","MLB","Vinnie Pestano","57123","2014","29","18.7","2.89","0.00","3.27","0.37","84","4.92","121","2.48","140","3.86","1.07"
"388","MLB","Stolmy Pimentel","57134","2014","24","32.7","5.23","0.00","4.42","-0.82","98","5.38","132","4.46","91","5.23","0.72"
"389","MLB","Aaron Poreda","57147","2014","27","21.3","5.91","0.00","3.53","-2.37","95","6.78","166","3.61","114","5.91","0.60"
"390","MLB","Jordan Zimmermann","57163","2014","28","199.7","2.66","0.00","2.65","-0.01","83","3.37","83","3.25","119","3.02","1.25"
"391","MLB","Randall Delgado","57181","2014","24","77.7","4.87","0.00","3.36","-1.51","96","3.66","90","4.03","105","5.10","0.79"
"392","MLB","David Robertson","57235","2014","29","64.3","3.08","0.00","2.71","-0.37","67","2.67","65","3.05","126","3.22","1.22"
"393","MLB","Brett Anderson","57286","2014","26","43.3","2.91","0.00","2.96","0.06","96","3.30","81","3.44","127","3.74","1.21"
"394","MLB","Brian Schlitter","57320","2014","28","56.3","4.15","0.00","3.58","-0.57","115","3.53","87","4.74","81","4.63","0.84"
"395","MLB","Tommy Hunter","57403","2014","27","60.7","2.97","0.00","3.18","0.21","92","3.52","86","3.85","106","3.26","1.21"
"396","MLB","Corey Kluber","57424","2014","28","235.7","2.44","0.00","2.37","-0.07","64","2.82","69","2.84","134","2.75","1.36"
"397","MLB","Matt Moore","57473","2014","25","10.0","2.70","0.00","4.76","2.06","108","5.14","126","4.48","87","2.70","1.32"
"398","MLB","Mitch Moreland","57476","2014","28","1.0","0.00","0.00","3.16","3.16","103","0.22","5","3.83","134","0.00","2.00"
"399","MLB","Rudy Owens","57485","2014","26","5.7","7.94","0.00","6.69","-1.25","119","9.77","240","6.19","18","7.94","-0.34"
"400","MLB","Luke Putkonen","57500","2014","28","2.7","27.00","0.00","15.53","-11.47","113","21.95","538","15.96","-165","27.00","-4.18"
"401","MLB","Marc Rzepczynski","57529","2014","28","46.0","2.74","0.00","2.88","0.14","96","3.31","81","3.22","124","3.72","1.12"
"402","MLB","Hunter Strickland","57557","2014","25","7.0","0.00","0.00","0.53","0.53","86","0.63","15","1.49","166","0.00","2.00"
"403","MLB","Chris Withrow","57584","2014","25","21.3","2.95","0.00","3.76","0.81","106","2.90","71","4.37","85","3.38","1.11"
"404","MLB","Danny Worth","57586","2014","28","2.0","4.50","0.00","1.16","-3.34","99","8.05","197","2.31","151","4.50","1.05"
"405","MLB","Pedro Hernandez","57590","2014","25","5.7","4.76","0.00","3.98","-0.78","115","3.28","81","6.95","22","4.76","0.78"
"406","MLB","Joe Paterson","57598","2014","28","1.3","33.75","0.00","7.60","-26.15","108","19.56","480","11.47","-17","33.75","-4.38"
"407","MLB","Rubby De La Rosa","57608","2014","25","101.7","4.43","0.00","4.33","-0.10","108","5.36","131","4.89","85","4.51","0.94"
"408","MLB","Jose Dominguez","57610","2014","23","6.3","11.37","0.00","6.58","-4.79","100","8.25","202","7.70","-7","11.37","-1.05"
"409","MLB","Evan Reed","57618","2014","28","32.3","4.18","0.00","3.75","-0.43","102","5.41","133","3.97","112","5.29","0.83"
"410","MLB","Scott Carroll","57667","2014","29","129.3","4.80","0.00","4.80","-0.00","122","5.14","126","6.01","59","5.64","0.68"
"411","MLB","Tim Collins","57679","2014","24","21.0","3.86","0.00","4.83","0.97","115","4.19","103","5.12","78","3.86","1.08"
"412","MLB","Ross Detwiler","57701","2014","28","63.0","4.00","0.00","4.13","0.13","113","4.94","121","4.75","80","4.86","0.78"
"413","MLB","Greg Holland","57708","2014","28","62.3","1.44","0.00","1.86","0.42","61","1.81","44","2.43","142","1.88","1.55"
"414","MLB","Phillippe Aumont","57739","2014","25","5.7","19.06","0.00","10.51","-8.54","114","19.33","474","11.81","-100","19.06","-2.85"
"415","MLB","Blake Beavan","57741","2014","25","4.0","4.50","0.00","9.16","4.66","108","11.40","280","8.21","8","4.50","0.95"
"416","MLB","Madison Bumgarner","57743","2014","24","217.3","2.98","0.00","3.02","0.04","82","3.95","97","3.76","105","3.35","1.15"
"417","MLB","Rick Porcello","57745","2014","25","204.7","3.43","0.00","3.70","0.27","96","3.91","96","4.36","101","3.91","1.12"
"418","MLB","Ryan Cook","57750","2014","27","50.0","3.42","0.00","3.38","-0.04","96","2.61","64","4.51","85","3.42","1.13"
"419","MLB","Nathan Eovaldi","57820","2014","24","199.7","4.37","0.00","3.34","-1.03","101","4.24","104","3.97","97","4.82","0.75"
"420","MLB","Danny Farquhar","57827","2014","27","71.0","2.66","0.00","2.89","0.23","86","3.72","91","3.25","114","2.92","1.23"
"421","MLB","Stephen Fife","57836","2014","27","6.0","6.00","0.00","8.94","2.94","106","8.53","209","10.32","-69","6.00","0.44"
"422","MLB","Eric Fornataro","57853","2014","26","9.7","4.66","0.00","3.10","-1.55","110","3.08","75","4.11","95","5.59","0.58"
"423","MLB","Sam Freeman","57860","2014","27","38.0","2.61","0.00","3.76","1.16","106","3.70","91","3.67","111","3.08","1.26"
"424","MLB","Christian Friedrich","57866","2014","26","24.3","5.92","0.00","3.97","-1.95","92","4.43","109","4.42","107","7.77","0.37"
"425","MLB","Leury Garcia","57884","2014","23","1.0","18.00","0.00","9.16","-8.84","111","8.34","204","6.91","38","18.00","-2.23"
"426","MLB","Brad Hand","57938","2014","24","111.0","4.38","0.00","4.17","-0.20","119","4.41","108","5.15","70","4.54","0.85"
"427","MLB","Blaine Hardy","57948","2014","27","39.0","2.54","0.00","3.52","0.98","105","2.37","58","3.50","122","2.77","1.39"
"428","MLB","J.J. Hoover","57985","2014","26","62.7","4.88","0.00","4.94","0.05","104","5.21","128","5.18","70","5.17","0.71"
"429","MLB","Daniel Hudson","57996","2014","27","2.7","13.50","0.00","1.60","-11.90","102","5.31","130","1.07","172","13.50","-1.52"
"430","MLB","Dean Anna","58021","2014","27","1.0","18.00","0.00","3.16","-14.84","105","11.79","289","4.65","77","18.00","-2.76"
"431","MLB","Jeff Beliveau","58059","2014","27","24.0","2.63","0.00","2.49","-0.13","85","2.61","64","2.32","142","2.63","1.34"
"432","MLB","Brad Brach","58089","2014","28","62.3","3.18","0.00","3.93","0.75","103","3.24","79","4.38","95","3.47","1.16"
"433","MLB","Drake Britton","58100","2014","25","6.7","0.00","0.00","2.86","2.86","105","1.33","33","3.05","130","0.00","2.00"
"434","MLB","Andrew Cashner","58136","2014","27","123.3","2.55","0.00","3.06","0.51","98","4.09","100","3.85","94","3.06","1.16"
"435","MLB","Paul Clemens","58152","2014","26","24.7","5.84","0.00","6.20","0.36","118","6.43","158","6.70","39","7.30","0.25"
"436","MLB","Joe Wieland","58178","2014","24","11.3","7.15","0.00","6.46","-0.69","114","8.01","197","6.92","32","7.15","0.27"
"437","MLB","Rob Wooten","58193","2014","28","34.3","4.72","0.00","2.58","-2.14","97","5.17","127","3.84","107","4.72","0.85"
"438","MLB","Vance Worley","58195","2014","26","110.7","2.85","0.00","3.41","0.56","100","4.52","111","4.14","98","3.50","1.13"
"439","MLB","Steven Geltz","58219","2014","26","8.3","3.24","0.00","7.00","3.76","93","6.96","171","9.64","-41","3.24","1.19"
"440","MLB","Tyler Chatwood","58241","2014","24","24.0","4.50","0.00","4.85","0.35","104","3.75","92","6.49","65","4.88","0.99"
"441","MLB","Justin Miller","58260","2014","27","12.3","5.11","0.00","4.94","-0.16","112","5.46","134","6.36","60","6.57","0.56"
"442","MLB","David Phelps","58268","2014","27","113.0","4.38","0.00","4.43","0.05","110","4.58","112","4.81","85","4.94","0.82"
"443","MLB","Will Smith","58281","2014","24","65.7","3.70","0.00","3.22","-0.48","82","4.82","118","3.27","120","4.25","0.96"
"444","MLB","Nick Vincent","58289","2014","27","55.0","3.60","0.00","2.74","-0.86","82","3.30","81","2.77","126","3.60","1.04"
"445","MLB","Dan Jennings","58318","2014","27","40.3","1.34","0.00","3.45","2.11","104","4.64","114","3.68","105","2.45","1.37"
"446","MLB","Craig Kimbrel","58350","2014","26","61.7","1.61","0.00","1.81","0.20","69","1.51","37","2.14","144","1.90","1.50"
"447","MLB","Tom Koehler","58356","2014","28","191.3","3.81","0.00","3.81","0.00","112","3.88","95","4.39","88","3.95","0.99"
"448","MLB","Michael Kohn","58357","2014","28","23.7","3.04","0.00","4.30","1.26","112","3.35","82","4.94","76","3.42","1.14"
"449","MLB","Bobby LaFromboise","58369","2014","28","3.7","2.45","0.00","4.47","2.01","97","4.66","114","9.85","-61","2.45","1.35"
"450","MLB","Josh Lindblom","58386","2014","27","4.7","3.86","0.00","7.02","3.16","107","7.74","190","7.50","0","3.86","0.97"
"451","MLB","Lucas Luetge","58404","2014","27","9.0","5.00","0.00","7.60","2.60","112","6.22","152","8.40","-18","5.00","0.70"
"452","MLB","Jordan Lyles","58407","2014","23","126.7","4.33","0.00","4.19","-0.14","111","4.18","102","4.70","98","4.55","1.02"
"453","MLB","Lance Lynn","58410","2014","27","203.7","2.74","0.00","3.32","0.58","95","3.61","88","3.63","113","3.18","1.23"
"454","MLB","T.J. McFarland","58436","2014","25","58.7","2.76","0.00","3.31","0.55","103","4.72","116","4.48","91","3.38","1.18"
"455","MLB","Collin McHugh","58441","2014","27","154.7","2.73","0.00","3.13","0.40","81","2.79","68","3.55","114","3.08","1.25"
"456","MLB","Wade Miley","58453","2014","27","201.3","4.34","0.00","3.95","-0.39","104","4.23","104","4.79","85","4.60","0.89"
"457","MLB","Tommy Milone","58459","2014","27","118.0","4.19","0.00","4.72","0.52","113","5.18","127","4.71","82","4.81","0.81"
"458","MLB","Brett Oberholtzer","58503","2014","24","143.7","4.39","0.00","3.58","-0.80","97","4.40","108","3.92","105","4.57","0.89"
"459","MLB","Jake Odorizzi","58507","2014","24","168.0","4.13","0.00","3.78","-0.35","96","4.32","106","3.73","105","4.23","0.92"
"460","MLB","Martin Perez","58533","2014","23","51.3","4.38","0.00","3.72","-0.66","103","4.46","109","4.43","99","4.38","1.00"
"461","MLB","Jonathan Pettibone","58538","2014","23","9.0","9.00","0.00","5.66","-3.34","111","7.04","173","6.70","57","10.00","-0.14"
"462","MLB","Ryan Pressly","58552","2014","25","28.3","2.86","0.00","4.50","1.64","109","3.81","93","4.45","101","3.18","1.29"
"463","MLB","Bryan Price","58555","2014","27","2.7","20.25","0.00","20.41","0.16","116","31.66","776","14.99","-145","20.25","-2.66"
"464","MLB","Zach Putnam","58563","2014","26","54.7","1.98","0.00","3.10","1.13","97","2.14","53","3.45","118","2.30","1.46"
"465","MLB","Neil Ramirez","58568","2014","25","43.7","1.44","0.00","2.58","1.13","86","2.25","55","2.69","132","2.27","1.43"
"466","MLB","Tyson Ross","58617","2014","27","195.7","2.81","0.00","3.22","0.41","95","3.99","98","4.05","93","3.45","1.09"
"467","MLB","Bo Schultz","58646","2014","28","8.0","7.88","0.00","3.85","-4.02","101","7.24","178","6.57","44","7.88","0.13"
"468","MLB","Bryan Shaw","58661","2014","26","76.3","2.59","0.00","3.45","0.85","96","2.85","70","3.82","111","3.07","1.29"
"469","MLB","Matt Shoemaker","58667","2014","27","136.0","3.04","0.00","3.29","0.25","90","3.92","96","3.88","103","3.24","1.19"
"470","MLB","Kevin Siegrist","58673","2014","24","30.3","6.82","0.00","4.59","-2.24","100","5.75","141","5.41","66","6.82","0.31"
"471","MLB","Zeke Spruill","58696","2014","24","22.7","3.57","0.00","2.53","-1.04","104","3.41","84","3.34","120","4.37","0.96"
"472","MLB","Eric Surkamp","58721","2014","26","24.3","4.81","0.00","4.84","0.04","108","4.01","98","4.91","85","5.18","0.79"
"473","MLB","Julio Teheran","58731","2014","23","221.0","2.89","0.00","3.46","0.57","99","3.36","82","4.15","91","3.34","1.12"
"474","MLB","Michael Tonkin","58750","2014","24","19.0","4.74","0.00","4.11","-0.63","103","5.69","139","5.09","89","6.16","0.66"
"475","MLB","Pedro Villarreal","58773","2014","26","14.7","4.30","0.00","3.99","-0.31","108","3.65","90","3.60","109","4.30","0.92"
"476","MLB","Arodys Vizcaino","58775","2014","23","5.0","5.40","0.00","5.90","0.50","108","5.64","138","6.45","40","5.40","0.66"
"477","MLB","Allen Webster","58787","2014","24","59.0","5.03","0.00","4.38","-0.65","119","5.01","123","5.20","76","5.34","0.72"
"478","MLB","Anthony Bass","58823","2014","26","27.0","6.33","0.00","6.53","0.20","124","5.96","146","7.98","8","6.67","0.39"
"479","MLB","Casey Coleman","58833","2014","26","12.0","5.25","0.00","3.83","-1.42","117","6.26","153","4.31","99","6.00","0.59"
"480","MLB","B.J. Rosenberg","58871","2014","28","12.0","6.75","0.00","8.77","2.02","120","10.76","264","7.92","14","7.50","0.24"
"481","MLB","Jeurys Familia","58905","2014","24","77.3","2.21","0.00","3.04","0.83","95","2.99","73","3.66","104","3.03","1.21"
"482","MLB","Trevor May","58911","2014","24","45.7","7.88","0.00","4.80","-3.08","106","5.83","143","6.17","62","8.08","0.19"
"483","MLB","Charlie Leesman","58920","2014","27","2.7","20.25","0.00","9.16","-11.09","110","23.42","574","8.36","24","20.25","-2.27"
"484","MLB","Tanner Roark","58921","2014","27","198.7","2.85","0.00","3.44","0.59","105","3.66","90","4.15","94","2.90","1.26"
"485","MLB","Brandon Maurer","58933","2014","23","69.7","4.65","0.00","3.52","-1.13","103","5.17","127","4.23","86","5.04","0.64"
"486","MLB","Junichi Tazawa","58984","2014","28","63.0","2.86","0.00","2.97","0.11","83","3.22","79","3.89","108","3.29","1.23"
"487","MLB","Brian Matusz","58985","2014","27","51.7","3.48","0.00","4.03","0.55","93","4.74","116","3.96","103","4.01","1.02"
"488","MLB","Erasmo Ramirez","59012","2014","24","75.3","5.26","0.00","5.40","0.15","122","6.32","155","5.66","45","5.26","0.56"
"489","MLB","Melvin Mercedes","59095","2014","23","2.0","0.00","0.00","1.16","1.16","97","-1.30","-32","2.59","145","0.00","2.00"
"490","MLB","Carlos Contreras","59122","2014","23","19.3","6.52","0.00","5.12","-1.40","121","5.58","137","6.35","53","7.45","0.27"
"491","MLB","Josh Fields","59166","2014","28","54.7","4.45","0.00","2.12","-2.33","70","2.62","64","2.70","135","4.77","0.85"
"492","MLB","Justin Wilson","59179","2014","26","60.0","4.20","0.00","3.59","-0.61","96","3.54","87","4.02","100","4.50","0.89"
"493","MLB","Josh Zeid","59195","2014","27","20.7","6.97","0.00","6.35","-0.61","108","7.83","192","6.51","44","7.84","0.13"
"494","MLB","Justin Marks","59212","2014","26","2.0","13.50","0.00","5.66","-7.84","109","14.20","348","5.52","69","13.50","-1.20"
"495","MLB","Louis Coleman","59223","2014","28","34.0","5.56","0.00","5.72","0.16","122","6.01","147","6.16","53","5.56","0.67"
"496","MLB","Kirby Yates","59239","2014","27","36.0","3.75","0.00","3.77","0.02","91","4.11","101","4.34","91","4.00","0.99"
"497","MLB","Mike Minor","59266","2014","26","145.3","4.77","0.00","4.36","-0.41","115","5.21","128","4.67","78","4.77","0.75"
"498","MLB","Chase Anderson","59304","2014","26","114.3","4.01","0.00","4.19","0.17","106","4.44","109","4.63","92","4.41","0.97"
"499","MLB","David Carpenter","59325","2014","26","3.0","0.00","0.00","5.16","5.16","106","0.03","1","4.87","84","0.00","2.00"
"500","MLB","Chris Heston","59332","2014","26","5.3","5.06","0.00","3.29","-1.77","109","5.69","140","4.51","79","5.06","0.64"
"501","MLB","Taylor Jordan","59336","2014","25","25.7","5.61","0.00","4.47","-1.14","115","8.17","200","4.62","85","7.01","0.25"
"502","MLB","Drew Storen","59345","2014","26","56.3","1.12","0.00","2.68","1.56","92","2.43","60","3.36","116","1.28","1.68"
"503","MLB","Joe Kelly","59351","2014","26","96.3","4.20","0.00","4.37","0.17","118","4.13","101","5.12","77","4.48","0.92"
"504","MLB","Edwin Escobar","59446","2014","22","2.0","4.50","0.00","2.66","-1.84","99","2.82","69","2.86","135","4.50","0.98"
"505","MLB","C.C. Lee","59464","2014","27","28.0","4.50","0.00","4.30","-0.20","105","4.86","119","4.41","98","4.82","0.88"
"506","MLB","Masahiro Tanaka","59473","2014","25","136.3","2.77","0.00","3.07","0.30","76","3.38","83","3.46","116","3.10","1.25"
"507","MLB","Rex Brothers","59607","2014","26","56.3","5.59","0.00","4.95","-0.64","119","5.24","128","5.78","80","6.07","0.74"
"508","MLB","Mike Fiers","59639","2014","29","71.7","2.13","0.00","2.96","0.83","81","2.35","58","3.47","114","2.39","1.41"
"509","MLB","David Hale","59653","2014","26","87.3","3.30","0.00","4.28","0.98","127","4.80","118","4.91","70","3.92","0.96"
"510","MLB","David Holmberg","59663","2014","22","30.0","4.80","0.00","7.57","2.77","130","6.36","156","7.82","5","4.80","0.80"
"511","MLB","Jose Cisnero","59872","2014","25","4.7","9.64","0.00","3.59","-6.05","106","7.61","187","5.76","68","9.64","-0.21"
"512","MLB","Roman Mendez","59932","2014","23","33.0","2.18","0.00","4.34","2.16","113","2.08","51","4.78","86","2.18","1.48"
"513","MLB","Gonzalez Germen","59935","2014","26","30.3","4.75","0.00","5.54","0.79","108","5.87","144","5.36","63","4.75","0.79"
"514","MLB","Austin Adams","59978","2014","27","7.0","9.00","0.00","4.30","-4.70","106","5.85","143","6.49","53","9.00","-0.03"
"515","MLB","Jarred Cosart","59986","2014","24","180.3","3.69","0.00","3.78","0.08","113","3.52","86","4.25","95","3.99","1.02"
"516","MLB","Preston Guilmet","59997","2014","26","10.3","5.23","0.00","3.93","-1.29","93","3.83","94","5.08","77","5.23","0.74"
"517","MLB","Bradin Hagens","60000","2014","25","2.7","3.38","0.00","4.98","1.60","107","8.80","216","4.91","72","3.38","1.12"
"518","MLB","Kyle Lobstein","60011","2014","24","39.3","4.35","0.00","3.85","-0.50","102","2.97","73","4.83","97","4.58","1.02"
"519","MLB","Ethan Martin","60014","2014","25","4.0","4.50","0.00","6.60","2.10","106","3.58","88","7.89","4","4.50","0.88"
"520","MLB","Chris Rusin","60031","2014","27","12.7","7.11","0.00","4.05","-3.06","106","5.04","124","4.83","88","7.11","0.36"
"521","MLB","Taylor Thompson","60040","2014","27","5.3","10.13","0.00","6.91","-3.22","112","12.01","294","7.02","42","10.13","-0.27"
"522","MLB","Alex Wilson","60051","2014","27","28.3","1.91","0.00","3.94","2.03","101","3.12","76","4.32","98","2.54","1.40"
"523","MLB","Eury De La Rosa","60091","2014","24","36.7","2.95","0.00","3.46","0.51","100","3.63","89","3.37","119","2.95","1.29"
"524","MLB","Jairo Diaz","60094","2014","23","5.7","3.18","0.00","1.92","-1.25","95","2.75","67","1.45","163","3.18","1.19"
"525","MLB","Keith Butler","60182","2014","25","2.0","27.00","0.00","4.10","-22.90","104","17.61","432","7.00","28","27.00","-4.62"
"526","MLB","Ryan Dennick","60213","2014","27","4.7","11.57","0.00","9.96","-1.61","118","12.28","301","12.20","-110","13.50","-1.43"
"527","MLB","Jake Dunning","60223","2014","25","0.7","0.00","0.00","7.60","7.60","106","4.59","113","0.00","0","0.00","2.00"
"528","MLB","Nick Greenwood","60247","2014","26","36.0","4.75","0.00","4.46","-0.29","110","3.52","86","5.95","57","4.75","0.86"
"529","MLB","Donnie Joseph","60416","2014","26","0.7","81.00","0.00","21.16","-59.84","102","46.83","1,149","17.85","-177","81.00","-15.10"
"530","MLB","Phil Irwin","60436","2014","27","4.0","6.75","0.00","7.66","0.91","111","9.69","238","9.32","-19","6.75","0.42"
"531","MLB","Dallas Keuchel","60448","2014","26","200.0","2.93","0.00","3.24","0.31","90","3.32","81","4.31","96","3.20","1.23"
"532","MLB","Vidal Nuno","60488","2014","26","161.7","4.56","0.00","4.51","-0.06","110","4.49","110","5.52","66","4.95","0.79"
"533","MLB","A.J. Ramos","60504","2014","27","64.0","2.11","0.00","3.18","1.07","100","2.24","55","3.12","120","2.25","1.42"
"534","MLB","Zac Rosscup","60509","2014","26","13.3","9.45","0.00","4.60","-4.85","99","6.86","168","5.19","69","9.45","-0.38"
"535","MLB","Ian Krol","60611","2014","23","32.7","4.96","0.00","5.21","0.25","103","6.39","157","5.99","65","6.34","0.57"
"536","MLB","Aaron Loup","60619","2014","26","68.7","3.15","0.00","3.86","0.71","104","2.76","68","3.86","109","3.28","1.23"
"537","MLB","Miles Mikolas","60625","2014","25","57.3","6.44","0.00","4.80","-1.64","112","4.98","122","4.71","85","6.75","0.36"
"538","MLB","Shelby Miller","60626","2014","23","183.0","3.74","0.00","4.51","0.77","119","3.95","97","4.92","80","3.84","1.07"
"539","MLB","Garrett Richards","60655","2014","26","168.7","2.61","0.00","2.63","0.02","84","2.56","63","3.41","114","2.72","1.32"
"540","MLB","Trevor Rosenthal","60664","2014","24","70.3","3.20","0.00","2.96","-0.24","89","3.40","83","3.80","108","3.20","1.23"
"541","MLB","Robbie Ross","60728","2014","25","78.3","6.20","0.00","4.77","-1.44","116","6.26","153","5.34","76","7.47","0.27"
"542","MLB","Robbie Erlin","60740","2014","23","61.3","4.99","0.00","3.66","-1.33","106","6.12","150","4.00","97","4.99","0.71"
"543","MLB","Daniel Corcino","60753","2014","23","18.7","4.34","0.00","4.66","0.32","116","3.90","96","5.36","65","4.34","0.91"
"544","MLB","Adam Warren","60759","2014","26","78.7","2.97","0.00","2.92","-0.06","88","2.92","72","3.25","121","3.09","1.25"
"545","MLB","Hyun-jin Ryu","60787","2014","27","152.0","3.38","0.00","2.59","-0.79","82","3.86","95","3.13","117","3.55","1.06"
"546","MLB","Jose Ramirez","60812","2014","24","10.0","5.40","0.00","6.46","1.06","109","6.12","150","6.00","50","5.40","0.65"
"547","MLB","T.J. House","60836","2014","24","102.0","3.35","0.00","3.72","0.37","99","4.87","119","3.96","108","3.62","1.16"
"548","MLB","Rob Scahill","60879","2014","27","15.0","4.80","0.00","6.24","1.44","114","6.55","161","6.80","55","4.80","0.97"
"549","MLB","Shane Greene","60907","2014","25","78.7","3.78","0.00","3.76","-0.02","94","4.65","114","4.02","103","4.35","0.95"
"550","MLB","Dan Straily","60921","2014","25","52.0","6.75","0.00","5.34","-1.41","113","5.71","140","5.90","54","7.10","0.23"
"551","MLB","Caleb Thielbar","60922","2014","27","47.7","3.40","0.00","3.58","0.18","102","3.43","84","3.53","121","3.59","1.19"
"552","MLB","Tyler Skaggs","61000","2014","22","113.0","4.30","0.00","3.58","-0.73","101","3.97","97","4.47","88","4.70","0.82"
"553","MLB","Vic Black","61032","2014","26","34.7","2.60","0.00","3.74","1.14","111","3.85","94","3.04","119","3.12","1.17"
"554","MLB","Mike Leake","61051","2014","26","214.3","3.70","0.00","3.85","0.15","102","4.18","103","4.73","81","3.91","1.01"
"555","MLB","Stephen Strasburg","61056","2014","25","215.0","3.14","0.00","2.91","-0.23","82","3.84","94","3.83","105","3.60","1.11"
"556","MLB","Aaron Crow","61058","2014","27","59.0","4.12","0.00","5.43","1.31","126","4.74","116","6.56","44","4.88","0.84"
"557","MLB","Tanner Scheppers","61061","2014","27","23.0","9.00","0.00","6.77","-2.23","116","7.75","190","8.25","8","9.39","-0.19"
"558","MLB","Chris Sale","65751","2014","25","174.0","2.17","0.00","2.60","0.43","66","2.52","62","2.75","135","2.48","1.42"
"559","MLB","Tom Wilhelmsen","65756","2014","30","79.3","2.27","0.00","3.76","1.50","103","2.72","67","3.57","105","2.50","1.34"
"560","MLB","Shawn Tolleson","65765","2014","26","71.7","2.76","0.00","4.26","1.50","98","3.01","74","4.36","96","2.89","1.31"
"561","MLB","Preston Claiborne","65796","2014","26","21.0","3.00","0.00","3.68","0.68","106","5.47","134","4.22","97","3.86","1.06"
"562","MLB","Kyle Gibson","65801","2014","26","179.3","4.47","0.00","3.82","-0.64","106","3.39","83","4.83","91","4.57","0.97"
"563","MLB","Kevin Chapman","65805","2014","26","21.3","4.64","0.00","4.75","0.11","111","4.97","122","4.77","86","4.64","0.89"
"564","MLB","Brad Boxberger","65809","2014","26","64.7","2.37","0.00","2.87","0.50","61","2.53","62","3.21","120","2.37","1.41"
"565","MLB","Mike Bolsinger","65810","2014","26","52.3","5.50","0.00","3.98","-1.52","107","6.59","162","4.62","83","6.19","0.43"
"566","MLB","Aaron Barrett","65829","2014","26","40.7","2.66","0.00","2.56","-0.09","93","3.26","80","3.10","123","3.76","1.07"
"567","MLB","Jake Petricka","65830","2014","26","73.0","2.96","0.00","3.63","0.67","105","3.39","83","4.32","100","2.96","1.32"
"568","MLB","Chad Bettis","65855","2014","25","24.7","9.12","0.00","5.49","-3.63","113","7.40","181","7.87","44","9.49","0.12"
"569","MLB","Eric Jokisch","65878","2014","24","14.3","1.88","0.00","5.27","3.38","109","6.97","171","5.60","59","3.77","1.05"
"570","MLB","Jimmy Nelson","65895","2014","25","69.3","4.93","0.00","3.75","-1.18","104","6.13","150","4.23","94","5.45","0.63"
"571","MLB","Rob Rasmussen","65897","2014","25","11.3","3.18","0.00","4.40","1.22","106","3.80","93","6.52","49","3.18","1.27"
"572","MLB","Seth Rosin","65904","2014","25","4.0","6.75","0.00","2.41","-4.34","102","5.28","130","3.03","130","6.75","0.43"
"573","MLB","Dallas Beeler","65949","2014","25","11.0","3.27","0.00","3.92","0.65","116","4.42","108","3.97","99","4.09","0.95"
"574","MLB","Nick Christiani","65956","2014","26","13.0","5.54","0.00","5.26","-0.28","111","5.56","136","6.34","40","5.54","0.60"
"575","MLB","Gerrit Cole","65957","2014","23","138.0","3.65","0.00","3.20","-0.45","93","4.19","103","3.77","105","3.78","1.05"
"576","MLB","Sean Nolin","65982","2014","24","1.0","9.00","0.00","16.16","7.16","106","9.51","233","16.46","-170","9.00","-0.02"
"577","MLB","Stephen Pryor","65986","2014","24","1.7","0.00","0.00","5.56","5.56","109","6.90","169","6.70","3","5.40","0.41"
"578","MLB","Donn Roach","65987","2014","24","30.3","4.75","0.00","4.72","-0.03","124","6.16","151","5.10","70","5.04","0.72"
"579","MLB","Daniel Webb","65998","2014","24","67.7","3.99","0.00","4.55","0.56","116","4.38","107","4.15","103","4.12","1.04"
"580","MLB","Jacob Turner","66008","2014","23","113.0","6.13","0.00","4.13","-2.00","116","5.55","136","4.84","75","6.45","0.33"
"581","MLB","Christian Bergman","66039","2014","26","54.7","5.93","0.00","4.71","-1.21","107","5.74","141","5.68","84","6.09","0.75"
"582","MLB","Yimi Garcia","66174","2014","23","10.0","1.80","0.00","4.20","2.40","99","1.71","42","4.77","82","1.80","1.56"
"583","MLB","Zack Wheeler","66213","2014","24","185.3","3.54","0.00","3.52","-0.02","103","4.27","105","4.10","93","4.08","0.94"
"584","MLB","Tyler Matzek","66214","2014","23","117.7","4.05","0.00","3.75","-0.31","102","3.82","94","4.30","108","4.05","1.13"
"585","MLB","Chad Jenkins","66215","2014","26","31.7","2.56","0.00","3.51","0.95","106","4.06","100","4.31","100","2.84","1.34"
"586","MLB","Yordano Ventura","66326","2014","23","183.0","3.20","0.00","3.63","0.43","102","4.03","99","4.22","100","3.44","1.18"
"587","MLB","Lisalverto Bonilla","66423","2014","24","20.7","3.05","0.00","4.66","1.61","110","4.24","104","4.35","96","3.48","1.17"
"588","MLB","David Buchanan","66513","2014","25","117.7","3.75","0.00","4.24","0.49","119","4.46","109","4.76","77","4.21","0.92"
"589","MLB","Mario Hollands","66555","2014","25","47.0","4.40","0.00","3.85","-0.56","114","4.03","99","4.31","91","4.79","0.78"
"590","MLB","Drew Hutchison","66556","2014","23","184.7","4.48","0.00","3.87","-0.61","96","3.68","90","4.50","94","4.48","0.94"
"591","MLB","Bryan Mitchell","66570","2014","23","11.0","2.45","0.00","3.25","0.80","106","3.72","91","3.71","111","2.45","1.41"
"592","MLB","Red Patterson","66578","2014","27","4.7","1.93","0.00","4.60","2.67","114","0.21","5","5.86","70","1.93","1.57"
"593","MLB","Josh Edgin","66639","2014","27","27.3","1.32","0.00","2.66","1.35","88","2.41","59","3.50","107","1.98","1.48"
"594","MLB","A.J. Achter","66919","2014","25","11.0","3.27","0.00","5.43","2.16","111","5.17","127","6.12","68","5.73","0.76"
"595","MLB","Cam Bedrosian","66930","2014","22","19.3","6.52","0.00","4.30","-2.22","108","6.46","158","3.67","107","7.91","0.00"
"596","MLB","Alexander Claudio","66960","2014","22","12.3","2.92","0.00","1.86","-1.06","94","5.47","134","1.76","158","2.92","1.30"
"597","MLB","Brandon Cumpton","66968","2014","25","70.0","4.89","0.00","3.19","-1.70","102","5.09","125","3.53","112","5.27","0.68"
"598","MLB","Logan Darnell","66971","2014","25","24.0","7.13","0.00","5.16","-1.97","102","5.86","144","5.41","80","7.50","0.33"
"599","MLB","Mike Foltynewicz","66991","2014","22","18.7","5.30","0.00","4.87","-0.43","111","6.94","170","4.43","94","5.30","0.73"
"600","MLB","Erik Goeddel","66999","2014","25","6.7","2.70","0.00","3.10","0.40","102","0.21","5","4.70","75","2.70","1.28"
"601","MLB","Heath Hembree","67011","2014","25","10.0","4.50","0.00","4.76","0.26","109","5.79","142","4.99","79","4.50","0.91"
"602","MLB","Tommy Kahnle","67028","2014","24","68.7","4.19","0.00","3.99","-0.20","102","2.50","61","4.60","103","5.11","0.92"
"603","MLB","Mike Kickham","67030","2014","25","2.0","22.50","0.00","10.10","-12.40","109","25.56","627","8.25","0","22.50","-3.46"
"604","MLB","Michael Mariot","67050","2014","25","25.0","6.48","0.00","3.96","-2.52","106","5.42","133","4.40","99","7.56","0.26"
"605","MLB","Robbie Ray","67083","2014","22","28.7","8.16","0.00","5.25","-2.91","113","7.67","188","6.18","66","8.16","0.23"
"606","MLB","Addison Reed","67085","2014","25","59.3","4.25","0.00","4.00","-0.25","89","4.38","108","4.36","96","4.70","0.87"
"607","MLB","C.J. Riefenhauser","67092","2014","24","5.3","8.44","0.00","4.10","-4.34","109","5.55","136","4.20","95","8.44","-0.11"
"608","MLB","Aaron Sanchez","67107","2014","21","33.0","1.09","0.00","2.83","1.74","96","0.90","22","3.56","117","1.36","1.68"
"609","MLB","Chasen Shreve","67118","2014","23","12.3","0.73","0.00","1.40","0.67","90","2.74","67","1.55","158","0.73","1.80"
"610","MLB","Tyler Thornburg","67137","2014","25","29.7","4.25","0.00","3.78","-0.47","114","4.28","105","3.83","105","4.25","0.94"
"611","MLB","Sam Tuivailala","67139","2014","21","1.0","36.00","0.00","33.10","-2.90","113","45.45","1,115","22.34","-362","36.00","-7.06"
"612","MLB","Taijuan Walker","67148","2014","21","38.0","2.61","0.00","3.71","1.11","104","3.86","95","3.84","105","2.84","1.30"
"613","MLB","Carlos Martinez","67219","2014","22","89.3","4.03","0.00","3.15","-0.88","91","3.88","95","3.27","119","4.13","0.98"
"614","MLB","Hector Neris","67355","2014","25","1.0","0.00","0.00","1.10","1.10","100","1.58","39","1.43","163","0.00","2.00"
"615","MLB","Jake Buchanan","67724","2014","24","35.3","4.58","0.00","4.60","0.02","113","4.79","117","4.96","78","4.84","0.81"
"616","MLB","Jacob deGrom","67740","2014","26","140.3","2.69","0.00","2.64","-0.05","85","3.37","83","3.27","113","2.82","1.25"
"617","MLB","Ben Rowen","67863","2014","25","8.7","4.15","0.00","2.93","-1.22","100","3.19","78","2.69","132","4.15","0.95"
"618","MLB","Kyle Ryan","67864","2014","22","10.3","2.61","0.00","2.97","0.35","108","2.33","57","3.78","114","2.61","1.41"
"619","MLB","Casey Sadler","67865","2014","23","10.3","7.84","0.00","3.49","-4.35","109","5.28","129","4.10","98","7.84","0.05"
"620","MLB","Chase Whitley","67891","2014","25","75.7","5.23","0.00","4.16","-1.07","102","5.57","137","4.79","83","5.23","0.72"
"621","MLB","Sam Dyson","68372","2014","26","42.0","2.14","0.00","3.13","0.98","101","3.20","79","4.45","88","3.00","1.25"
"622","MLB","Justin Grimm","68390","2014","25","69.0","3.78","0.00","3.18","-0.61","98","3.11","76","4.01","100","4.17","0.95"
"623","MLB","Drew Pomeranz","68404","2014","25","69.0","2.35","0.00","3.80","1.45","97","3.39","83","4.28","91","2.87","1.27"
"624","MLB","Anthony Ranaudo","68405","2014","24","39.3","4.81","0.00","6.92","2.12","134","5.84","143","7.50","20","4.81","0.85"
"625","MLB","Nick Tepesch","68410","2014","25","126.0","4.36","0.00","5.03","0.68","125","4.53","111","5.55","67","4.71","0.87"
"626","MLB","Brandon Workman","68414","2014","25","87.0","5.17","0.00","4.47","-0.70","109","4.72","116","4.93","84","5.90","0.62"
"627","MLB","Jesse Hahn","68419","2014","24","73.3","3.07","0.00","3.38","0.31","103","3.66","90","3.74","99","3.19","1.14"
"628","MLB","Tyler Lyons","68438","2014","26","36.7","4.42","0.00","3.62","-0.80","96","4.43","109","3.92","102","5.65","0.59"
"629","MLB","James Paxton","68467","2014","25","74.0","3.04","0.00","3.31","0.27","99","3.76","92","3.55","107","3.53","1.08"
"630","MLB","Cody Allen","68494","2014","25","69.7","2.07","0.00","3.02","0.95","74","2.68","66","3.49","119","2.71","1.37"
"631","MLB","Kevin Gausman","68557","2014","23","113.3","3.57","0.00","3.44","-0.13","98","4.27","105","3.45","114","3.81","1.05"
"632","MLB","Taylor Hill","68579","2014","25","9.0","9.00","0.00","3.66","-5.34","110","8.69","213","3.81","107","9.00","-0.20"
"633","MLB","Drew Smyly","68688","2014","25","153.0","3.24","0.00","3.79","0.56","92","3.86","95","3.67","115","3.35","1.22"
"634","MLB","Matt Stites","68693","2014","24","33.0","5.73","0.00","5.44","-0.29","118","5.59","137","6.65","41","6.27","0.50"
"635","MLB","Brett Bochy","68748","2014","26","3.3","5.40","0.00","7.90","2.50","106","4.54","111","13.49","-170","5.40","0.52"
"636","MLB","Marco Gonzales","68759","2014","22","34.7","4.15","0.00","4.72","0.56","116","5.03","123","4.57","95","4.15","1.05"
"637","MLB","Blake Treinen","68804","2014","26","50.7","2.49","0.00","3.06","0.58","111","4.50","110","3.99","97","3.02","1.22"
"638","MLB","Seth Maness","68920","2014","25","80.3","2.91","0.00","3.35","0.44","96","3.50","86","4.31","95","3.25","1.21"
"639","MLB","Nate Karns","69123","2014","26","12.0","4.50","0.00","5.74","1.24","100","3.96","97","6.34","48","4.50","0.92"
"640","MLB","Gus Schlosser","69149","2014","25","17.7","7.64","0.00","4.86","-2.78","119","6.76","166","5.34","58","8.15","-0.17"
"641","MLB","Kevin Quackenbush","69154","2014","25","54.3","2.48","0.00","2.62","0.14","87","2.78","68","3.04","119","2.48","1.34"
"642","MLB","Brian Flynn","69169","2014","24","7.0","9.00","0.00","2.67","-6.33","104","7.76","190","2.64","133","9.00","-0.27"
"643","MLB","Kyle Hendricks","69172","2014","24","80.3","2.46","0.00","3.29","0.82","103","2.79","68","3.65","110","2.69","1.34"
"644","MLB","Frank Garces","69208","2014","24","9.0","2.00","0.00","2.99","0.99","95","3.97","97","3.75","99","2.00","1.46"
"645","MLB","Leonel Campos","69302","2014","26","7.0","5.14","0.00","2.25","-2.90","98","4.84","119","2.66","138","6.43","0.49"
"646","MLB","Chris Bassitt","69516","2014","25","29.7","3.94","0.00","3.36","-0.58","107","4.13","101","3.43","122","3.94","1.10"
"647","MLB","Aaron Brooks","69523","2014","24","2.7","43.88","0.00","12.16","-31.72","113","35.26","865","13.39","-112","43.88","-8.22"
"648","MLB","Evan Marshall","69552","2014","24","49.3","2.74","0.00","2.86","0.12","88","3.89","96","2.94","129","3.10","1.25"
"649","MLB","Rafael Montero","69637","2014","23","44.3","4.06","0.00","5.11","1.05","117","6.53","160","5.01","65","4.26","0.85"
"650","MLB","Scott Snodgress","69860","2014","24","2.3","15.43","0.00","11.73","-3.70","113","22.73","557","8.42","4","27.00","-4.29"
"651","MLB","Nick Martinez","69887","2014","23","140.3","4.55","0.00","4.97","0.42","125","4.95","121","5.03","78","5.07","0.77"
"652","MLB","Phil Klein","69924","2014","25","19.0","2.84","0.00","4.69","1.84","90","3.65","89","3.72","112","2.84","1.33"
"653","MLB","Spencer Patton","69954","2014","26","9.3","0.96","0.00","2.09","1.12","96","-0.41","-10","2.60","137","0.96","1.77"
"654","MLB","Nick Tropeano","69964","2014","23","21.7","4.57","0.00","3.34","-1.22","109","3.16","78","3.92","101","4.98","0.74"
"655","MLB","Drew Rucinski","70168","2014","25","7.3","4.91","0.00","2.21","-2.70","97","4.44","109","2.88","127","4.91","0.75"
"656","MLB","Sonny Gray","70306","2014","24","219.0","3.08","0.00","3.49","0.41","95","3.20","79","4.00","96","3.45","1.10"
"657","MLB","Nick Maronde","70314","2014","24","6.3","12.79","0.00","4.74","-8.05","113","13.92","341","5.20","68","12.79","-1.25"
"658","MLB","Trevor Bauer","70335","2014","23","153.0","4.18","0.00","4.04","-0.13","102","4.32","106","4.26","101","4.47","0.96"
"659","MLB","Tony Cingrani","70349","2014","24","63.3","4.55","0.00","5.34","0.80","117","6.16","151","5.47","63","4.69","0.82"
"660","MLB","Ken Giles","70354","2014","23","45.7","1.18","0.00","1.31","0.12","59","1.40","34","1.69","156","1.38","1.64"
"661","MLB","Marcus Stroman","70371","2014","23","130.7","3.65","0.00","2.87","-0.78","86","3.31","81","3.88","110","3.86","1.10"
"662","MLB","Carter Capps","70434","2014","23","20.3","3.98","0.00","2.32","-1.67","85","3.28","80","3.61","105","3.98","0.95"
"663","MLB","Andrew Chafin","70436","2014","24","14.0","3.86","0.00","3.60","-0.25","109","4.17","102","3.75","113","3.86","1.11"
"664","MLB","Jose Fernandez","70444","2014","21","51.7","2.44","0.00","2.15","-0.28","72","2.65","65","3.49","107","3.31","1.12"
"665","MLB","Erik Johnson","70456","2014","24","23.7","6.46","0.00","4.34","-2.12","114","6.01","147","5.18","88","6.85","0.53"
"666","MLB","Roenis Elias","70509","2014","25","163.7","3.85","0.00","4.06","0.21","106","5.00","123","4.23","86","4.23","0.86"
"667","MLB","Corey Knebel","70620","2014","22","8.7","6.23","0.00","1.66","-4.57","90","5.06","124","3.07","129","7.27","0.33"
"668","MLB","Michael Wacha","70641","2014","22","107.0","3.20","0.00","3.14","-0.06","97","3.70","91","3.61","112","3.45","1.16"
"669","MLB","Matt Barnes","70758","2014","24","9.0","4.00","0.00","3.49","-0.51","100","5.43","133","2.72","137","4.00","1.07"
"670","MLB","Daniel Norris","70778","2014","21","6.7","5.40","0.00","6.16","0.76","116","3.39","83","6.20","56","5.40","0.75"
"671","MLB","Anthony DeSclafani","70803","2014","24","33.0","6.27","0.00","3.74","-2.53","101","5.07","124","4.65","78","6.27","0.36"
"672","MLB","Carson Smith","70812","2014","24","8.3","0.00","0.00","1.84","1.84","91","-1.50","-37","1.86","150","0.00","2.00"
"673","MLB","Chad Smith","70900","2014","24","11.7","5.40","0.00","3.50","-1.90","101","5.60","137","3.67","118","5.40","0.80"
"674","MLB","Michael Roth","71050","2014","24","12.3","8.76","0.00","6.73","-2.03","117","8.90","218","6.27","41","8.76","-0.21"
"675","MLB","Brandon Finnegan","71272","2014","21","7.0","1.29","0.00","0.73","-0.55","84","0.75","18","1.95","154","1.29","1.70"
"676","MLB","Daniel Coulombe","99616","2014","24","4.3","4.15","0.00","5.64","1.49","104","6.48","159","5.19","86","6.23","0.63"
"677","MLB","Andrew Heaney","99874","2014","23","29.3","5.83","0.00","5.42","-0.41","111","6.30","154","5.94","49","5.83","0.52"
"678","MLB","Eddie Butler","99938","2014","23","16.0","6.75","0.00","5.67","-1.08","121","6.54","160","6.50","70","6.75","0.65"
"679","MLB","Mike Morin","99992","2014","23","59.0","2.90","0.00","3.11","0.21","93","3.45","85","3.11","121","3.36","1.15"
"680","MLB","Buck Farmer","100067","2014","23","9.3","11.57","0.00","5.84","-5.73","99","7.56","185","6.15","70","11.57","-0.45"
"681","MLB","Paco Rodriguez","100107","2014","23","14.0","3.86","0.00","2.89","-0.97","95","4.07","100","3.08","122","3.86","1.02"
"682","MLB","R.J. Alvarez","100166","2014","23","8.0","1.13","0.00","3.10","1.98","98","-0.25","-6","3.46","110","1.13","1.71"
"683","MLB","Drew VerHagen","100188","2014","23","5.0","5.40","0.00","3.36","-2.04","102","5.11","125","4.68","101","5.40","0.86"
"684","MLB","Dominic Leone","100305","2014","22","66.3","2.17","0.00","3.10","0.93","91","3.28","80","3.61","104","2.44","1.35"
"685","MLB","Ian Thomas","100700","2014","27","10.7","4.22","0.00","2.35","-1.87","101","4.03","99","2.63","130","4.22","0.88"
"686","MLB","Alex Wood","100718","2014","23","171.7","2.78","0.00","3.22","0.45","93","3.95","97","3.41","109","3.04","1.19"
"687","MLB","Shae Simmons","101412","2014","23","21.7","2.91","0.00","3.10","0.19","100","3.24","79","4.11","95","3.32","1.15"
"688","MLB","Miguel Gonzalez","101994","2014","27","5.3","6.75","0.00","5.35","-1.40","109","11.60","284","4.28","85","6.75","0.18"
"689","MLB","Kendall Graveman","102077","2014","23","4.7","3.86","0.00","1.45","-2.41","98","0.75","18","2.59","141","3.86","1.12"
"690","MLB","Wei-Chung Wang","102199","2014","22","17.3","10.90","0.00","7.66","-3.24","118","10.57","259","7.46","17","11.94","-0.92"
"691","MLB","Kyle Crockett","102560","2014","22","30.0","1.80","0.00","3.26","1.46","95","3.04","75","3.19","126","1.80","1.58"
"692","MLB","Odrisamer Despaigne","103737","2014","27","96.3","3.36","0.00","3.72","0.35","113","4.18","103","4.58","76","4.11","0.89"
