#,LVL,PITCHER,NAME,TEAM,LG,YEAR,AGE,G,GS,PITCHES,IP,IP Start,IP Relief,SP_IP_rate
1,MLB,56121,Brad Mills,TOR,AL,2014,29,2,0,123,4.3,0,4.3,0
2,MLB,59639,Mike Fiers,MIL,NL,2014,29,14,10,1122,71.7,64.7,7,0.90237099
3,MLB,59653,David Hale,ATL,NL,2014,26,45,6,1411,87.3,33,54.3,0.378006873
4,MLB,59663,David Holmberg,CIN,NL,2014,22,7,5,520,30,23.3,6.7,0.776666667
5,MLB,59935,Gonzalez Germen,NYN,NL,2014,26,25,0,506,30.3,0,30.3,0
6,MLB,59986,Jarred Cosart,MIA,NL,2014,24,10,10,955,64,64,0,1
7,MLB,60000,Bradin Hagens,ARI,NL,2014,25,2,0,55,2.7,0,2.7,0
8,MLB,60014,Ethan Martin,PHI,NL,2014,25,2,0,69,4,0,4,0
9,MLB,60031,Chris Rusin,CHN,NL,2014,27,4,0,195,12.7,0,12.7,0
10,MLB,60091,Eury De La Rosa,ARI,NL,2014,24,25,0,605,36.7,0,36.7,0
11,MLB,60182,Keith Butler,SLN,NL,2014,25,2,0,54,2,0,2,0
12,MLB,60213,Ryan Dennick,CIN,NL,2014,27,8,0,94,4.7,0,4.7,0
13,MLB,60223,Jake Dunning,SFN,NL,2014,25,1,0,13,0.7,0,0.7,0
14,MLB,60247,Nick Greenwood,SLN,NL,2014,26,19,1,493,36,3,33,0.083333333
15,MLB,60488,Vidal Nuno,ARI,NL,2014,26,14,14,1287,83.7,83.7,0,1
16,MLB,60504,A.J. Ramos,MIA,NL,2014,27,68,0,1097,64,0,64,0
17,MLB,60509,Zac Rosscup,CHN,NL,2014,26,18,0,295,13.3,0,13.3,0
18,MLB,60626,Shelby Miller,SLN,NL,2014,23,32,31,2854,183,182,1,0.994535519
19,MLB,60664,Trevor Rosenthal,SLN,NL,2014,24,72,0,1263,70.3,0,70.3,0
20,MLB,60740,Robbie Erlin,SDN,NL,2014,23,13,11,1007,61.3,58.7,2.7,0.957585644
21,MLB,51681,Lester Oliveros,MIN,AL,2014,26,7,0,123,6.3,0,6.3,0
22,MLB,51190,Neftali Feliz,TEX,AL,2014,26,30,0,482,31.7,0,31.7,0
23,MLB,51505,Francisley Bueno,KCA,AL,2014,33,30,0,482,32.3,0,32.3,0
24,MLB,58563,Zach Putnam,CHA,AL,2014,26,49,0,862,54.7,0,54.7,0
25,MLB,57618,Evan Reed,DET,AL,2014,28,32,0,583,32.3,0,32.3,0
26,MLB,57667,Scott Carroll,CHA,AL,2014,29,26,19,2115,129.3,106.7,22.7,0.825212684
27,MLB,57679,Tim Collins,KCA,AL,2014,24,22,0,377,21,0,21,0
28,MLB,57708,Greg Holland,KCA,AL,2014,28,65,0,1002,62.3,0,62.3,0
29,MLB,57741,Blake Beavan,SEA,AL,2014,25,1,1,63,4,4,0,1
30,MLB,57745,Rick Porcello,DET,AL,2014,25,32,31,3055,204.7,202.7,2,0.990229604
31,MLB,57750,Ryan Cook,OAK,AL,2014,27,54,0,751,50,0,50,0
32,MLB,57827,Danny Farquhar,SEA,AL,2014,27,66,0,1139,71,0,71,0
33,MLB,57884,Leury Garcia,CHA,AL,2014,23,1,0,25,1,0,1,0
34,MLB,57948,Blaine Hardy,DET,AL,2014,27,38,0,643,39,0,39,0
35,MLB,58021,Dean Anna,NYA,AL,2014,27,1,0,17,1,0,1,0
36,MLB,58059,Jeff Beliveau,TBA,AL,2014,27,30,0,389,24,0,24,0
37,MLB,58089,Brad Brach,BAL,AL,2014,28,46,0,1047,62.3,0,62.3,0
38,MLB,58100,Drake Britton,BOS,AL,2014,25,7,0,88,6.7,0,6.7,0
39,MLB,58152,Paul Clemens,HOU,AL,2014,26,13,0,416,24.7,0,24.7,0
40,MLB,58219,Steven Geltz,TBA,AL,2014,26,11,0,158,8.3,0,8.3,0
41,MLB,58260,Justin Miller,DET,AL,2014,27,8,0,193,12.3,0,12.3,0
42,MLB,58268,David Phelps,NYA,AL,2014,27,32,17,1926,113,96.7,16.3,0.855752212
43,MLB,58357,Michael Kohn,ANA,AL,2014,28,25,0,439,23.7,0,23.7,0
44,MLB,58386,Josh Lindblom,OAK,AL,2014,27,1,1,84,4.7,4.7,0,1
45,MLB,58404,Lucas Luetge,SEA,AL,2014,27,12,0,137,9,0,9,0
46,MLB,58436,T.J. McFarland,BAL,AL,2014,25,37,1,865,58.7,5,53.7,0.085178876
47,MLB,58441,Collin McHugh,HOU,AL,2014,27,25,25,2486,154.7,154.7,0,1
48,MLB,58459,Tommy Milone,MIN,AL,2014,27,6,5,431,21.7,20.7,1,0.953917051
49,MLB,58459,Tommy Milone,OAK,AL,2014,27,16,16,1494,96.3,96.3,0,1
50,MLB,58503,Brett Oberholtzer,HOU,AL,2014,24,24,24,2251,143.7,143.7,0,1
51,MLB,58507,Jake Odorizzi,TBA,AL,2014,24,31,31,3028,168,168,0,1
52,MLB,58533,Martin Perez,TEX,AL,2014,23,8,8,777,51.3,51.3,0,1
53,MLB,49832,Ivan Nova,NYA,AL,2014,27,4,4,326,20.7,20.7,0,1
54,MLB,49706,Fernando Abad,OAK,AL,2014,28,69,0,820,57.3,0,57.3,0
55,MLB,49758,Cory Rasmus,ANA,AL,2014,26,30,6,881,56,19,37,0.339285714
56,MLB,52032,Josh Tomlin,CLE,AL,2014,29,25,16,1715,104,93.3,10.7,0.897115385
57,MLB,56426,Liam Hendriks,TOR,AL,2014,25,3,3,221,13.3,13.3,0,1
58,MLB,56449,Kelvin Herrera,KCA,AL,2014,24,70,0,1125,70,0,70,0
59,MLB,69637,Rafael Montero,NYN,NL,2014,23,10,8,837,44.3,43,1.3,0.970654628
60,MLB,70349,Tony Cingrani,CIN,NL,2014,24,13,11,1112,63.3,59.7,3.7,0.943127962
61,MLB,70354,Ken Giles,PHI,NL,2014,23,44,0,694,45.7,0,45.7,0
62,MLB,69149,Gus Schlosser,ATL,NL,2014,25,15,0,304,17.7,0,17.7,0
63,MLB,69154,Kevin Quackenbush,SDN,NL,2014,25,56,0,919,54.3,0,54.3,0
64,MLB,65987,Donn Roach,SDN,NL,2014,24,16,1,499,30.3,3,27.3,0.099009901
65,MLB,66008,Jacob Turner,CHN,NL,2014,23,8,6,568,34.7,30.3,4.3,0.873198847
66,MLB,65878,Eric Jokisch,CHN,NL,2014,24,4,1,249,14.3,4,10.3,0.27972028
67,MLB,65895,Jimmy Nelson,MIL,NL,2014,25,14,12,1109,69.3,68,1.3,0.981240981
68,MLB,48219,Jake McGee,TBA,AL,2014,27,73,0,1151,71.3,0,71.3,0
69,MLB,48398,Troy Patton,BAL,AL,2014,28,9,0,111,6.7,0,6.7,0
70,MLB,48532,Todd Redmond,TOR,AL,2014,29,42,0,1205,75,0,75,0
71,MLB,48557,Glen Perkins,MIN,AL,2014,31,63,0,946,61.7,0,61.7,0
72,MLB,60753,Daniel Corcino,CIN,NL,2014,23,5,3,317,18.7,16,2.7,0.855614973
73,MLB,56468,Derek Holland,TEX,AL,2014,27,6,5,572,37,34.3,2.7,0.927027027
74,MLB,56519,Nate Jones,CHA,AL,2014,28,2,0,29,0,0,0,#DIV/0!
75,MLB,56533,Shawn Kelley,NYA,AL,2014,30,59,0,889,51.7,0,51.7,0
76,MLB,56638,Andre Rienzo,CHA,AL,2014,25,18,11,1265,64.7,57.3,7.3,0.885625966
77,MLB,56674,Wilking Rodriguez,KCA,AL,2014,24,2,0,33,2,0,2,0
78,MLB,56723,Danny Salazar,CLE,AL,2014,24,20,20,1868,110,110,0,1
79,MLB,56742,Hector Santiago,ANA,AL,2014,26,30,24,2273,127.3,117.7,9.7,0.924587588
80,MLB,56753,Max Scherzer,DET,AL,2014,29,33,33,3638,220.3,220.3,0,1
81,MLB,56759,Evan Scribner,OAK,AL,2014,28,13,0,164,11.7,0,11.7,0
82,MLB,56963,Matthew West,TEX,AL,2014,25,3,0,69,4,0,4,0
83,MLB,56987,Steven Wright,BOS,AL,2014,29,6,1,346,21,5,16,0.238095238
84,MLB,57042,Jose Ortega,DET,AL,2014,25,1,0,43,1.3,0,1.3,0
85,MLB,57047,Dan Otero,OAK,AL,2014,29,72,0,1218,86.7,0,86.7,0
86,MLB,57086,Brad Peacock,HOU,AL,2014,26,28,24,2373,131.7,122,9.7,0.92634776
87,MLB,57123,Vinnie Pestano,ANA,AL,2014,29,12,0,165,9.7,0,9.7,0
88,MLB,57123,Vinnie Pestano,CLE,AL,2014,29,13,0,160,9,0,9,0
89,MLB,57147,Aaron Poreda,TEX,AL,2014,27,26,0,369,21.3,0,21.3,0
90,MLB,57235,David Robertson,NYA,AL,2014,29,63,0,1088,64.3,0,64.3,0
91,MLB,57403,Tommy Hunter,BAL,AL,2014,27,60,0,866,60.7,0,60.7,0
92,MLB,57424,Corey Kluber,CLE,AL,2014,28,34,34,3500,235.7,235.7,0,1
93,MLB,57473,Matt Moore,TBA,AL,2014,25,2,2,180,10,10,0,1
94,MLB,57476,Mitch Moreland,TEX,AL,2014,28,1,0,15,1,0,1,0
95,MLB,57485,Rudy Owens,HOU,AL,2014,26,1,1,91,5.7,5.7,0,1
96,MLB,57500,Luke Putkonen,DET,AL,2014,28,2,0,59,2.7,0,2.7,0
97,MLB,57529,Marc Rzepczynski,CLE,AL,2014,28,73,0,748,46,0,46,0
98,MLB,57586,Danny Worth,DET,AL,2014,28,2,0,36,2,0,2,0
99,MLB,57608,Rubby De La Rosa,BOS,AL,2014,25,19,18,1751,101.7,100,1.7,0.983284169
100,MLB,50062,Chris Tillman,BAL,AL,2014,26,34,34,3411,207.3,207.3,0,1
101,MLB,50094,Jeremy Jeffress,TOR,AL,2014,26,3,0,84,3.3,0,3.3,0
102,MLB,50095,Blake Wood,CLE,AL,2014,28,7,0,125,6.3,0,6.3,0
103,MLB,50098,Bud Norris,BAL,AL,2014,29,28,28,2746,165.3,165.3,0,1
104,MLB,58552,Ryan Pressly,MIN,AL,2014,25,25,0,387,28.3,0,28.3,0
105,MLB,69169,Brian Flynn,MIA,NL,2014,24,2,1,140,7,4,3,0.571428571
106,MLB,69172,Kyle Hendricks,CHN,NL,2014,24,13,13,1156,80.3,80.3,0,1
107,MLB,69208,Frank Garces,SDN,NL,2014,24,15,0,143,9,0,9,0
108,MLB,50704,Michael Pineda,NYA,AL,2014,25,13,13,1137,76.3,76.3,0,1
109,MLB,50555,Darren O'Day,BAL,AL,2014,31,68,0,1067,68.7,0,68.7,0
110,MLB,50146,Josh Stinson,BAL,AL,2014,26,8,0,236,13,0,13,0
111,MLB,50155,Zach Britton,BAL,AL,2014,26,71,0,1053,76.3,0,76.3,0
112,MLB,55579,Bruce Billings,NYA,AL,2014,28,1,0,76,4,0,4,0
113,MLB,54995,Joe Savery,OAK,AL,2014,28,3,0,43,4,0,4,0
114,MLB,54877,Andrew Romine,DET,AL,2014,28,1,0,27,1,0,1,0
115,MLB,56197,Danny Duffy,KCA,AL,2014,25,31,25,2428,149.3,141,8.3,0.944407234
116,MLB,56302,Charlie Furbush,SEA,AL,2014,28,67,0,672,42.3,0,42.3,0
117,MLB,56355,Brandon Gomes,TBA,AL,2014,29,29,0,545,34,0,34,0
118,MLB,56426,Liam Hendriks,KCA,AL,2014,25,6,3,331,19.3,12.3,7,0.637305699
119,MLB,54694,David Price,DET,AL,2014,28,11,11,1166,77.7,77.7,0,1
120,MLB,54694,David Price,TBA,AL,2014,28,23,23,2564,170.7,170.7,0,1
121,MLB,52320,Daniel McCutchen,TEX,AL,2014,31,1,0,49,2.3,0,2.3,0
122,MLB,52416,Hector Noesi,CHA,AL,2014,27,28,27,2617,166,164.7,1.3,0.992168675
123,MLB,49957,Esmil Rogers,TOR,AL,2014,28,16,0,415,20.7,0,20.7,0
124,MLB,49580,Joe Thatcher,ANA,AL,2014,32,16,0,132,6.3,0,6.3,0
125,MLB,48987,Kevin Whelan,DET,AL,2014,30,1,0,38,1.3,0,1.3,0
126,MLB,47294,Matt Daley,NYA,AL,2014,32,13,0,228,14.3,0,14.3,0
127,MLB,46496,Josh Outman,CLE,AL,2014,29,31,0,461,24.7,0,24.7,0
128,MLB,46291,Michael Kirkman,TEX,AL,2014,27,12,0,80,5.7,0,5.7,0
129,MLB,45902,Samuel Deduno,MIN,AL,2014,30,30,8,1565,92,38.7,53.3,0.420652174
130,MLB,45312,Jeremy Guthrie,KCA,AL,2014,35,32,32,3235,202.7,202.7,0,1
131,MLB,45140,Chris Young,SEA,AL,2014,35,30,29,2718,165,163,2,0.987878788
132,MLB,37512,Ubaldo Jimenez,BAL,AL,2014,30,25,22,2306,125.3,120,5.3,0.957701516
133,MLB,31544,Sean Burnett,ANA,AL,2014,31,3,0,19,0.7,0,0.7,0
134,MLB,1449,Fernando Rodney,SEA,AL,2014,37,69,0,1138,66.3,0,66.3,0
135,MLB,1275,Colby Lewis,TEX,AL,2014,34,29,29,2802,170.3,170.3,0,1
136,MLB,461,Joe Nathan,DET,AL,2014,39,62,0,1062,58,0,58,0
137,MLB,241,Kyle Farnsworth,HOU,AL,2014,38,16,0,204,11.7,0,11.7,0
138,MLB,102199,Wei-Chung Wang,MIL,NL,2014,22,14,0,357,17.3,0,17.3,0
139,MLB,101412,Shae Simmons,ATL,NL,2014,23,26,0,369,21.7,0,21.7,0
140,MLB,70803,Anthony DeSclafani,MIA,NL,2014,24,13,5,548,33,24.3,8.7,0.736363636
141,MLB,70641,Michael Wacha,SLN,NL,2014,22,19,19,1690,107,107,0,1
142,MLB,70444,Jose Fernandez,MIA,NL,2014,21,8,8,787,51.7,51.7,0,1
143,MLB,69552,Evan Marshall,ARI,NL,2014,24,57,0,823,49.3,0,49.3,0
144,MLB,69302,Leonel Campos,SDN,NL,2014,26,6,0,128,7,0,7,0
145,MLB,68804,Blake Treinen,WAS,NL,2014,26,15,7,734,50.7,36,14.7,0.710059172
146,MLB,68759,Marco Gonzales,SLN,NL,2014,22,10,5,623,34.7,25.7,9,0.740634006
147,MLB,68693,Matt Stites,ARI,NL,2014,24,37,0,557,33,0,33,0
148,MLB,68579,Taylor Hill,WAS,NL,2014,25,3,1,155,9,4.7,4.3,0.522222222
149,MLB,68438,Tyler Lyons,SLN,NL,2014,26,11,4,539,36.7,22,14.7,0.599455041
150,MLB,68419,Jesse Hahn,SDN,NL,2014,24,14,12,1180,73.3,70,3.3,0.954979536
151,MLB,68372,Sam Dyson,MIA,NL,2014,26,31,0,683,42,0,42,0
152,MLB,67740,Jacob deGrom,NYN,NL,2014,26,22,22,2236,140.3,140.3,0,1
153,MLB,67219,Carlos Martinez,SLN,NL,2014,22,57,7,1379,89.3,32.3,57,0.361702128
154,MLB,67139,Sam Tuivailala,SLN,NL,2014,21,2,0,42,1,0,1,0
155,MLB,66968,Brandon Cumpton,PIT,NL,2014,25,16,10,1113,70,56,14,0.8
156,MLB,66639,Josh Edgin,NYN,NL,2014,27,47,0,409,27.3,0,27.3,0
157,MLB,66578,Red Patterson,LAN,NL,2014,27,1,1,87,4.7,4.7,0,1
158,MLB,66513,David Buchanan,PHI,NL,2014,25,20,20,1817,117.7,117.7,0,1
159,MLB,66214,Tyler Matzek,COL,NL,2014,23,20,19,1764,117.7,117,0.7,0.994052676
160,MLB,65957,Gerrit Cole,PIT,NL,2014,23,22,22,2197,138,138,0,1
161,MLB,65949,Dallas Beeler,CHN,NL,2014,25,2,2,187,11,11,0,1
162,MLB,55695,Brett Cecil,TOR,AL,2014,27,66,0,892,53.3,0,53.3,0
163,MLB,55512,John Axford,CLE,AL,2014,31,49,0,824,43.7,0,43.7,0
164,MLB,53610,Nick Hagadone,CLE,AL,2014,28,35,0,351,23.3,0,23.3,0
165,MLB,53253,Sean Doolittle,OAK,AL,2014,27,61,0,928,62.7,0,62.7,0
166,MLB,53182,Dane De La Rosa,ANA,AL,2014,31,3,0,40,2.3,0,2.3,0
167,MLB,53155,Yu Darvish,TEX,AL,2014,27,22,22,2312,144.3,144.3,0,1
168,MLB,52489,Al Alburquerque,DET,AL,2014,28,72,0,960,57.3,0,57.3,0
169,MLB,52232,Brandon Morrow,TOR,AL,2014,29,13,6,618,33.3,27.3,6,0.81981982
170,MLB,52057,Chris Leroux,NYA,AL,2014,30,2,0,56,2,0,2,0
171,MLB,51959,Wade LeBlanc,ANA,AL,2014,29,10,3,428,28.7,14,14.7,0.487804878
172,MLB,51645,Jose Quintana,CHA,AL,2014,25,32,32,3346,200.3,200.3,0,1
173,MLB,51591,Yoervis Medina,SEA,AL,2014,25,66,0,910,57,0,57,0
174,MLB,51129,Joe Smith,ANA,AL,2014,30,76,0,1105,74.7,0,74.7,0
175,MLB,50878,Jose Alvarez,ANA,AL,2014,25,2,0,10,0.7,0,0.7,0
176,MLB,50880,Cesar Cabral,NYA,AL,2014,25,4,0,49,1,0,1,0
177,MLB,50803,Jorge De Leon,HOU,AL,2014,26,8,0,138,7.3,0,7.3,0
178,MLB,50258,Luke Gregerson,OAK,AL,2014,30,72,0,1006,72.3,0,72.3,0
179,MLB,50215,Casey Fien,MIN,AL,2014,30,73,0,987,63.3,0,63.3,0
180,MLB,50210,Nathan Adcock,TEX,AL,2014,26,7,0,185,10,0,10,0
181,MLB,50175,Jeff Samardzija,OAK,AL,2014,29,16,16,1652,111.7,111.7,0,1
182,MLB,50167,Alex Cobb,TBA,AL,2014,26,27,27,2611,166.3,166.3,0,1
183,MLB,50118,Zach McAllister,CLE,AL,2014,26,22,15,1462,86,73,13,0.848837209
184,MLB,50101,Chris Archer,TBA,AL,2014,25,32,32,3160,194.7,194.7,0,1
185,MLB,49910,Alexi Ogando,TEX,AL,2014,30,27,0,494,25,0,25,0
186,MLB,49775,Dellin Betances,NYA,AL,2014,26,70,0,1365,90,0,90,0
187,MLB,49765,Kyle Drabek,TOR,AL,2014,26,2,0,55,3,0,3,0
188,MLB,49760,Neil Wagner,TOR,AL,2014,30,10,0,216,10,0,10,0
189,MLB,49686,Pedro Figueroa,TEX,AL,2014,28,10,0,144,9,0,9,0
190,MLB,49617,Andrew Miller,BOS,AL,2014,29,50,0,686,42.3,0,42.3,0
191,MLB,49617,Andrew Miller,BAL,AL,2014,29,23,0,307,20,0,20,0
192,MLB,49616,Mike Pelfrey,MIN,AL,2014,30,5,5,457,23.7,23.7,0,1
193,MLB,49130,Ryan Webb,BAL,AL,2014,28,51,0,723,49.3,0,49.3,0
194,MLB,49127,Jered Weaver,ANA,AL,2014,31,34,34,3352,213.3,213.3,0,1
195,MLB,49122,Donnie Veal,CHA,AL,2014,29,7,0,131,6,0,6,0
196,MLB,49044,Josh Wall,ANA,AL,2014,27,2,0,43,1,0,1,0
197,MLB,49084,Steve Tolleson,TOR,AL,2014,30,2,0,13,1,0,1,0
198,MLB,49043,Raul Valdes,HOU,AL,2014,36,8,0,77,3.7,0,3.7,0
199,MLB,49018,Aaron Thompson,MIN,AL,2014,27,7,0,102,7.3,0,7.3,0
200,MLB,48858,Fernando Salas,ANA,AL,2014,29,57,0,943,58.7,0,58.7,0
201,MLB,48658,Chaz Roe,NYA,AL,2014,27,3,0,46,2,0,2,0
202,MLB,48736,Cesar Ramos,TBA,AL,2014,30,43,7,1315,82.7,30.3,52.3,0.366384522
203,MLB,48657,Fernando Rodriguez,OAK,AL,2014,30,7,0,121,9,0,9,0
204,MLB,48112,Evan Meek,BAL,AL,2014,31,23,0,409,23.3,0,23.3,0
205,MLB,47870,Matt Harrison,TEX,AL,2014,28,4,4,343,17.3,17.3,0,1
206,MLB,47865,Phil Hughes,MIN,AL,2014,28,32,32,3046,209.7,209.7,0,1
207,MLB,47851,Javy Guerra,CHA,AL,2014,28,42,0,772,46.3,0,46.3,0
208,MLB,47836,Lucas Harrell,HOU,AL,2014,29,3,3,284,12.3,12.3,0,1
209,MLB,47575,Chris Gimenez,TEX,AL,2014,31,1,0,12,1,0,1,0
210,MLB,47476,Miguel Gonzalez,BAL,AL,2014,30,27,26,2552,159,157,2,0.987421384
211,MLB,47160,Clay Buchholz,BOS,AL,2014,29,28,28,2741,170.3,170.3,0,1
212,MLB,46928,Alfredo Aceves,NYA,AL,2014,31,10,0,323,19.3,0,19.3,0
213,MLB,46761,Anthony Swarzak,MIN,AL,2014,28,50,4,1405,86,18,68,0.209302326
214,MLB,46711,Joakim Soria,DET,AL,2014,30,13,0,189,11,0,11,0
215,MLB,46630,Tony Sipp,HOU,AL,2014,30,56,0,818,50.7,0,50.7,0
216,MLB,46496,Josh Outman,NYA,AL,2014,29,9,0,49,3.7,0,3.7,0
217,MLB,46483,Edward Mujica,BOS,AL,2014,30,64,0,951,60,0,60,0
218,MLB,46454,Felipe Paulino,CHA,AL,2014,30,4,4,417,18.3,18.3,0,1
219,MLB,46413,Eric O'Flaherty,OAK,AL,2014,29,21,0,321,20,0,20,0
220,MLB,46193,Casey Janssen,TOR,AL,2014,32,50,0,701,45.7,0,45.7,0
221,MLB,46155,Jeremy Hellickson,TBA,AL,2014,27,13,13,1178,63.7,63.7,0,1
222,MLB,46084,J.A. Happ,TOR,AL,2014,31,30,26,2710,158,153,5,0.96835443
223,MLB,46026,Felix Doubront,BOS,AL,2014,26,17,10,1048,59.3,50.3,9,0.848229342
224,MLB,46009,Ryan Feierabend,TEX,AL,2014,28,6,0,134,7.3,0,7.3,0
225,MLB,45951,Brian Duensing,MIN,AL,2014,31,62,0,873,54.3,0,54.3,0
226,MLB,45918,Ernesto Frieri,ANA,AL,2014,28,34,0,571,31,0,31,0
227,MLB,45913,Steve Delabar,TOR,AL,2014,30,30,0,480,25.7,0,25.7,0
228,MLB,45902,Samuel Deduno,HOU,AL,2014,30,5,1,158,8.7,4,4.7,0.459770115
229,MLB,45832,Phil Coke,DET,AL,2014,31,62,0,941,58,0,58,0
230,MLB,45790,Mike Carp,BOS,AL,2014,28,1,0,38,1,0,1,0
231,MLB,45681,Burke Badenhop,BOS,AL,2014,31,70,0,1066,70.7,0,70.7,0
232,MLB,45622,Scott Feldman,HOU,AL,2014,31,29,29,2964,180.3,180.3,0,1
233,MLB,45595,Jason Vargas,KCA,AL,2014,31,30,30,3003,187,187,0,1
234,MLB,45575,Ramon Ramirez,BAL,AL,2014,32,1,0,15,1,0,1,0
235,MLB,45560,Jim Miller,NYA,AL,2014,32,2,0,63,2.7,0,2.7,0
236,MLB,45558,Brandon McCarthy,NYA,AL,2014,30,14,14,1409,90.3,90.3,0,1
237,MLB,45548,Jon Lester,OAK,AL,2014,30,11,11,1186,76.7,76.7,0,1
238,MLB,45548,Jon Lester,BOS,AL,2014,30,21,21,2307,143,143,0,1
239,MLB,45544,Kevin Jepsen,ANA,AL,2014,29,74,0,1059,65,0,65,0
240,MLB,45536,Felix Hernandez,SEA,AL,2014,28,34,34,3434,236,236,0,1
241,MLB,45498,Scott Baker,TEX,AL,2014,32,25,8,1193,80.7,40.3,40.3,0.499380421
242,MLB,44239,Jose Veras,HOU,AL,2014,33,34,0,573,32.7,0,32.7,0
243,MLB,44014,Koji Uehara,BOS,AL,2014,39,64,0,951,64.3,0,64.3,0
244,MLB,42750,James Shields,KCA,AL,2014,32,34,34,3632,227,227,0,1
245,MLB,42438,Joe Saunders,TEX,AL,2014,33,8,8,782,39.7,39.7,0,1
246,MLB,42438,Joe Saunders,BAL,AL,2014,33,6,0,65,3.3,0,3.3,0
247,MLB,42394,Sergio Santos,TOR,AL,2014,30,26,0,412,21,0,21,0
248,MLB,40962,Joel Peralta,TBA,AL,2014,38,69,0,1091,63.3,0,63.3,0
249,MLB,40448,Juan Oviedo,TBA,AL,2014,32,32,0,528,31.7,0,31.7,0
250,MLB,40375,Ricky Nolasco,MIN,AL,2014,31,27,27,2641,159,159,0,1
251,MLB,38540,Matt Lindstrom,CHA,AL,2014,34,35,0,555,34,0,34,0
252,MLB,38132,Bobby Korecky,TOR,AL,2014,34,2,0,58,3.3,0,3.3,0
253,MLB,38205,Hiroki Kuroda,NYA,AL,2014,39,32,32,3097,199,199,0,1
254,MLB,37595,Jim Johnson,OAK,AL,2014,31,38,0,721,40.3,0,40.3,0
255,MLB,37595,Jim Johnson,DET,AL,2014,31,16,0,261,13,0,13,0
256,MLB,37381,Hisashi Iwakuma,SEA,AL,2014,33,28,28,2537,179,179,0,1
257,MLB,36959,Rich Hill,ANA,AL,2014,34,2,0,19,0,0,0,#DIV/0!
258,MLB,36959,Rich Hill,NYA,AL,2014,34,14,0,99,5.3,0,5.3,0
259,MLB,36564,Jason Hammel,OAK,AL,2014,31,13,12,1097,67.7,64.7,3,0.955686854
260,MLB,35975,Justin Germano,TEX,AL,2014,31,2,0,120,5.3,0,5.3,0
261,MLB,35574,Frank Francisco,CHA,AL,2014,34,4,0,100,3.7,0,3.7,0
262,MLB,34195,Neal Cotts,TEX,AL,2014,34,73,0,1081,66.7,0,66.7,0
263,MLB,34159,Kevin Correia,MIN,AL,2014,33,23,23,2122,129.3,129.3,0,1
264,MLB,33326,Jared Burton,MIN,AL,2014,33,68,0,1013,64,0,64,0
265,MLB,33059,Craig Breslow,BOS,AL,2014,33,60,0,977,54.3,0,54.3,0
266,MLB,32273,Scott Atchison,CLE,AL,2014,38,70,0,1037,72,0,72,0
267,MLB,31948,Matt Albers,HOU,AL,2014,31,8,0,170,10,0,10,0
268,MLB,31711,C.J. Wilson,ANA,AL,2014,33,31,31,3108,175.7,175.7,0,1
269,MLB,31683,Matt Thornton,NYA,AL,2014,37,46,0,460,24.7,0,24.7,0
270,MLB,31635,Dustin McGowan,TOR,AL,2014,32,53,8,1406,82,39,43,0.475609756
271,MLB,31585,Jeff Francis,OAK,AL,2014,33,9,0,214,13.3,0,13.3,0
272,MLB,31585,Jeff Francis,NYA,AL,2014,33,2,0,27,1.7,0,1.7,0
273,MLB,31551,Matt Guerrier,MIN,AL,2014,35,27,0,440,28,0,28,0
274,MLB,31506,Scott Kazmir,OAK,AL,2014,30,32,32,2981,190.3,190.3,0,1
275,MLB,31497,Heath Bell,TBA,AL,2014,36,13,0,352,17.3,0,17.3,0
276,MLB,31330,Chad Qualls,HOU,AL,2014,35,58,0,697,51.3,0,51.3,0
277,MLB,17096,Jason Grilli,ANA,AL,2014,37,40,0,574,33.7,0,33.7,0
278,MLB,16715,Grant Balfour,TBA,AL,2014,36,65,0,1127,62.3,0,62.3,0
279,MLB,16660,Chris Capuano,NYA,AL,2014,35,12,12,1083,65.7,65.7,0,1
280,MLB,16637,Jerome Williams,TEX,AL,2014,32,2,2,175,10,10,0,1
281,MLB,16637,Jerome Williams,HOU,AL,2014,32,26,0,814,47.7,0,47.7,0
282,MLB,1526,Mark Buehrle,TOR,AL,2014,35,32,32,3082,202,202,0,1
283,MLB,1195,Erik Bedard,TBA,AL,2014,35,17,15,1397,75.7,72.7,3,0.960369881
284,MLB,1117,CC Sabathia,NYA,AL,2014,33,8,8,798,46,46,0,1
285,MLB,886,John Lackey,BOS,AL,2014,35,21,21,2142,137.3,137.3,0,1
286,MLB,769,Adam Dunn,CHA,AL,2014,34,1,0,22,1,0,1,0
287,MLB,762,Bruce Chen,KCA,AL,2014,37,13,7,868,48.3,34.7,13.7,0.718426501
288,MLB,703,Joe Beimel,SEA,AL,2014,37,56,0,624,45,0,45,0
289,MLB,398,Scott Downs,KCA,AL,2014,38,17,0,220,14.3,0,14.3,0
290,MLB,398,Scott Downs,CHA,AL,2014,38,38,0,473,23.7,0,23.7,0
291,MLB,103737,Odrisamer Despaigne,SDN,NL,2014,27,16,16,1549,96.3,96.3,0,1
292,MLB,101994,Miguel Gonzalez,PHI,NL,2014,27,6,0,130,5.3,0,5.3,0
293,MLB,100718,Alex Wood,ATL,NL,2014,23,35,24,2683,171.7,156.3,15.3,0.910308678
294,MLB,100700,Ian Thomas,ATL,NL,2014,27,16,0,204,10.7,0,10.7,0
295,MLB,100166,R.J. Alvarez,SDN,NL,2014,23,10,0,162,8,0,8,0
296,MLB,100107,Paco Rodriguez,LAN,NL,2014,23,19,0,235,14,0,14,0
297,MLB,99938,Eddie Butler,COL,NL,2014,23,3,3,259,16,16,0,1
298,MLB,99874,Andrew Heaney,MIA,NL,2014,23,7,5,479,29.3,24.7,4.7,0.843003413
299,MLB,99616,Daniel Coulombe,LAN,NL,2014,24,5,0,79,4.3,0,4.3,0
300,MLB,70436,Andrew Chafin,ARI,NL,2014,24,3,3,258,14,14,0,1
301,MLB,70434,Carter Capps,MIA,NL,2014,23,17,0,365,20.3,0,20.3,0
302,MLB,68748,Brett Bochy,SFN,NL,2014,26,3,0,64,3.3,0,3.3,0
303,MLB,67865,Casey Sadler,PIT,NL,2014,23,6,0,161,10.3,0,10.3,0
304,MLB,67355,Hector Neris,PHI,NL,2014,25,1,0,9,1,0,1,0
305,MLB,67137,Tyler Thornburg,MIL,NL,2014,25,27,0,511,29.7,0,29.7,0
306,MLB,67118,Chasen Shreve,ATL,NL,2014,23,15,0,204,12.3,0,12.3,0
307,MLB,67085,Addison Reed,ARI,NL,2014,25,62,0,967,59.3,0,59.3,0
308,MLB,67030,Mike Kickham,SFN,NL,2014,25,2,0,53,2,0,2,0
309,MLB,67028,Tommy Kahnle,COL,NL,2014,24,54,0,1099,68.7,0,68.7,0
310,MLB,66999,Erik Goeddel,NYN,NL,2014,25,6,0,96,6.7,0,6.7,0
311,MLB,66555,Mario Hollands,PHI,NL,2014,25,50,0,772,47,0,47,0
312,MLB,66213,Zack Wheeler,NYN,NL,2014,24,32,32,3308,185.3,185.3,0,1
313,MLB,66008,Jacob Turner,MIA,NL,2014,23,20,12,1251,78.3,62.7,15.7,0.800766284
314,MLB,65956,Nick Christiani,CIN,NL,2014,26,10,0,184,13,0,13,0
315,MLB,65855,Chad Bettis,COL,NL,2014,25,21,0,499,24.7,0,24.7,0
316,MLB,65829,Aaron Barrett,WAS,NL,2014,26,50,0,675,40.7,0,40.7,0
317,MLB,65810,Mike Bolsinger,ARI,NL,2014,26,10,9,845,52.3,49.3,3,0.942638623
318,MLB,61056,Stephen Strasburg,WAS,NL,2014,25,34,34,3295,215,215,0,1
319,MLB,61051,Mike Leake,CIN,NL,2014,26,33,33,3215,214.3,214.3,0,1
320,MLB,61032,Vic Black,NYN,NL,2014,26,41,0,561,34.7,0,34.7,0
321,MLB,60921,Dan Straily,CHN,NL,2014,25,7,1,273,13.7,5.3,8.3,0.386861314
322,MLB,60879,Rob Scahill,COL,NL,2014,27,12,0,248,15,0,15,0
323,MLB,60787,Hyun-jin Ryu,LAN,NL,2014,27,26,26,2443,152,152,0,1
324,MLB,58721,Eric Surkamp,CHA,AL,2014,26,35,0,419,24.3,0,24.3,0
325,MLB,58667,Matt Shoemaker,ANA,AL,2014,27,27,20,2101,136,121.3,14.7,0.891911765
326,MLB,58555,Bryan Price,CLE,AL,2014,27,3,0,69,2.7,0,2.7,0
327,MLB,56121,Brad Mills,OAK,AL,2014,29,3,3,290,16.3,16.3,0,1
328,MLB,56074,Patrick McCoy,DET,AL,2014,25,14,0,254,14,0,14,0
329,MLB,55992,Josh Lueke,TBA,AL,2014,29,25,0,487,30.3,0,30.3,0
330,MLB,55935,Tommy Layne,BOS,AL,2014,29,30,0,304,19,0,19,0
331,MLB,55735,Alex Colome,TBA,AL,2014,25,5,3,385,23.7,18.7,5,0.789029536
332,MLB,55729,Maikel Cleto,CHA,AL,2014,25,28,0,565,29.3,0,29.3,0
333,MLB,55707,Joba Chamberlain,DET,AL,2014,28,69,0,1039,63,0,63,0
334,MLB,53698,Yoslan Herrera,ANA,AL,2014,33,20,0,313,16.7,0,16.7,0
335,MLB,52678,J.P. Arencibia,TEX,AL,2014,28,1,0,10,1,0,1,0
336,MLB,53026,Wei-Yin Chen,BAL,AL,2014,28,31,31,2977,185.7,185.7,0,1
337,MLB,52416,Hector Noesi,SEA,AL,2014,27,2,0,27,1,0,1,0
338,MLB,52416,Hector Noesi,TEX,AL,2014,27,3,0,109,5.3,0,5.3,0
339,MLB,51990,Jon Edwards,TEX,AL,2014,26,9,0,164,8.3,0,8.3,0
340,MLB,51959,Wade LeBlanc,NYA,AL,2014,29,1,0,20,1,0,1,0
341,MLB,51966,David Huff,NYA,AL,2014,29,30,0,642,39,0,39,0
342,MLB,51948,Kris Johnson,MIN,AL,2014,29,3,3,254,13.3,13.3,0,1
343,MLB,49957,Esmil Rogers,NYA,AL,2014,28,18,1,434,25,5,20,0.2
344,MLB,49766,Justin Masterson,CLE,AL,2014,29,19,19,1713,98,98,0,1
345,MLB,48217,David Martinez,HOU,AL,2014,26,3,0,111,7,0,7,0
346,MLB,47360,Wade Davis,KCA,AL,2014,28,71,0,1210,72,0,72,0
347,MLB,47419,Darin Downs,HOU,AL,2014,29,45,0,532,34.7,0,34.7,0
348,MLB,47279,Jesse Chavez,OAK,AL,2014,30,32,21,2400,146,125.7,20.3,0.860958904
349,MLB,47229,Carlos Carrasco,CLE,AL,2014,27,40,14,1956,134,91,43,0.679104478
350,MLB,46711,Joakim Soria,TEX,AL,2014,30,35,0,503,33.3,0,33.3,0
351,MLB,46591,Yohan Pino,MIN,AL,2014,30,11,11,1012,60.3,60.3,0,1
352,MLB,45613,Justin Verlander,DET,AL,2014,31,32,32,3409,206,206,0,1
353,MLB,45578,Anibal Sanchez,DET,AL,2014,30,22,21,2090,126,125,1,0.992063492
354,MLB,45515,John Danks,CHA,AL,2014,29,32,32,3298,193.7,193.7,0,1
355,MLB,35597,Jason Frasor,KCA,AL,2014,36,23,0,286,17.7,0,17.7,0
356,MLB,32630,Ronald Belisario,CHA,AL,2014,31,62,0,1084,66.3,0,66.3,0
357,MLB,16660,Chris Capuano,BOS,AL,2014,35,28,0,556,31.7,0,31.7,0
358,MLB,5034,R.A. Dickey,TOR,AL,2014,39,34,34,3513,215.7,215.7,0,1
359,MLB,638,Jake Peavy,BOS,AL,2014,33,20,20,2063,124,124,0,1
360,MLB,68920,Seth Maness,SLN,NL,2014,25,73,0,1094,80.3,0,80.3,0
361,MLB,68390,Justin Grimm,CHN,NL,2014,25,73,0,1134,69,0,69,0
362,MLB,66174,Yimi Garcia,LAN,NL,2014,23,8,0,134,10,0,10,0
363,MLB,66039,Christian Bergman,COL,NL,2014,26,10,10,886,54.7,54.7,0,1
364,MLB,48157,Mark Lowe,CLE,AL,2014,31,7,0,144,7,0,7,0
365,MLB,47833,Jarrett Grube,ANA,AL,2014,32,1,0,7,0.7,0,0.7,0
366,MLB,45588,Huston Street,ANA,AL,2014,30,28,0,428,26.3,0,26.3,0
367,MLB,35597,Jason Frasor,TEX,AL,2014,36,38,0,546,29.7,0,29.7,0
368,MLB,58661,Bryan Shaw,CLE,AL,2014,26,80,0,1247,76.3,0,76.3,0
369,MLB,58750,Michael Tonkin,MIN,AL,2014,24,25,0,332,19,0,19,0
370,MLB,58787,Allen Webster,BOS,AL,2014,24,11,11,956,59,59,0,1
371,MLB,58823,Anthony Bass,HOU,AL,2014,26,21,0,431,27,0,27,0
372,MLB,58833,Casey Coleman,KCA,AL,2014,26,10,0,231,12,0,12,0
373,MLB,58911,Trevor May,MIN,AL,2014,24,10,9,839,45.7,43.3,2.3,0.947483589
374,MLB,58920,Charlie Leesman,CHA,AL,2014,27,1,1,73,2.7,2.7,0,1
375,MLB,58933,Brandon Maurer,SEA,AL,2014,23,38,7,1139,69.7,32.3,37.3,0.463414634
376,MLB,58984,Junichi Tazawa,BOS,AL,2014,28,71,0,988,63,0,63,0
377,MLB,58985,Brian Matusz,BAL,AL,2014,27,63,0,914,51.7,0,51.7,0
378,MLB,59012,Erasmo Ramirez,SEA,AL,2014,24,17,14,1290,75.3,67.3,8,0.8937583
379,MLB,59095,Melvin Mercedes,DET,AL,2014,23,1,0,23,2,0,2,0
380,MLB,59166,Josh Fields,HOU,AL,2014,28,54,0,950,54.7,0,54.7,0
381,MLB,59195,Josh Zeid,HOU,AL,2014,27,23,0,382,20.7,0,20.7,0
382,MLB,59212,Justin Marks,KCA,AL,2014,26,1,0,55,2,0,2,0
383,MLB,59223,Louis Coleman,KCA,AL,2014,28,31,0,613,34,0,34,0
384,MLB,59239,Kirby Yates,TBA,AL,2014,27,37,0,690,36,0,36,0
385,MLB,59325,David Carpenter,ANA,AL,2014,26,1,0,39,3,0,3,0
386,MLB,59351,Joe Kelly,BOS,AL,2014,26,10,10,978,61.3,61.3,0,1
387,MLB,59446,Edwin Escobar,BOS,AL,2014,22,2,0,36,2,0,2,0
388,MLB,59464,C.C. Lee,CLE,AL,2014,27,37,0,499,28,0,28,0
389,MLB,59473,Masahiro Tanaka,NYA,AL,2014,25,20,20,2009,136.3,136.3,0,1
390,MLB,59872,Jose Cisnero,HOU,AL,2014,25,5,0,100,4.7,0,4.7,0
391,MLB,59932,Roman Mendez,TEX,AL,2014,23,30,0,552,33,0,33,0
392,MLB,59978,Austin Adams,CLE,AL,2014,27,6,0,100,7,0,7,0
393,MLB,59986,Jarred Cosart,HOU,AL,2014,24,20,20,1992,116.3,116.3,0,1
394,MLB,59997,Preston Guilmet,BAL,AL,2014,26,10,0,163,10.3,0,10.3,0
395,MLB,60011,Kyle Lobstein,DET,AL,2014,24,7,6,630,39.3,33.7,5.7,0.857506361
396,MLB,60040,Taylor Thompson,CHA,AL,2014,27,5,0,112,5.3,0,5.3,0
397,MLB,60051,Alex Wilson,BOS,AL,2014,27,18,0,412,28.3,0,28.3,0
398,MLB,60094,Jairo Diaz,ANA,AL,2014,23,5,0,91,5.7,0,5.7,0
399,MLB,60416,Donnie Joseph,KCA,AL,2014,26,1,0,30,0.7,0,0.7,0
400,MLB,60436,Phil Irwin,TEX,AL,2014,27,1,1,83,4,4,0,1
401,MLB,60448,Dallas Keuchel,HOU,AL,2014,26,29,29,3020,200,200,0,1
402,MLB,60488,Vidal Nuno,NYA,AL,2014,26,17,14,1301,78,73.7,4.3,0.944871795
403,MLB,60611,Ian Krol,DET,AL,2014,23,45,0,611,32.7,0,32.7,0
404,MLB,60619,Aaron Loup,TOR,AL,2014,26,71,0,1084,68.7,0,68.7,0
405,MLB,60625,Miles Mikolas,TEX,AL,2014,25,10,10,931,57.3,57.3,0,1
406,MLB,60655,Garrett Richards,ANA,AL,2014,26,26,26,2627,168.7,168.7,0,1
407,MLB,60728,Robbie Ross,TEX,AL,2014,25,27,12,1355,78.3,60,18.3,0.766283525
408,MLB,60759,Adam Warren,NYA,AL,2014,26,69,0,1333,78.7,0,78.7,0
409,MLB,60812,Jose Ramirez,NYA,AL,2014,24,8,0,204,10,0,10,0
410,MLB,60836,T.J. House,CLE,AL,2014,24,19,18,1576,102,101,1,0.990196078
411,MLB,60907,Shane Greene,NYA,AL,2014,25,15,14,1352,78.7,78.3,0.3,0.994917408
412,MLB,60921,Dan Straily,OAK,AL,2014,25,7,7,608,38.3,38.3,0,1
413,MLB,60922,Caleb Thielbar,MIN,AL,2014,27,54,0,813,47.7,0,47.7,0
414,MLB,61000,Tyler Skaggs,ANA,AL,2014,22,18,18,1702,113,113,0,1
415,MLB,61058,Aaron Crow,KCA,AL,2014,27,67,0,934,59,0,59,0
416,MLB,61061,Tanner Scheppers,TEX,AL,2014,27,8,4,416,23,18.3,4.7,0.795652174
417,MLB,65751,Chris Sale,CHA,AL,2014,25,26,26,2753,174,174,0,1
418,MLB,65756,Tom Wilhelmsen,SEA,AL,2014,30,57,2,1221,79.3,4,75.3,0.050441362
419,MLB,65765,Shawn Tolleson,TEX,AL,2014,26,64,0,1166,71.7,0,71.7,0
420,MLB,65796,Preston Claiborne,NYA,AL,2014,26,18,0,367,21,0,21,0
421,MLB,65801,Kyle Gibson,MIN,AL,2014,26,31,31,2800,179.3,179.3,0,1
422,MLB,65805,Kevin Chapman,HOU,AL,2014,26,21,0,375,21.3,0,21.3,0
423,MLB,65809,Brad Boxberger,TBA,AL,2014,26,63,0,1056,64.7,0,64.7,0
424,MLB,65830,Jake Petricka,CHA,AL,2014,26,67,0,1191,73,0,73,0
425,MLB,65897,Rob Rasmussen,TOR,AL,2014,25,10,0,183,11.3,0,11.3,0
426,MLB,65904,Seth Rosin,TEX,AL,2014,25,3,0,71,4,0,4,0
427,MLB,65982,Sean Nolin,TOR,AL,2014,24,1,0,18,1,0,1,0
428,MLB,65986,Stephen Pryor,SEA,AL,2014,24,1,0,35,1.7,0,1.7,0
429,MLB,65998,Daniel Webb,CHA,AL,2014,24,57,0,1177,67.7,0,67.7,0
430,MLB,66215,Chad Jenkins,TOR,AL,2014,26,21,0,440,31.7,0,31.7,0
431,MLB,66326,Yordano Ventura,KCA,AL,2014,23,31,30,2981,183,181.3,1.7,0.990710383
432,MLB,66423,Lisalverto Bonilla,TEX,AL,2014,24,5,3,319,20.7,17,3.7,0.821256039
433,MLB,66556,Drew Hutchison,TOR,AL,2014,23,32,32,3051,184.7,184.7,0,1
434,MLB,66570,Bryan Mitchell,NYA,AL,2014,23,3,1,157,11,5,6,0.454545455
435,MLB,66919,A.J. Achter,MIN,AL,2014,25,7,0,169,11,0,11,0
436,MLB,66930,Cam Bedrosian,ANA,AL,2014,22,17,0,408,19.3,0,19.3,0
437,MLB,66960,Alexander Claudio,TEX,AL,2014,22,15,0,209,12.3,0,12.3,0
438,MLB,66971,Logan Darnell,MIN,AL,2014,25,7,4,394,24,18,6,0.75
439,MLB,66991,Mike Foltynewicz,HOU,AL,2014,22,16,0,326,18.7,0,18.7,0
440,MLB,67011,Heath Hembree,BOS,AL,2014,25,6,0,175,10,0,10,0
441,MLB,67050,Michael Mariot,KCA,AL,2014,25,17,0,484,25,0,25,0
442,MLB,67083,Robbie Ray,DET,AL,2014,22,9,6,547,28.7,26,2.7,0.905923345
443,MLB,67092,C.J. Riefenhauser,TBA,AL,2014,24,7,0,99,5.3,0,5.3,0
444,MLB,67107,Aaron Sanchez,TOR,AL,2014,21,24,0,465,33,0,33,0
445,MLB,67148,Taijuan Walker,SEA,AL,2014,21,8,5,625,38,28.7,9.3,0.755263158
446,MLB,67724,Jake Buchanan,HOU,AL,2014,24,17,2,561,35.3,9.3,26,0.263456091
447,MLB,67863,Ben Rowen,TEX,AL,2014,25,8,0,145,8.7,0,8.7,0
448,MLB,67864,Kyle Ryan,DET,AL,2014,22,6,1,163,10.3,6,4.3,0.582524272
449,MLB,67891,Chase Whitley,NYA,AL,2014,25,24,12,1265,75.7,58.7,17,0.775429326
450,MLB,68404,Drew Pomeranz,OAK,AL,2014,25,20,10,1138,69,52.3,16.7,0.757971014
451,MLB,68405,Anthony Ranaudo,BOS,AL,2014,24,7,7,635,39.3,39.3,0,1
452,MLB,68410,Nick Tepesch,TEX,AL,2014,25,23,22,2026,126,125.7,0.3,0.997619048
453,MLB,68414,Brandon Workman,BOS,AL,2014,25,19,15,1427,87,80.7,6.3,0.927586207
454,MLB,68467,James Paxton,SEA,AL,2014,25,13,13,1181,74,74,0,1
455,MLB,68494,Cody Allen,CLE,AL,2014,25,76,0,1139,69.7,0,69.7,0
456,MLB,68557,Kevin Gausman,BAL,AL,2014,23,20,20,1951,113.3,113.3,0,1
457,MLB,68688,Drew Smyly,DET,AL,2014,25,21,18,1879,105.3,98.3,7,0.933523267
458,MLB,68688,Drew Smyly,TBA,AL,2014,25,7,7,713,47.7,47.7,0,1
459,MLB,69123,Nate Karns,TBA,AL,2014,26,2,2,205,12,12,0,1
460,MLB,69516,Chris Bassitt,CHA,AL,2014,25,6,5,527,29.7,28.7,1,0.966329966
461,MLB,69523,Aaron Brooks,KCA,AL,2014,24,2,1,87,2.7,0.7,2,0.259259259
462,MLB,69860,Scott Snodgress,CHA,AL,2014,24,4,0,67,2.3,0,2.3,0
463,MLB,69887,Nick Martinez,TEX,AL,2014,23,29,24,2406,140.3,128.7,11.7,0.917320029
464,MLB,69924,Phil Klein,TEX,AL,2014,25,17,0,317,19,0,19,0
465,MLB,69954,Spencer Patton,TEX,AL,2014,26,9,0,142,9.3,0,9.3,0
466,MLB,69964,Nick Tropeano,HOU,AL,2014,23,4,4,367,21.7,21.7,0,1
467,MLB,70168,Drew Rucinski,ANA,AL,2014,25,3,0,126,7.3,0,7.3,0
468,MLB,70306,Sonny Gray,OAK,AL,2014,24,33,33,3295,219,219,0,1
469,MLB,70314,Nick Maronde,ANA,AL,2014,24,11,0,159,6.3,0,6.3,0
470,MLB,70335,Trevor Bauer,CLE,AL,2014,23,26,26,2591,153,153,0,1
471,MLB,70371,Marcus Stroman,TOR,AL,2014,23,26,20,2082,130.7,120.3,10.3,0.920428462
472,MLB,70456,Erik Johnson,CHA,AL,2014,24,5,5,459,23.7,23.7,0,1
473,MLB,70509,Roenis Elias,SEA,AL,2014,25,29,29,2659,163.7,163.7,0,1
474,MLB,70620,Corey Knebel,DET,AL,2014,22,8,0,171,8.7,0,8.7,0
475,MLB,70758,Matt Barnes,BOS,AL,2014,24,5,0,157,9,0,9,0
476,MLB,70778,Daniel Norris,TOR,AL,2014,21,5,1,138,6.7,3.3,3.3,0.492537313
477,MLB,70812,Carson Smith,SEA,AL,2014,24,9,0,116,8.3,0,8.3,0
478,MLB,70900,Chad Smith,DET,AL,2014,24,10,0,196,11.7,0,11.7,0
479,MLB,71050,Michael Roth,ANA,AL,2014,24,7,0,247,12.3,0,12.3,0
480,MLB,71272,Brandon Finnegan,KCA,AL,2014,21,7,0,121,7,0,7,0
481,MLB,99992,Mike Morin,ANA,AL,2014,23,60,0,919,59,0,59,0
482,MLB,100067,Buck Farmer,DET,AL,2014,23,4,2,194,9.3,6.3,3,0.677419355
483,MLB,100188,Drew VerHagen,DET,AL,2014,23,1,1,82,5,5,0,1
484,MLB,100305,Dominic Leone,SEA,AL,2014,22,57,0,1083,66.3,0,66.3,0
485,MLB,102077,Kendall Graveman,TOR,AL,2014,23,5,0,61,4.7,0,4.7,0
486,MLB,102560,Kyle Crockett,CLE,AL,2014,22,43,0,496,30,0,30,0
487,MLB,24,Jason Lane,SDN,NL,2014,37,3,1,141,10.3,6,4.3,0.582524272
488,MLB,219,Jamey Wright,LAN,NL,2014,39,61,1,1096,70.3,2,68.3,0.028449502
489,MLB,241,Kyle Farnsworth,NYN,NL,2014,38,19,0,275,17,0,17,0
490,MLB,318,Lyle Overbay,MIL,NL,2014,37,1,0,6,0.3,0,0.3,0
491,MLB,395,Bartolo Colon,NYN,NL,2014,41,31,31,3011,202.3,202.3,0,1
492,MLB,489,Josh Beckett,LAN,NL,2014,34,20,20,1909,115.7,115.7,0,1
493,MLB,493,A.J. Burnett,PHI,NL,2014,37,34,34,3471,213.7,213.7,0,1
494,MLB,524,Brad Penny,MIA,NL,2014,36,8,4,448,26,19,7,0.730769231
495,MLB,638,Jake Peavy,SFN,NL,2014,33,12,12,1162,78.7,78.7,0,1
496,MLB,639,Oliver Perez,ARI,NL,2014,32,68,0,1000,58.7,0,58.7,0
497,MLB,698,Randy Wolf,MIA,NL,2014,37,6,4,430,25.7,20.7,5,0.805447471
498,MLB,702,Bronson Arroyo,ARI,NL,2014,37,14,14,1253,86,86,0,1
499,MLB,746,Ryan Vogelsong,SFN,NL,2014,36,32,32,3058,184.7,184.7,0,1
500,MLB,886,John Lackey,SLN,NL,2014,35,10,10,932,60.7,60.7,0,1
501,MLB,932,Aaron Harang,ATL,NL,2014,36,33,33,3394,204.3,204.3,0,1
502,MLB,938,Tim Hudson,SFN,NL,2014,38,31,31,2784,189.3,189.3,0,1
503,MLB,1102,Cliff Lee,PHI,NL,2014,35,13,13,1272,81.3,81.3,0,1
504,MLB,1182,Rafael Soriano,WAS,NL,2014,34,64,0,1008,62,0,62,0
505,MLB,1250,Joaquin Benoit,SDN,NL,2014,36,53,0,810,54.3,0,54.3,0
506,MLB,1354,Jeremy Affeldt,SFN,NL,2014,35,62,0,838,55.3,0,55.3,0
507,MLB,1476,LaTroy Hawkins,COL,NL,2014,41,57,0,828,54.3,0,54.3,0
508,MLB,1490,Kyle Lohse,MIL,NL,2014,35,31,31,3002,198.3,198.3,0,1
509,MLB,1577,Randy Choate,SLN,NL,2014,38,61,0,589,36,0,36,0
510,MLB,16620,Javier Lopez,SFN,NL,2014,36,65,0,599,37.7,0,37.7,0
511,MLB,16637,Jerome Williams,PHI,NL,2014,32,9,9,839,57.3,57.3,0,1
512,MLB,16850,Buddy Carlyle,NYN,NL,2014,36,27,0,467,31,0,31,0
513,MLB,17096,Jason Grilli,PIT,NL,2014,37,22,0,363,20.3,0,20.3,0
514,MLB,31311,Francisco Rodriguez,MIL,NL,2014,32,69,0,1045,68,0,68,0
515,MLB,31338,Matt Belisle,COL,NL,2014,34,66,1,1052,64.7,3,61.7,0.046367852
516,MLB,31361,Adam Wainwright,SLN,NL,2014,32,32,32,3258,227,227,0,1
517,MLB,31362,Mike Adams,PHI,NL,2014,35,22,0,313,18.7,0,18.7,0
518,MLB,31384,Dan Haren,LAN,NL,2014,33,32,32,3095,186,186,0,1
519,MLB,31436,Jose Valverde,NYN,NL,2014,36,21,0,374,20.7,0,20.7,0
520,MLB,31476,Matt Cain,SFN,NL,2014,29,15,15,1440,90.3,90.3,0,1
521,MLB,31534,Gavin Floyd,ATL,NL,2014,31,9,9,830,54.3,54.3,0,1
522,MLB,31585,Jeff Francis,CIN,NL,2014,33,1,1,71,5,5,0,1
523,MLB,31607,Ervin Santana,ATL,NL,2014,31,31,31,2987,196,196,0,1
524,MLB,31680,J.J. Putz,ARI,NL,2014,37,18,0,259,13.7,0,13.7,0
525,MLB,31683,Matt Thornton,WAS,NL,2014,37,18,0,177,11.3,0,11.3,0
526,MLB,31714,Jorge De La Rosa,COL,NL,2014,33,32,32,3067,184.3,184.3,0,1
527,MLB,31734,Zack Greinke,LAN,NL,2014,30,32,32,3210,202.3,202.3,0,1
528,MLB,32395,John Baker,CHN,NL,2014,33,1,0,11,1,0,1,0
529,MLB,33003,Blaine Boyer,SDN,NL,2014,32,32,0,625,40.3,0,40.3,0
530,MLB,33197,Jonathan Broxton,CIN,NL,2014,30,51,0,747,48.3,0,48.3,0
531,MLB,33197,Jonathan Broxton,MIL,NL,2014,30,11,0,157,10.3,0,10.3,0
532,MLB,33458,Shawn Camp,PHI,NL,2014,38,3,0,51,3.3,0,3.3,0
533,MLB,33548,Roberto Hernandez,LAN,NL,2014,33,9,9,765,43.7,43.7,0,1
534,MLB,33548,Roberto Hernandez,PHI,NL,2014,33,23,20,1972,121,119,2,0.983471074
535,MLB,34159,Kevin Correia,LAN,NL,2014,33,9,3,400,24.7,14,10.7,0.566801619
536,MLB,34744,Jumbo Diaz,CIN,NL,2014,30,36,0,585,34.7,0,34.7,0
537,MLB,35683,Kyuji Fujikawa,CHN,NL,2014,33,15,0,234,13,0,13,0
538,MLB,35863,Santiago Casilla,SFN,NL,2014,33,54,0,861,58.3,0,58.3,0
539,MLB,36308,Kevin Gregg,MIA,NL,2014,36,12,0,163,9,0,9,0
540,MLB,36564,Jason Hammel,CHN,NL,2014,31,17,17,1699,108.7,108.7,0,1
541,MLB,37412,Edwin Jackson,CHN,NL,2014,30,28,27,2492,140.7,139.7,1,0.992892679
542,MLB,37513,Cesar Jimenez,PHI,NL,2014,29,16,0,260,16,0,16,0
543,MLB,38373,Brandon League,LAN,NL,2014,31,63,0,956,63,0,63,0
544,MLB,38551,Francisco Liriano,PIT,NL,2014,30,29,29,2708,162.3,162.3,0,1
545,MLB,38784,Jean Machi,SFN,NL,2014,32,71,0,927,66.3,0,66.3,0
546,MLB,38974,Carlos Marmol,MIA,NL,2014,31,15,0,269,13.3,0,13.3,0
547,MLB,39130,Nick Masset,COL,NL,2014,32,51,0,756,45,0,45,0
548,MLB,39203,Daisuke Matsuzaka,NYN,NL,2014,33,34,9,1446,83.3,46.7,36.7,0.56062425
549,MLB,40263,Pat Neshek,SLN,NL,2014,33,71,0,985,67.3,0,67.3,0
550,MLB,40798,Manny Parra,CIN,NL,2014,31,53,0,629,36.7,0,36.7,0
551,MLB,41653,Scott Rice,NYN,NL,2014,32,32,0,272,13.7,0,13.7,0
552,MLB,42097,Ryan Rowland-Smith,ARI,NL,2014,31,6,0,143,7.3,0,7.3,0
553,MLB,42557,Skip Schumaker,CIN,NL,2014,34,1,0,17,1,0,1,0
554,MLB,43330,Eric Stults,SDN,NL,2014,34,32,32,2833,176,176,0,1
555,MLB,44239,Jose Veras,CHN,NL,2014,33,12,0,274,13.3,0,13.3,0
556,MLB,45514,Tyler Clippard,WAS,NL,2014,29,75,0,1148,70.3,0,70.3,0
557,MLB,45522,Zach Duke,MIL,NL,2014,31,74,0,979,58.7,0,58.7,0
558,MLB,45523,Scott Elbert,LAN,NL,2014,28,7,0,68,4.3,0,4.3,0
559,MLB,45525,Dana Eveland,NYN,NL,2014,30,30,0,475,27.3,0,27.3,0
560,MLB,45529,Gio Gonzalez,WAS,NL,2014,28,27,27,2623,158.7,158.7,0,1
561,MLB,45530,Tom Gorzelanny,MIL,NL,2014,31,23,0,374,21,0,21,0
562,MLB,45534,Cole Hamels,PHI,NL,2014,30,30,30,3136,204.7,204.7,0,1
563,MLB,45541,J.P. Howell,LAN,NL,2014,31,68,0,809,49,0,49,0
564,MLB,45552,Paul Maholm,LAN,NL,2014,32,30,8,1173,70.7,43.7,27,0.618104668
565,MLB,45558,Brandon McCarthy,ARI,NL,2014,30,18,18,1635,109.7,109.7,0,1
566,MLB,45568,Jonathan Papelbon,PHI,NL,2014,33,66,0,1020,66.3,0,66.3,0
567,MLB,45571,Yusmeiro Petit,SFN,NL,2014,29,39,12,1678,117,68,49,0.581196581
568,MLB,45581,Alfredo Simon,CIN,NL,2014,33,32,32,3013,196.3,196.3,0,1
569,MLB,45588,Huston Street,SDN,NL,2014,30,33,0,499,33,0,33,0
570,MLB,45591,Dale Thayer,SDN,NL,2014,33,70,0,1055,65.3,0,65.3,0
571,MLB,45612,Homer Bailey,CIN,NL,2014,28,23,23,2275,145.7,145.7,0,1
572,MLB,45617,Tim Stauffer,SDN,NL,2014,32,44,3,1095,64.3,8,56.3,0.124416796
573,MLB,45618,Wandy Rodriguez,PIT,NL,2014,35,6,6,457,26.7,26.7,0,1
574,MLB,45621,Edinson Volquez,PIT,NL,2014,30,32,31,2977,192.7,190.7,2,0.989621173
575,MLB,45918,Ernesto Frieri,PIT,NL,2014,28,14,0,206,10.7,0,10.7,0
576,MLB,46026,Felix Doubront,CHN,NL,2014,26,4,4,312,20.3,20.3,0,1
577,MLB,46186,Jair Jurrjens,COL,NL,2014,28,2,2,195,9.3,9.3,0,1
578,MLB,46239,Sam LeCure,CIN,NL,2014,30,62,0,976,56.7,0,56.7,0
579,MLB,46298,Brandon Kintzler,MIL,NL,2014,29,64,0,867,58.3,0,58.3,0
580,MLB,46313,John Lannan,NYN,NL,2014,29,5,0,92,4,0,4,0
581,MLB,46338,Ryan Mattheus,WAS,NL,2014,30,7,0,121,8.7,0,8.7,0
582,MLB,46451,Logan Ondrusek,CIN,NL,2014,29,40,0,681,41,0,41,0
583,MLB,46468,Jon Niese,NYN,NL,2014,27,30,30,2791,187.7,187.7,0,1
584,MLB,46650,Kevin Slowey,MIA,NL,2014,30,17,2,591,37.3,9,28.3,0.241286863
585,MLB,46719,Pedro Strop,CHN,NL,2014,29,65,0,907,61,0,61,0
586,MLB,46755,Craig Stammen,WAS,NL,2014,30,49,0,1139,72.7,0,72.7,0
587,MLB,47068,Trevor Bell,CIN,NL,2014,27,2,0,36,0.7,0,0.7,0
588,MLB,47078,Jerry Blevins,WAS,NL,2014,30,64,0,976,57.3,0,57.3,0
589,MLB,47155,Drew Butera,LAN,NL,2014,30,2,0,26,1.7,0,1.7,0
590,MLB,47164,Billy Buckner,SDN,NL,2014,30,1,1,87,5.7,5.7,0,1
591,MLB,47243,Xavier Cedeno,WAS,NL,2014,27,9,0,112,7,0,7,0
592,MLB,47296,Mike Dunn,MIA,NL,2014,29,75,0,988,57,0,57,0
593,MLB,47415,Johnny Cueto,CIN,NL,2014,28,34,34,3659,243.7,243.7,0,1
594,MLB,47591,Yovani Gallardo,MIL,NL,2014,28,32,32,3216,192.3,192.3,0,1
595,MLB,47658,Marco Estrada,MIL,NL,2014,30,39,18,2534,150.7,107,43.7,0.710019907
596,MLB,47699,Juan Gutierrez,SFN,NL,2014,30,61,0,960,63.7,0,63.7,0
597,MLB,47758,Jim Henderson,MIL,NL,2014,31,14,0,188,11.3,0,11.3,0
598,MLB,47921,Boone Logan,COL,NL,2014,29,35,0,436,25,0,25,0
599,MLB,47965,Kenley Jansen,LAN,NL,2014,26,68,0,1061,65.3,0,65.3,0
600,MLB,48029,Kyle Kendrick,PHI,NL,2014,29,32,32,3102,199,199,0,1
601,MLB,48082,Martin Maldonado,MIL,NL,2014,27,1,0,15,1,0,1,0
602,MLB,48179,Sean Marshall,CIN,NL,2014,31,15,0,298,14,0,14,0
603,MLB,48258,Charlie Morton,PIT,NL,2014,30,26,26,2504,157.3,157.3,0,1
604,MLB,48314,Jason Motte,SLN,NL,2014,32,29,0,410,25,0,25,0
605,MLB,48365,Bobby Parnell,NYN,NL,2014,29,1,0,25,1,0,1,0
606,MLB,48398,Troy Patton,SDN,NL,2014,28,8,0,124,7.3,0,7.3,0
607,MLB,48448,Franklin Morales,COL,NL,2014,28,38,22,2431,142.3,118.7,23.7,0.834153197
608,MLB,48961,Carlos Villanueva,CHN,NL,2014,30,42,5,1309,77.7,19.7,58,0.253539254
609,MLB,49107,Carlos Torres,NYN,NL,2014,31,73,1,1577,97,5,92,0.051546392
610,MLB,49168,Travis Wood,CHN,NL,2014,27,31,31,3045,173.7,173.7,0,1
611,MLB,49178,Wesley Wright,CHN,NL,2014,29,58,0,772,48.3,0,48.3,0
612,MLB,49215,Brian Wilson,LAN,NL,2014,32,61,0,1021,48.3,0,48.3,0
613,MLB,49218,Brad Ziegler,ARI,NL,2014,34,68,0,980,67,0,67,0
614,MLB,49349,Matt Garza,MIL,NL,2014,30,27,27,2538,163.3,163.3,0,1
615,MLB,49543,Sergio Romo,SFN,NL,2014,31,64,0,866,58,0,58,0
616,MLB,49580,Joe Thatcher,ARI,NL,2014,32,37,0,402,24,0,24,0
617,MLB,49727,Luis Garcia,PHI,NL,2014,27,13,0,285,14,0,14,0
618,MLB,49753,Pedro Beato,ATL,NL,2014,27,3,0,77,4.3,0,4.3,0
619,MLB,49766,Justin Masterson,SLN,NL,2014,29,9,6,536,30.7,27.3,3.3,0.889250814
620,MLB,49777,Vin Mazzaro,PIT,NL,2014,27,5,0,195,10.3,0,10.3,0
621,MLB,49786,Clayton Kershaw,LAN,NL,2014,26,27,27,2722,198.3,198.3,0,1
622,MLB,49925,Jhoulys Chacin,COL,NL,2014,26,11,11,1027,63.3,63.3,0,1
623,MLB,49963,Henry Rodriguez,MIA,NL,2014,27,2,0,57,1.7,0,1.7,0
624,MLB,50058,Ryan Buchter,ATL,NL,2014,27,1,0,12,1,0,1,0
625,MLB,50073,Travis Snider,PIT,NL,2014,26,1,0,19,1,0,1,0
626,MLB,50087,George Kontos,SFN,NL,2014,29,24,0,469,32.3,0,32.3,0
627,MLB,50094,Jeremy Jeffress,MIL,NL,2014,26,29,0,424,28.7,0,28.7,0
628,MLB,50102,Jeff Locke,PIT,NL,2014,26,21,21,1962,131.3,131.3,0,1
629,MLB,50175,Jeff Samardzija,CHN,NL,2014,29,17,17,1687,108,108,0,1
630,MLB,50199,Trevor Cahill,ARI,NL,2014,26,32,17,1928,110.7,87,23.7,0.785907859
631,MLB,50224,David Carpenter,ATL,NL,2014,28,65,0,999,61,0,61,0
632,MLB,50374,Jorge Rondon,SLN,NL,2014,26,1,0,15,1,0,1,0
633,MLB,50538,Wily Peralta,MIL,NL,2014,25,32,32,3192,198.7,198.7,0,1
634,MLB,50866,Luis Avilan,ATL,NL,2014,24,62,0,712,43.3,0,43.3,0
635,MLB,51032,Will Harris,ARI,NL,2014,29,29,0,479,29,0,29,0
636,MLB,51061,Chris Hatcher,MIA,NL,2014,29,52,0,922,56,0,56,0
637,MLB,51195,Arquimedes Caminero,MIA,NL,2014,27,6,0,114,6.7,0,6.7,0
638,MLB,51334,Tsuyoshi Wada,CHN,NL,2014,33,13,13,1144,69.3,69.3,0,1
639,MLB,51434,Adam Ottavino,COL,NL,2014,28,75,0,1086,65,0,65,0
640,MLB,51862,Jeanmar Gomez,PIT,NL,2014,26,44,0,978,62,0,62,0
641,MLB,51924,Brooks Brown,COL,NL,2014,29,28,0,405,26,0,26,0
642,MLB,51927,Jared Hughes,PIT,NL,2014,28,63,0,884,64.3,0,64.3,0
643,MLB,51929,Brad Lincoln,PHI,NL,2014,29,2,0,51,2.3,0,2.3,0
644,MLB,51934,Chris Perez,LAN,NL,2014,28,49,0,832,46.3,0,46.3,0
645,MLB,51950,Jeff Manship,PHI,NL,2014,29,20,0,372,23,0,23,0
646,MLB,51962,Blake Parker,CHN,NL,2014,29,18,0,359,21,0,21,0
647,MLB,51966,David Huff,SFN,NL,2014,29,16,0,331,20,0,20,0
648,MLB,51967,Tim Lincecum,SFN,NL,2014,30,33,26,2665,155.7,144.7,11,0.929351317
649,MLB,51986,Sean O'Sullivan,PHI,NL,2014,26,3,2,192,12.7,11.7,1,0.921259843
650,MLB,51993,Bryan Morris,MIA,NL,2014,27,39,0,582,40.7,0,40.7,0
651,MLB,51993,Bryan Morris,PIT,NL,2014,27,21,0,357,23.7,0,23.7,0
652,MLB,52005,Hector Ambriz,SDN,NL,2014,30,1,0,33,2,0,2,0
653,MLB,52034,John Holdzkom,PIT,NL,2014,26,9,0,127,9,0,9,0
654,MLB,52044,Anthony Varvaro,ATL,NL,2014,29,61,0,900,54.7,0,54.7,0
655,MLB,52076,Juan Jaime,ATL,NL,2014,26,16,0,277,12.3,0,12.3,0
656,MLB,52231,Mark Melancon,PIT,NL,2014,29,72,0,975,71,0,71,0
657,MLB,52251,Hector Rondon,CHN,NL,2014,26,64,0,999,63.3,0,63.3,0
658,MLB,52254,Jaime Garcia,SLN,NL,2014,27,7,7,631,43.7,43.7,0,1
659,MLB,52282,Erik Cordier,SFN,NL,2014,28,7,0,109,6,0,6,0
660,MLB,52353,Doug Fister,WAS,NL,2014,30,25,25,2468,164,164,0,1
661,MLB,52360,Antonio Bastardo,PHI,NL,2014,28,67,0,1140,64,0,64,0
662,MLB,52453,Alfredo Figaro,MIL,NL,2014,29,6,0,157,8.7,0,8.7,0
663,MLB,52458,Yohan Flande,COL,NL,2014,28,16,10,897,59,53,6,0.898305085
664,MLB,52546,Alex Torres,SDN,NL,2014,26,70,0,992,54,0,54,0
665,MLB,52572,Ian Kennedy,SDN,NL,2014,29,33,33,3402,201,201,0,1
666,MLB,52691,Jake Arrieta,CHN,NL,2014,28,25,25,2410,156.7,156.7,0,1
667,MLB,53014,Aroldis Chapman,CIN,NL,2014,26,54,0,935,54,0,54,0
668,MLB,54159,Chris Martin,COL,NL,2014,28,16,0,254,15.7,0,15.7,0
669,MLB,54912,James Russell,ATL,NL,2014,28,22,1,363,24.3,4,20.3,0.164609053
670,MLB,54912,James Russell,CHN,NL,2014,28,44,0,562,33.3,0,33.3,0
671,MLB,55512,John Axford,PIT,NL,2014,31,13,0,216,11,0,11,0
672,MLB,55520,Pedro Baez,LAN,NL,2014,26,20,0,351,24,0,24,0
673,MLB,55725,Steve Cishek,MIA,NL,2014,28,67,0,1142,65.3,0,65.3,0
674,MLB,55734,Josh Collmenter,ARI,NL,2014,28,33,28,2719,179.3,170.3,9,0.949804796
675,MLB,55795,Justin De Fratus,PHI,NL,2014,26,54,0,831,52.7,0,52.7,0
676,MLB,55831,Daniel Descalso,SLN,NL,2014,27,1,0,2,0.3,0,0.3,0
677,MLB,55842,Jake Diekman,PHI,NL,2014,27,73,0,1316,71,0,71,0
678,MLB,55880,Dario Alvarez,NYN,NL,2014,25,4,0,31,1.3,0,1.3,0
679,MLB,55886,Henderson Alvarez,MIA,NL,2014,24,30,30,2611,187,187,0,1
680,MLB,55929,Dylan Axelrod,CIN,NL,2014,28,5,4,306,18.3,17.3,1,0.945355191
681,MLB,55973,Wilton Lopez,COL,NL,2014,30,4,0,115,6.3,0,6.3,0
682,MLB,56089,Jenrry Mejia,NYN,NL,2014,24,63,7,1550,93.7,37.3,56.3,0.398078975
683,MLB,56292,Carlos Frias,LAN,NL,2014,24,15,2,487,32.3,6.7,25.7,0.207430341
684,MLB,56334,Dillon Gee,NYN,NL,2014,28,22,22,2120,137.3,137.3,0,1
685,MLB,56580,Mat Latos,CIN,NL,2014,26,16,16,1533,102.3,102.3,0,1
686,MLB,56948,Jordan Walden,ATL,NL,2014,26,58,0,867,50,0,50,0
687,MLB,56957,Tony Watson,PIT,NL,2014,29,78,0,1199,77.3,0,77.3,0
688,MLB,57000,Juan Nicasio,COL,NL,2014,27,33,14,1616,93.7,73,20.7,0.779082177
689,MLB,57072,Curtis Partch,CIN,NL,2014,27,6,0,142,7,0,7,0
690,MLB,57134,Stolmy Pimentel,PIT,NL,2014,24,20,0,596,32.7,0,32.7,0
691,MLB,57163,Jordan Zimmermann,WAS,NL,2014,28,32,32,2920,199.7,199.7,0,1
692,MLB,57181,Randall Delgado,ARI,NL,2014,24,47,4,1459,77.7,16.3,61.3,0.20978121
693,MLB,57286,Brett Anderson,COL,NL,2014,26,8,8,663,43.3,43.3,0,1
694,MLB,57320,Brian Schlitter,CHN,NL,2014,28,61,0,906,56.3,0,56.3,0
695,MLB,57557,Hunter Strickland,SFN,NL,2014,25,9,0,95,7,0,7,0
696,MLB,57584,Chris Withrow,LAN,NL,2014,25,20,0,385,21.3,0,21.3,0
697,MLB,57590,Pedro Hernandez,COL,NL,2014,25,1,1,94,5.7,5.7,0,1
698,MLB,57598,Joe Paterson,ARI,NL,2014,28,3,0,34,1.3,0,1.3,0
699,MLB,57610,Jose Dominguez,LAN,NL,2014,23,5,0,101,6.3,0,6.3,0
700,MLB,57701,Ross Detwiler,WAS,NL,2014,28,47,0,1036,63,0,63,0
701,MLB,57739,Phillippe Aumont,PHI,NL,2014,25,5,0,139,5.7,0,5.7,0
702,MLB,57743,Madison Bumgarner,SFN,NL,2014,24,33,33,3372,217.3,217.3,0,1
703,MLB,57820,Nathan Eovaldi,MIA,NL,2014,24,33,33,3198,199.7,199.7,0,1
704,MLB,57836,Stephen Fife,LAN,NL,2014,27,1,1,105,6,6,0,1
705,MLB,57853,Eric Fornataro,SLN,NL,2014,26,8,0,159,9.7,0,9.7,0
706,MLB,57860,Sam Freeman,SLN,NL,2014,27,44,0,671,38,0,38,0
707,MLB,57866,Christian Friedrich,COL,NL,2014,26,16,3,399,24.3,13.3,11,0.547325103
708,MLB,57938,Brad Hand,MIA,NL,2014,24,32,16,1790,111,89.3,21.7,0.804504505
709,MLB,57985,J.J. Hoover,CIN,NL,2014,26,54,0,1146,62.7,0,62.7,0
710,MLB,57996,Daniel Hudson,ARI,NL,2014,27,3,0,49,2.7,0,2.7,0
711,MLB,58136,Andrew Cashner,SDN,NL,2014,27,19,19,1797,123.3,123.3,0,1
712,MLB,58178,Joe Wieland,SDN,NL,2014,24,4,2,215,11.3,7.7,3.7,0.681415929
713,MLB,58193,Rob Wooten,MIL,NL,2014,28,40,0,593,34.3,0,34.3,0
714,MLB,58195,Vance Worley,PIT,NL,2014,26,18,17,1578,110.7,108.7,2,0.981933153
715,MLB,58241,Tyler Chatwood,COL,NL,2014,24,4,4,353,24,24,0,1
716,MLB,58281,Will Smith,MIL,NL,2014,24,78,0,1124,65.7,0,65.7,0
717,MLB,58289,Nick Vincent,SDN,NL,2014,27,63,0,860,55,0,55,0
718,MLB,58318,Dan Jennings,MIA,NL,2014,27,47,0,714,40.3,0,40.3,0
719,MLB,58350,Craig Kimbrel,ATL,NL,2014,26,63,0,1047,61.7,0,61.7,0
720,MLB,58356,Tom Koehler,MIA,NL,2014,28,32,32,2941,191.3,191.3,0,1
721,MLB,58369,Bobby LaFromboise,PIT,NL,2014,28,6,0,53,3.7,0,3.7,0
722,MLB,58407,Jordan Lyles,COL,NL,2014,23,22,22,2100,126.7,126.7,0,1
723,MLB,58410,Lance Lynn,SLN,NL,2014,27,33,33,3450,203.7,203.7,0,1
724,MLB,58453,Wade Miley,ARI,NL,2014,27,33,33,3217,201.3,201.3,0,1
725,MLB,58538,Jonathan Pettibone,PHI,NL,2014,23,2,2,173,9,9,0,1
726,MLB,58568,Neil Ramirez,CHN,NL,2014,25,50,0,746,43.7,0,43.7,0
727,MLB,58617,Tyson Ross,SDN,NL,2014,27,31,31,3119,195.7,195.7,0,1
728,MLB,58646,Bo Schultz,ARI,NL,2014,28,4,0,129,8,0,8,0
729,MLB,58673,Kevin Siegrist,SLN,NL,2014,24,37,0,579,30.3,0,30.3,0
730,MLB,58696,Zeke Spruill,ARI,NL,2014,24,6,1,325,22.7,5.3,17.3,0.233480176
731,MLB,58731,Julio Teheran,ATL,NL,2014,23,33,33,3271,221,221,0,1
732,MLB,58773,Pedro Villarreal,CIN,NL,2014,26,12,0,217,14.7,0,14.7,0
733,MLB,58775,Arodys Vizcaino,CHN,NL,2014,23,5,0,97,5,0,5,0
734,MLB,58871,B.J. Rosenberg,PHI,NL,2014,28,13,0,256,12,0,12,0
735,MLB,58905,Jeurys Familia,NYN,NL,2014,24,76,0,1221,77.3,0,77.3,0
736,MLB,58921,Tanner Roark,WAS,NL,2014,27,31,31,2999,198.7,198.7,0,1
737,MLB,59122,Carlos Contreras,CIN,NL,2014,23,17,0,390,19.3,0,19.3,0
738,MLB,59179,Justin Wilson,PIT,NL,2014,26,70,0,1032,60,0,60,0
739,MLB,59266,Mike Minor,ATL,NL,2014,26,25,25,2424,145.3,145.3,0,1
740,MLB,59304,Chase Anderson,ARI,NL,2014,26,21,21,1892,114.3,114.3,0,1
741,MLB,59332,Chris Heston,SFN,NL,2014,26,3,1,103,5.3,4,1.3,0.754716981
742,MLB,59336,Taylor Jordan,WAS,NL,2014,25,5,5,429,25.7,25.7,0,1
743,MLB,59345,Drew Storen,WAS,NL,2014,26,65,0,807,56.3,0,56.3,0
744,MLB,59351,Joe Kelly,SLN,NL,2014,26,7,7,602,35,35,0,1
745,MLB,59607,Rex Brothers,COL,NL,2014,26,74,0,1098,56.3,0,56.3,0