"","Player_ID","Position","Year","CSAA","Relative_CSAA","Player"
"1","150229","Catcher",2015,-0.3,-0.7,"A.J. Pierzynski"
"2","408042","Catcher",2015,-0.8,-2,"Gerald Laird"
"3","408242","Catcher",2015,-0.3,-0.8,"Wil Nieves"
"4","424325","Catcher",2015,1,2.5,"David Ross"
"5","425772","Catcher",2015,1.4,3.5,"Jeff Mathis"
"6","425784","Catcher",2015,0.8,2.1,"Rene Rivera"
"7","425877","Catcher",2015,1.1,2.7,"Yadier Molina"
"8","425900","Catcher",2015,-0.4,-1,"Dioner Navarro"
"9","430910","Catcher",2015,-0.1,-0.3,"Brayan Pena"
"10","431145","Catcher",2015,0.9,2.3,"Russell Martin"
"11","434563","Catcher",2015,-0.9,-2.3,"Carlos Ruiz"
"12","434567","Catcher",2015,0.9,2.2,"Geovany Soto"
"13","435064","Catcher",2015,1.3,3.2,"Bobby Wilson"
"14","435263","Catcher",2015,0.3,0.7,"Brian McCann"
"15","435559","Catcher",2015,0,0.1,"Kurt Suzuki"
"16","446192","Catcher",2015,-0.8,-2,"Adam Moore"
"17","446225","Catcher",2015,-0.6,-1.6,"Ed Easley"
"18","446308","Catcher",2015,-0.7,-1.9,"Matt Wieters"
"19","446653","Catcher",2015,1.2,2.9,"Jose Lobaton"
"20","449786","Catcher",2015,0.6,1.5,"Carlos Corporan"
"21","450317","Catcher",2015,-0.9,-2.3,"J.P. Arencibia"
"22","451109","Catcher",2015,-1.8,-4.5,"Brett Hayes"
"23","452095","Catcher",2015,1.5,3.7,"Tyler Flowers"
"24","452672","Catcher",2015,0.8,1.9,"Ryan Hanigan"
"25","454560","Catcher",2015,-1.1,-2.8,"A.J. Ellis"
"26","455104","Catcher",2015,1.2,3.1,"Chris Iannetta"
"27","455117","Catcher",2015,1.3,3.3,"Martin Maldonado"
"28","455139","Catcher",2015,-0.3,-0.7,"Robinson Chirinos"
"29","455755","Catcher",2015,1,2.6,"Chris Stewart"
"30","456078","Catcher",2015,-0.1,-0.3,"Welington Castillo"
"31","456124","Catcher",2015,-0.4,-1,"Erik Kratz"
"32","457454","Catcher",2015,-0.9,-2.2,"Jarrod Saltalamacchia"
"33","457574","Catcher",2015,-0.2,-0.5,"Jordan Pacheco"
"34","457762","Catcher",2015,-1.4,-3.6,"Bryan Anderson"
"35","457763","Catcher",2015,1.5,3.7,"Buster Posey"
"36","460003","Catcher",2015,0.4,1,"Taylor Teagarden"
"37","460026","Catcher",2015,-0.6,-1.5,"Nick Hundley"
"38","460077","Catcher",2015,-0.4,-1.1,"Drew Butera"
"39","460269","Catcher",2015,-0.1,-0.2,"Chris Gimenez"
"40","465041","Catcher",2015,1.4,3.4,"Francisco Cervelli"
"41","467092","Catcher",2015,0.1,0.1,"Wilson Ramos"
"42","471083","Catcher",2015,1.3,3.3,"Miguel Montero"
"43","474233","Catcher",2015,1.3,3.3,"Hank Conger"
"44","476192","Catcher",2015,-1.1,-2.7,"Johnny Monell"
"45","488671","Catcher",2015,-1.1,-2.8,"Alex Avila"
"46","488771","Catcher",2015,1.5,3.9,"Jason Castro"
"47","488810","Catcher",2015,-0.2,-0.4,"Tony Cruz"
"48","488912","Catcher",2015,0.6,1.4,"Tuffy Gosewisch"
"49","489232","Catcher",2015,-1.1,-2.7,"Anthony Recker"
"50","489365","Catcher",2015,0.5,1.2,"Josh Thole"
"51","491696","Catcher",2015,0.7,1.8,"Jesus Sucre"
"52","500207","Catcher",2015,0,0,"Jhonatan Solano"
"53","501647","Catcher",2015,1,2.5,"Wilin Rosario"
"54","502023","Catcher",2015,0.3,0.8,"Travis Tartamella"
"55","502182","Catcher",2015,-0.5,-1.4,"Steve Clevenger"
"56","502213","Catcher",2015,0.2,0.6,"Nevin Ashley"
"57","502374","Catcher",2015,0.3,0.8,"Michael McKenry"
"58","502570","Catcher",2015,0.9,2.2,"Rocky Gale"
"59","506702","Catcher",2015,-0.7,-1.8,"Sandy Leon"
"60","506747","Catcher",2015,-0.9,-2.2,"Francisco Pena"
"61","506997","Catcher",2015,0.4,1,"Tony Sanchez"
"62","516949","Catcher",2015,-0.4,-1.1,"Hector Sanchez"
"63","518542","Catcher",2015,-1.3,-3.3,"Juan Centeno"
"64","518595","Catcher",2015,1.8,4.5,"Travis d'Arnaud"
"65","518700","Catcher",2015,-0.2,-0.4,"Eric Fryer"
"66","518735","Catcher",2015,2.3,5.8,"Yasmani Grandal"
"67","518960","Catcher",2015,0.9,2.2,"Jonathan Lucroy"
"68","519023","Catcher",2015,-0.4,-1.1,"Devin Mesoraco"
"69","519083","Catcher",2015,1.4,3.4,"Derek Norris"
"70","519237","Catcher",2015,0,-0.1,"Cameron Rupp"
"71","519390","Catcher",2015,-0.3,-0.7,"Stephen Vogt"
"72","519425","Catcher",2015,-0.4,-1,"Jackson Williams"
"73","521692","Catcher",2015,-0.1,-0.3,"Salvador Perez"
"74","541608","Catcher",2015,-1.3,-3.3,"Ramon Cabrera"
"75","542194","Catcher",2015,-0.7,-1.8,"Christian Bethancourt"
"76","542208","Catcher",2015,0,0,"Carlos Perez"
"77","542513","Catcher",2015,-2.9,-7.3,"Tomas Telis"
"78","542908","Catcher",2015,0.1,0.2,"Jett Bandy"
"79","542942","Catcher",2015,-2.6,-6.5,"Carson Blair"
"80","542963","Catcher",2015,-1.5,-3.8,"Rob Brantly"
"81","543228","Catcher",2015,0.2,0.6,"Yan Gomes"
"82","543302","Catcher",2015,-0.9,-2.4,"Chris Herrmann"
"83","543308","Catcher",2015,-1,-2.4,"John Hicks"
"84","543376","Catcher",2015,0.7,1.7,"Caleb Joseph"
"85","543432","Catcher",2015,-1,-2.5,"Ryan Lavarnway"
"86","543510","Catcher",2015,-0.7,-1.9,"James McCann"
"87","545358","Catcher",2015,-0.9,-2.2,"Max Stassi"
"88","547379","Catcher",2015,0.9,2.2,"Roberto Perez"
"89","571466","Catcher",2015,0.5,1.3,"Tucker Barnhart"
"90","571467","Catcher",2015,0.9,2.2,"Steve Baron"
"91","571912","Catcher",2015,-0.5,-1.1,"Luke Maile"
"92","571974","Catcher",2015,0,0.1,"John Ryan Murphy"
"93","572033","Catcher",2015,-0.2,-0.5,"Josh Phegley"
"94","572180","Catcher",2015,0.8,1.9,"Andrew Susac"
"95","572287","Catcher",2015,1,2.6,"Mike Zunino"
"96","572863","Catcher",2015,-2.4,-6.1,"Dustin Garneau"
"97","591712","Catcher",2015,-0.5,-1.4,"Oscar Hernandez"
"98","592200","Catcher",2015,0.3,0.6,"Curt Casali"
"99","592407","Catcher",2015,-1,-2.4,"Bryan Holaday"
"100","592663","Catcher",2015,-0.5,-1.3,"J.T. Realmuto"
"101","592774","Catcher",2015,-0.2,-0.6,"Cody Stanley"
"102","595978","Catcher",2015,2,5,"Austin Hedges"
"103","596119","Catcher",2015,-0.1,-0.4,"Blake Swihart"
"104","600474","Catcher",2015,0.4,1,"Pedro Severino"
"105","605131","Catcher",2015,0.7,1.7,"Austin Barnes"
"106","608596","Catcher",2015,-1.2,-3,"Tom Murphy"
"107","608700","Catcher",2015,1.7,4.2,"Kevin Plawecki"
"108","623143","Catcher",2015,-1.5,-3.6,"Trevor Brown"
"109","656941","Catcher",2015,-0.2,-0.4,"Kyle Schwarber"
"110","112526","Batter",2015,1.3,1.3,"Bartolo Colon"
"111","115629","Batter",2015,0.2,0.2,"LaTroy Hawkins"
"112","116338","Batter",2015,1.4,1.4,"Torii Hunter"
"113","120074","Batter",2015,-0.9,-0.9,"David Ortiz"
"114","121347","Batter",2015,-1.4,-1.4,"Alex Rodriguez"
"115","133380","Batter",2015,0.9,0.9,"Aramis Ramirez"
"116","134181","Batter",2015,-0.6,-0.6,"Adrian Beltre"
"117","136860","Batter",2015,0.7,0.7,"Carlos Beltran"
"118","150029","Batter",2015,0,0,"Jayson Werth"
"119","150212","Batter",2015,-0.2,-0.2,"Michael Cuddyer"
"120","150229","Batter",2015,-2.4,-2.4,"A.J. Pierzynski"
"121","150302","Batter",2015,0,0,"Jason Marquis"
"122","150359","Batter",2015,0.1,0.1,"A.J. Burnett"
"123","217100","Batter",2015,0.1,0.1,"Willie Bloomquist"
"124","218596","Batter",2015,0.5,0.5,"Tim Hudson"
"125","276519","Batter",2015,-3.2,-3.2,"Jimmy Rollins"
"126","279824","Batter",2015,-0.7,-0.7,"Mark Buehrle"
"127","282332","Batter",2015,0.1,0.1,"CC Sabathia"
"128","285064","Batter",2015,1,1,"Ryan Vogelsong"
"129","285078","Batter",2015,-0.5,-0.5,"Josh Hamilton"
"130","285079","Batter",2015,0,0,"R.A. Dickey"
"131","329092","Batter",2015,0,0,"Randy Choate"
"132","346793","Batter",2015,0.1,0.1,"Jeremy Affeldt"
"133","346798","Batter",2015,0.3,0.3,"Kyle Lohse"
"134","346874","Batter",2015,-0.8,-0.8,"Juan Uribe"
"135","400085","Batter",2015,-0.1,-0.1,"Ichiro Suzuki"
"136","400121","Batter",2015,-1.5,-1.6,"Victor Martinez"
"137","400284","Batter",2015,-0.3,-0.3,"Chase Utley"
"138","405395","Batter",2015,-0.2,-0.2,"Albert Pujols"
"139","407781","Batter",2015,1.7,1.7,"Marlon Byrd"
"140","407793","Batter",2015,0,0,"John Lackey"
"141","407812","Batter",2015,0.6,0.6,"Matt Holliday"
"142","407822","Batter",2015,0.7,0.7,"Jorge De La Rosa"
"143","407862","Batter",2015,0.4,0.4,"Reed Johnson"
"144","407890","Batter",2015,0,0,"Colby Lewis"
"145","407893","Batter",2015,-0.4,-0.4,"Mark Teixeira"
"146","407908","Batter",2015,0,0,"Joel Peralta"
"147","408042","Batter",2015,0,0,"Gerald Laird"
"148","408045","Batter",2015,-1.1,-1.1,"Joe Mauer"
"149","408047","Batter",2015,-0.9,-0.9,"Justin Morneau"
"150","408234","Batter",2015,0.2,0.2,"Miguel Cabrera"
"151","408236","Batter",2015,-4.9,-4.9,"Adrian Gonzalez"
"152","408241","Batter",2015,-0.4,-0.4,"Jake Peavy"
"153","408242","Batter",2015,-0.3,-0.3,"Wil Nieves"
"154","408252","Batter",2015,-0.2,-0.2,"Brandon Phillips"
"155","408299","Batter",2015,2.1,2.1,"Omar Infante"
"156","408307","Batter",2015,-0.4,-0.4,"Carl Crawford"
"157","408314","Batter",2015,0,0,"Jose Reyes"
"158","421685","Batter",2015,0.7,0.7,"Aaron Harang"
"159","424325","Batter",2015,0.7,0.7,"David Ross"
"160","424825","Batter",2015,1.4,1.4,"Coco Crisp"
"161","425386","Batter",2015,0,0,"Jeremy Guthrie"
"162","425496","Batter",2015,-0.2,-0.2,"Cody Ross"
"163","425509","Batter",2015,-1.6,-1.6,"Jhonny Peralta"
"164","425532","Batter",2015,0.7,0.7,"Jerome Williams"
"165","425543","Batter",2015,-0.1,-0.1,"Josh Wilson"
"166","425549","Batter",2015,0,0,"Clint Barmes"
"167","425557","Batter",2015,1.4,1.4,"Jeff Baker"
"168","425560","Batter",2015,-0.1,-0.1,"Adam LaRoche"
"169","425567","Batter",2015,-0.5,-0.5,"Alex Rios"
"170","425657","Batter",2015,0,0,"Javier Lopez"
"171","425664","Batter",2015,0.4,0.4,"Shane Victorino"
"172","425766","Batter",2015,0.7,0.7,"James Loney"
"173","425772","Batter",2015,-2.1,-2.1,"Jeff Mathis"
"174","425783","Batter",2015,-1.5,-1.5,"Shin-Soo Choo"
"175","425784","Batter",2015,0.8,0.8,"Rene Rivera"
"176","425794","Batter",2015,0.4,0.4,"Adam Wainwright"
"177","425796","Batter",2015,1.2,1.2,"Jeff Francoeur"
"178","425834","Batter",2015,-0.3,-0.3,"Melvin Upton Jr."
"179","425844","Batter",2015,1.2,1.2,"Zack Greinke"
"180","425877","Batter",2015,-2.2,-2.2,"Yadier Molina"
"181","425900","Batter",2015,0.2,0.2,"Dioner Navarro"
"182","425902","Batter",2015,-1.6,-1.6,"Prince Fielder"
"183","429400","Batter",2015,0.3,0.3,"Adam Loewen"
"184","429664","Batter",2015,-1.4,-1.4,"Robinson Cano"
"185","429665","Batter",2015,-1,-1,"Edwin Encarnacion"
"186","429666","Batter",2015,0.4,0.4,"J.J. Hardy"
"187","429667","Batter",2015,-1.4,-1.4,"Ryan Howard"
"188","429711","Batter",2015,2.1,2.1,"Franklin Gutierrez"
"189","429713","Batter",2015,0.7,0.7,"Grady Sizemore"
"190","429717","Batter",2015,-0.7,-0.7,"Dan Haren"
"191","429719","Batter",2015,0,0,"Edwin Jackson"
"192","429780","Batter",2015,-0.2,-0.2,"Chris Narveson"
"193","429781","Batter",2015,-0.2,-0.2,"Kevin Correia"
"194","430001","Batter",2015,-0.5,-0.5,"Rickie Weeks"
"195","430203","Batter",2015,0.3,0.3,"David DeJesus"
"196","430321","Batter",2015,-1.5,-1.5,"Delmon Young"
"197","430404","Batter",2015,2,2,"Jonny Gomes"
"198","430580","Batter",2015,-0.3,-0.3,"Alfredo Simon"
"199","430599","Batter",2015,-0.1,-0.1,"Joe Blanton"
"200","430605","Batter",2015,-0.8,-0.8,"Ryan Raburn"
"201","430611","Batter",2015,0.6,0.6,"Corey Hart"
"202","430613","Batter",2015,0,0,"Ronald Belisario"
"203","430637","Batter",2015,-0.4,-0.4,"Kelly Johnson"
"204","430652","Batter",2015,1.2,1.2,"Jason Bourgeois"
"205","430661","Batter",2015,0.5,0.5,"Dustin McGowan"
"206","430681","Batter",2015,-0.7,-0.7,"Dan Johnson"
"207","430832","Batter",2015,-1.2,-1.2,"Jose Bautista"
"208","430897","Batter",2015,-0.2,-0.2,"Nick Swisher"
"209","430910","Batter",2015,-1.2,-1.2,"Brayan Pena"
"210","430911","Batter",2015,0.1,0.1,"David Aardsma"
"211","430912","Batter",2015,0.1,0.1,"Matt Cain"
"212","430935","Batter",2015,-0.2,-0.2,"Cole Hamels"
"213","430945","Batter",2015,0.9,0.9,"Adam Jones"
"214","430947","Batter",2015,-0.5,-0.5,"Erick Aybar"
"215","430948","Batter",2015,-1.3,-1.3,"Alberto Callaspo"
"216","431094","Batter",2015,0.5,0.5,"Aaron Hill"
"217","431145","Batter",2015,-3.6,-3.6,"Russell Martin"
"218","431148","Batter",2015,0.3,0.3,"Scott Kazmir"
"219","431151","Batter",2015,-1.4,-1.4,"David Wright"
"220","431171","Batter",2015,1.1,1.1,"Casey McGehee"
"221","432934","Batter",2015,0.1,0.1,"Chris Young"
"222","433217","Batter",2015,0.4,0.4,"Andres Blanco"
"223","433584","Batter",2015,0,0,"Roberto Hernandez"
"224","433587","Batter",2015,0.1,0.1,"Felix Hernandez"
"225","433589","Batter",2015,0.1,0.1,"Yusmeiro Petit"
"226","434158","Batter",2015,-2.2,-2.2,"Curtis Granderson"
"227","434538","Batter",2015,0.2,0.2,"Francisco Liriano"
"228","434540","Batter",2015,0.8,0.8,"Garrett Jones"
"229","434563","Batter",2015,-0.6,-0.6,"Carlos Ruiz"
"230","434567","Batter",2015,0.2,0.2,"Geovany Soto"
"231","434604","Batter",2015,0.4,0.4,"Michael Morse"
"232","434622","Batter",2015,0.3,0.3,"Ubaldo Jimenez"
"233","434628","Batter",2015,-0.4,-0.4,"Jason Hammel"
"234","434636","Batter",2015,0.7,0.7,"Angel Pagan"
"235","434643","Batter",2015,0,0,"Wandy Rodriguez"
"236","434658","Batter",2015,-1,-1,"Rajai Davis"
"237","434670","Batter",2015,-0.3,-0.3,"Hanley Ramirez"
"238","434671","Batter",2015,0.3,0.3,"Anibal Sanchez"
"239","434778","Batter",2015,-1.1,-1.1,"Kendrys Morales"
"240","435044","Batter",2015,-0.3,-0.3,"Scott Baker"
"241","435062","Batter",2015,0.3,0.3,"Howie Kendrick"
"242","435063","Batter",2015,1.1,1.1,"Mike Napoli"
"243","435064","Batter",2015,2.1,2.1,"Bobby Wilson"
"244","435078","Batter",2015,0,0,"Joaquin Arias"
"245","435079","Batter",2015,3.2,3.2,"Ian Kinsler"
"246","435221","Batter",2015,-0.4,-0.4,"Brandon McCarthy"
"247","435263","Batter",2015,-1.6,-1.6,"Brian McCann"
"248","435401","Batter",2015,0.2,0.2,"Skip Schumaker"
"249","435522","Batter",2015,-0.1,-0.1,"Neil Walker"
"250","435559","Batter",2015,-2.1,-2.1,"Kurt Suzuki"
"251","435622","Batter",2015,0.3,0.3,"Ian Desmond"
"252","435623","Batter",2015,-0.2,-0.2,"Kevin Frandsen"
"253","443558","Batter",2015,1.6,1.6,"Nelson Cruz"
"254","444379","Batter",2015,-1.7,-1.7,"John Jaso"
"255","444432","Batter",2015,-1.5,-1.5,"Mark Trumbo"
"256","444446","Batter",2015,0.1,0.1,"Collin Balester"
"257","444482","Batter",2015,1.2,1.2,"David Peralta"
"258","444836","Batter",2015,0,0,"Aaron Laffey"
"259","444843","Batter",2015,-2.2,-2.2,"Andre Ethier"
"260","444857","Batter",2015,0,0,"Scott Feldman"
"261","444876","Batter",2015,2.9,2.9,"Alcides Escobar"
"262","445055","Batter",2015,-0.1,-0.1,"Jon Jay"
"263","445060","Batter",2015,0.5,0.5,"Ricky Nolasco"
"264","445095","Batter",2015,0.2,0.2,"Jason Pridie"
"265","445197","Batter",2015,0.1,0.1,"Mike Dunn"
"266","445213","Batter",2015,0,0,"Brandon Kintzler"
"267","445590","Batter",2015,0.3,0.3,"Eric Stults"
"268","445926","Batter",2015,0.1,0.1,"Jesse Chavez"
"269","445988","Batter",2015,0.2,0.2,"Martin Prado"
"270","446192","Batter",2015,0,0,"Adam Moore"
"271","446225","Batter",2015,-0.1,-0.1,"Ed Easley"
"272","446263","Batter",2015,1.2,1.3,"Lucas Duda"
"273","446308","Batter",2015,-2,-2,"Matt Wieters"
"274","446321","Batter",2015,0,0,"Ross Detwiler"
"275","446334","Batter",2015,0,0,"Evan Longoria"
"276","446359","Batter",2015,0.5,0.5,"Zack Cozart"
"277","446372","Batter",2015,0,0,"Corey Kluber"
"278","446381","Batter",2015,-0.4,-0.4,"Darwin Barney"
"279","446386","Batter",2015,-0.4,-0.4,"Brandon Guyer"
"280","446481","Batter",2015,1,1,"Sean Rodriguez"
"281","446653","Batter",2015,-0.2,-0.2,"Jose Lobaton"
"282","448170","Batter",2015,-1.1,-1.1,"Travis Ishikawa"
"283","448306","Batter",2015,-1.3,-1.3,"James Shields"
"284","448602","Batter",2015,1.6,1.6,"Mark Reynolds"
"285","448605","Batter",2015,-0.8,-0.8,"Justin Ruggiano"
"286","448614","Batter",2015,0.2,0.2,"Carlos Torres"
"287","448674","Batter",2015,0.4,0.4,"Doug Bernier"
"288","448801","Batter",2015,-0.6,-0.6,"Chris Davis"
"289","448802","Batter",2015,-0.2,-0.2,"Jaime Garcia"
"290","449107","Batter",2015,-0.3,-0.3,"Mike Aviles"
"291","449181","Batter",2015,1.3,1.3,"Paulo Orlando"
"292","449786","Batter",2015,-0.5,-0.5,"Carlos Corporan"
"293","450172","Batter",2015,0.2,0.2,"Edinson Volquez"
"294","450203","Batter",2015,1.6,1.6,"Charlie Morton"
"295","450308","Batter",2015,0.2,0.2,"Jered Weaver"
"296","450314","Batter",2015,-1.7,-1.7,"Ben Zobrist"
"297","450317","Batter",2015,0.9,0.9,"J.P. Arencibia"
"298","450351","Batter",2015,0.1,0.1,"C.J. Wilson"
"299","450641","Batter",2015,-0.3,-0.3,"Quintin Berry"
"300","450665","Batter",2015,0,0,"Kris Medlen"
"301","450729","Batter",2015,-0.3,-0.3,"Doug Fister"
"302","451089","Batter",2015,-0.5,-0.5,"Shane Peterson"
"303","451109","Batter",2015,0,0,"Brett Hayes"
"304","451532","Batter",2015,0.2,0.2,"Chad Billingsley"
"305","451594","Batter",2015,-1.2,-1.2,"Dexter Fowler"
"306","451596","Batter",2015,0,0,"Yovani Gallardo"
"307","451713","Batter",2015,-0.5,-0.5,"Carlos Peguero"
"308","452035","Batter",2015,2.1,2.1,"Kyle Blanks"
"309","452095","Batter",2015,0.4,0.4,"Tyler Flowers"
"310","452104","Batter",2015,0.5,0.5,"Chase Headley"
"311","452220","Batter",2015,-2,-2,"Stephen Drew"
"312","452234","Batter",2015,-0.6,-0.6,"Seth Smith"
"313","452239","Batter",2015,-0.6,-0.6,"Justin Maxwell"
"314","452252","Batter",2015,-1.3,-1.3,"Adam Lind"
"315","452254","Batter",2015,1.3,1.3,"Hunter Pence"
"316","452655","Batter",2015,-3.5,-3.5,"Denard Span"
"317","452657","Batter",2015,-0.4,-0.4,"Jon Lester"
"318","452672","Batter",2015,0,0,"Ryan Hanigan"
"319","452678","Batter",2015,-0.6,-0.6,"Asdrubal Cabrera"
"320","452718","Batter",2015,-0.3,-0.3,"Kyle Kendrick"
"321","453056","Batter",2015,-0.9,-0.9,"Jacoby Ellsbury"
"322","453064","Batter",2015,0.4,0.4,"Troy Tulowitzki"
"323","453178","Batter",2015,-0.6,-0.6,"Ian Kennedy"
"324","453203","Batter",2015,0.6,0.6,"Shane Robinson"
"325","453211","Batter",2015,0,0,"Drew Stubbs"
"326","453214","Batter",2015,0.3,0.3,"Steven Wright"
"327","453269","Batter",2015,-1.3,-1.3,"Brennan Boesch"
"328","453286","Batter",2015,0.2,0.2,"Max Scherzer"
"329","453311","Batter",2015,-1.3,-1.3,"Tim Lincecum"
"330","453329","Batter",2015,-0.1,-0.1,"Clay Buchholz"
"331","453344","Batter",2015,0.3,0.3,"Brandon Morrow"
"332","453385","Batter",2015,0,0,"Clayton Richard"
"333","453400","Batter",2015,-0.9,-0.9,"Chris Johnson"
"334","453539","Batter",2015,-0.3,-0.3,"Sam Fuld"
"335","453562","Batter",2015,1.5,1.5,"Jake Arrieta"
"336","453568","Batter",2015,-0.2,-0.2,"Charlie Blackmon"
"337","453646","Batter",2015,0.3,0.3,"Carlos Villanueva"
"338","453895","Batter",2015,0.4,0.4,"Brendan Ryan"
"339","453923","Batter",2015,-0.7,-0.7,"Gregor Blanco"
"340","453943","Batter",2015,-0.7,-0.7,"Todd Frazier"
"341","454560","Batter",2015,-1.4,-1.4,"A.J. Ellis"
"342","455104","Batter",2015,-2.1,-2.1,"Chris Iannetta"
"343","455117","Batter",2015,0.1,0.1,"Martin Maldonado"
"344","455139","Batter",2015,-0.6,-0.6,"Robinson Chirinos"
"345","455374","Batter",2015,0.1,0.1,"Antonio Bastardo"
"346","455755","Batter",2015,3.1,3.1,"Chris Stewart"
"347","455759","Batter",2015,0.7,0.7,"Chris Young"
"348","455976","Batter",2015,0.4,0.4,"Nick Markakis"
"349","456030","Batter",2015,-2.8,-2.8,"Dustin Pedroia"
"350","456034","Batter",2015,1,1,"David Price"
"351","456068","Batter",2015,0,0,"Miguel Gonzalez"
"352","456071","Batter",2015,0.2,0.2,"Yohan Flande"
"353","456078","Batter",2015,2,2,"Welington Castillo"
"354","456121","Batter",2015,1.1,1.1,"Chris Denorfia"
"355","456124","Batter",2015,-0.5,-0.5,"Erik Kratz"
"356","456422","Batter",2015,0.8,0.8,"Michael Bourn"
"357","456488","Batter",2015,0.3,0.3,"Eduardo Nunez"
"358","456501","Batter",2015,-0.6,-0.6,"Johnny Cueto"
"359","456665","Batter",2015,0.9,0.9,"Steve Pearce"
"360","456701","Batter",2015,0,0,"Homer Bailey"
"361","456714","Batter",2015,-1.6,-1.6,"Billy Butler"
"362","456715","Batter",2015,-0.8,-0.8,"Lorenzo Cain"
"363","456776","Batter",2015,-0.5,-0.5,"Alex Torres"
"364","456781","Batter",2015,0.9,0.9,"Donovan Solano"
"365","457448","Batter",2015,-0.2,-0.2,"Matt Harrison"
"366","457449","Batter",2015,0.1,0.1,"Jamie Romak"
"367","457454","Batter",2015,-0.7,-0.7,"Jarrod Saltalamacchia"
"368","457477","Batter",2015,0.7,0.7,"Alejandro De Aza"
"369","457574","Batter",2015,0.6,0.6,"Jordan Pacheco"
"370","457705","Batter",2015,-1.7,-1.7,"Andrew McCutchen"
"371","457706","Batter",2015,1.5,1.5,"Austin Jackson"
"372","457708","Batter",2015,-0.3,-0.3,"Justin Upton"
"373","457711","Batter",2015,0.6,0.6,"Sean O'Sullivan"
"374","457727","Batter",2015,-0.2,-0.2,"Cameron Maybin"
"375","457759","Batter",2015,0.2,0.2,"Justin Turner"
"376","457760","Batter",2015,-0.1,-0.1,"Danny Dorn"
"377","457762","Batter",2015,0.5,0.5,"Bryan Anderson"
"378","457763","Batter",2015,0.5,0.5,"Buster Posey"
"379","457775","Batter",2015,0.2,0.2,"Desmond Jennings"
"380","457787","Batter",2015,-2.7,-2.7,"Danny Espinosa"
"381","457788","Batter",2015,0,0,"Jordan Schafer"
"382","457789","Batter",2015,-0.2,-0.2,"Jemile Weeks"
"383","457803","Batter",2015,-1,-1,"Jay Bruce"
"384","457918","Batter",2015,-0.4,-0.4,"J.A. Happ"
"385","457926","Batter",2015,-0.4,-0.4,"Paul Janish"
"386","458015","Batter",2015,-3,-3,"Joey Votto"
"387","458085","Batter",2015,-1.6,-1.6,"Chris Coghlan"
"388","458582","Batter",2015,-0.1,-0.1,"Reid Brignac"
"389","458668","Batter",2015,0,0,"Jordan Danks"
"390","458675","Batter",2015,2.1,2.1,"Colby Rasmus"
"391","458681","Batter",2015,1.4,1.4,"Lance Lynn"
"392","458689","Batter",2015,0.4,0.4,"Chris Dominguez"
"393","458731","Batter",2015,-1.4,-1.4,"Brett Gardner"
"394","458913","Batter",2015,0.3,0.3,"Eric Young Jr."
"395","459431","Batter",2015,-0.1,-0.1,"Michael Saunders"
"396","459964","Batter",2015,0.2,0.2,"Matt Joyce"
"397","459967","Batter",2015,0,0,"Sam LeCure"
"398","460003","Batter",2015,0.3,0.3,"Taylor Teagarden"
"399","460026","Batter",2015,-1.4,-1.4,"Nick Hundley"
"400","460055","Batter",2015,0.9,0.9,"John Mayberry Jr."
"401","460059","Batter",2015,0,0,"Mike Pelfrey"
"402","460060","Batter",2015,-0.9,-0.9,"Cliff Pennington"
"403","460075","Batter",2015,-0.3,-0.3,"Ryan Braun"
"404","460077","Batter",2015,1.1,1.1,"Drew Butera"
"405","460086","Batter",2015,-0.7,-0.7,"Alex Gordon"
"406","460099","Batter",2015,0.4,0.4,"Nolan Reimold"
"407","460131","Batter",2015,0.7,0.7,"Brian Bogusevic"
"408","460269","Batter",2015,-0.7,-0.7,"Chris Gimenez"
"409","460576","Batter",2015,0.8,0.8,"Carlos Gomez"
"410","460701","Batter",2015,0,0,"James Russell"
"411","461235","Batter",2015,-2.4,-2.4,"Brandon Moss"
"412","461314","Batter",2015,-0.2,-0.2,"Matt Kemp"
"413","461325","Batter",2015,-0.2,-0.2,"Tyler Clippard"
"414","461416","Batter",2015,1,1,"Will Venable"
"415","461815","Batter",2015,0,0,"David Murphy"
"416","461829","Batter",2015,1,1,"Gio Gonzalez"
"417","461833","Batter",2015,-0.2,-0.2,"Phil Hughes"
"418","461858","Batter",2015,3.1,3.1,"Trevor Plouffe"
"419","461865","Batter",2015,-2.2,-2.2,"Andrew Romine"
"420","462101","Batter",2015,-2,-2,"Elvis Andrus"
"421","462136","Batter",2015,0.2,0.2,"Marco Estrada"
"422","462564","Batter",2015,0.6,0.6,"Dan Uggla"
"423","463610","Batter",2015,0.3,0.3,"Gregorio Petit"
"424","465041","Batter",2015,-1.8,-1.8,"Francisco Cervelli"
"425","465674","Batter",2015,1.6,1.6,"Pedro Ciriaco"
"426","465753","Batter",2015,0.3,0.3,"Pedro Florimon"
"427","465784","Batter",2015,-1,-1,"Everth Cabrera"
"428","466320","Batter",2015,0.4,0.4,"Melky Cabrera"
"429","466948","Batter",2015,0,0,"Jean Machi"
"430","466988","Batter",2015,0.2,0.2,"Emilio Bonifacio"
"431","467055","Batter",2015,-2.5,-2.5,"Pablo Sandoval"
"432","467070","Batter",2015,0.4,0.4,"Elian Herrera"
"433","467092","Batter",2015,0.1,0.1,"Wilson Ramos"
"434","467143","Batter",2015,0.2,0.2,"Hector Gomez"
"435","467785","Batter",2015,-0.1,-0.1,"Radhames Liz"
"436","467793","Batter",2015,-3.8,-3.8,"Carlos Santana"
"437","467798","Batter",2015,0.1,0.1,"Jose Tabata"
"438","467827","Batter",2015,0.1,0.1,"Gerardo Parra"
"439","468406","Batter",2015,-0.2,-0.2,"Jonathan Herrera"
"440","468504","Batter",2015,-0.3,-0.3,"Jhoulys Chacin"
"441","471083","Batter",2015,-1.5,-1.5,"Miguel Montero"
"442","471865","Batter",2015,-3.3,-3.3,"Carlos Gonzalez"
"443","471911","Batter",2015,-0.1,-0.1,"Carlos Carrasco"
"444","472528","Batter",2015,-0.4,-0.4,"Luis Valbuena"
"445","473724","Batter",2015,0.3,0.3,"Matt McBride"
"446","474233","Batter",2015,0.8,0.8,"Hank Conger"
"447","474249","Batter",2015,0.6,0.6,"Ryan Jackson"
"448","474284","Batter",2015,0,0,"Cory Rasmus"
"449","474443","Batter",2015,2.4,2.4,"Ivan De Jesus"
"450","474463","Batter",2015,-0.7,-0.7,"Brett Anderson"
"451","474494","Batter",2015,-0.1,-0.1,"Thomas Field"
"452","474568","Batter",2015,1.2,1.2,"Jordy Mercer"
"453","474668","Batter",2015,0,0,"Eric Surkamp"
"454","474699","Batter",2015,1.1,1.1,"Vance Worley"
"455","474832","Batter",2015,0.1,0.1,"Brandon Belt"
"456","474892","Batter",2015,0.3,0.3,"Chris Carter"
"457","475100","Batter",2015,0.5,0.5,"Scott Van Slyke"
"458","475115","Batter",2015,-0.2,-0.2,"Tyson Ross"
"459","475174","Batter",2015,-3.5,-3.5,"Yonder Alonso"
"460","475243","Batter",2015,1.1,1.1,"Travis Wood"
"461","475247","Batter",2015,-1.4,-1.4,"Ryan Flaherty"
"462","475253","Batter",2015,0.2,0.2,"Justin Smoak"
"463","475416","Batter",2015,0.2,0.2,"Justin Masterson"
"464","475479","Batter",2015,-0.4,-0.4,"David Phelps"
"465","475582","Batter",2015,1.4,1.4,"Ryan Zimmerman"
"466","476192","Batter",2015,-0.4,-0.4,"Johnny Monell"
"467","476270","Batter",2015,0.5,0.5,"Steve Tolleson"
"468","476451","Batter",2015,1.6,1.6,"Jeremy Hellickson"
"469","476589","Batter",2015,0.1,0.1,"Adam Warren"
"470","476633","Batter",2015,0.7,0.7,"Chris Parmelee"
"471","476704","Batter",2015,0.2,0.2,"Jed Lowrie"
"472","476883","Batter",2015,0.6,0.6,"Pedro Alvarez"
"473","477003","Batter",2015,0.9,0.9,"Jon Niese"
"474","477132","Batter",2015,-0.6,-0.6,"Clayton Kershaw"
"475","477165","Batter",2015,-1.9,-1.9,"Brett Wallace"
"476","477195","Batter",2015,0.1,0.1,"Ike Davis"
"477","485567","Batter",2015,0.4,0.4,"Ezequiel Carrera"
"478","488671","Batter",2015,-4.4,-4.4,"Alex Avila"
"479","488674","Batter",2015,0.1,0.1,"Burke Badenhop"
"480","488681","Batter",2015,-0.7,-0.7,"Brandon Barnes"
"481","488689","Batter",2015,1.1,1.1,"Mike Baxter"
"482","488703","Batter",2015,0,0,"Jeff Bianchi"
"483","488721","Batter",2015,2.3,2.3,"Peter Bourjos"
"484","488726","Batter",2015,0.2,0.2,"Michael Brantley"
"485","488768","Batter",2015,1.1,1.1,"Andrew Cashner"
"486","488771","Batter",2015,-1.9,-1.9,"Jason Castro"
"487","488810","Batter",2015,-0.2,-0.2,"Tony Cruz"
"488","488818","Batter",2015,0.5,0.5,"Chase d'Arnaud"
"489","488846","Batter",2015,0,0,"Brian Duensing"
"490","488852","Batter",2015,0.2,0.2,"Allan Dykstra"
"491","488862","Batter",2015,2.4,2.5,"Yunel Escobar"
"492","488912","Batter",2015,-0.3,-0.3,"Tuffy Gosewisch"
"493","489067","Batter",2015,0.2,0.2,"Ryan Lollis"
"494","489119","Batter",2015,0.1,0.1,"Wade Miley"
"495","489138","Batter",2015,-0.2,-0.2,"Tyler Moore"
"496","489149","Batter",2015,-1.9,-1.9,"Logan Morrison"
"497","489232","Batter",2015,-0.1,-0.1,"Anthony Recker"
"498","489265","Batter",2015,0.5,0.5,"Sergio Romo"
"499","489267","Batter",2015,2.2,2.2,"Adam Rosales"
"500","489305","Batter",2015,-0.8,-0.8,"Xavier Scruggs"
"501","489365","Batter",2015,0.8,0.8,"Josh Thole"
"502","490063","Batter",2015,-0.4,-0.4,"Matt Garza"
"503","491646","Batter",2015,0.3,0.3,"Jeanmar Gomez"
"504","491676","Batter",2015,0.3,0.3,"Gorkys Hernandez"
"505","491696","Batter",2015,-0.1,-0.1,"Jesus Sucre"
"506","492841","Batter",2015,0,0,"Michael Martinez"
"507","493114","Batter",2015,-2.2,-2.2,"Nori Aoki"
"508","493128","Batter",2015,0.3,0.3,"Munenori Kawasaki"
"509","493159","Batter",2015,0.1,0.1,"Tsuyoshi Wada"
"510","493316","Batter",2015,1.4,1.4,"Yoenis Cespedes"
"511","493343","Batter",2015,-0.3,-0.3,"Hector Olivera"
"512","493351","Batter",2015,2.2,2.2,"Alexei Ramirez"
"513","493472","Batter",2015,-0.8,-0.8,"Eric Campbell"
"514","493596","Batter",2015,-0.8,-0.8,"Gordon Beckham"
"515","499624","Batter",2015,-0.8,-0.8,"Chris Colabello"
"516","499864","Batter",2015,0.5,0.5,"Luis Jimenez"
"517","500207","Batter",2015,0.6,0.6,"Jhonatan Solano"
"518","500208","Batter",2015,0.7,0.7,"Yangervis Solarte"
"519","500610","Batter",2015,0,0,"Deolis Guerra"
"520","500743","Batter",2015,0.3,0.3,"Miguel Rojas"
"521","500779","Batter",2015,0.4,0.4,"Jose Quintana"
"522","500871","Batter",2015,-1.9,-1.9,"Eduardo Escobar"
"523","501245","Batter",2015,0.1,0.1,"Alfredo Marte"
"524","501255","Batter",2015,0.2,0.2,"Rafael Ynoa"
"525","501303","Batter",2015,-2.8,-2.8,"Ehire Adrianza"
"526","501381","Batter",2015,0.1,0.1,"Michael Pineda"
"527","501571","Batter",2015,1.2,1.2,"Juan Lagares"
"528","501593","Batter",2015,-0.3,-0.3,"Luis Avilan"
"529","501647","Batter",2015,0.5,0.5,"Wilin Rosario"
"530","501659","Batter",2015,-0.7,-0.7,"Abraham Almonte"
"531","501789","Batter",2015,0.6,0.6,"Will Harris"
"532","501800","Batter",2015,0.8,0.8,"Allen Craig"
"533","501822","Batter",2015,0,0,"Chris Hatcher"
"534","501896","Batter",2015,0.6,0.6,"David Freese"
"535","501957","Batter",2015,0.1,0.1,"Chris Tillman"
"536","501981","Batter",2015,0.4,0.4,"Khris Davis"
"537","501983","Batter",2015,-1.5,-1.5,"Travis Snider"
"538","501992","Batter",2015,0,0,"Nathan Karns"
"539","502004","Batter",2015,-0.2,-0.2,"George Kontos"
"540","502009","Batter",2015,0.6,0.6,"Mat Latos"
"541","502010","Batter",2015,0,0,"Jacob Brigham"
"542","502023","Batter",2015,0,0,"Travis Tartamella"
"543","502032","Batter",2015,0,0,"Bud Norris"
"544","502034","Batter",2015,-0.1,-0.1,"Emmanuel Burriss"
"545","502042","Batter",2015,-0.2,-0.2,"Chris Archer"
"546","502043","Batter",2015,0.2,0.2,"Kyle Gibson"
"547","502046","Batter",2015,1.1,1.1,"Jeff Locke"
"548","502054","Batter",2015,0.8,0.8,"Tommy Pham"
"549","502082","Batter",2015,0.3,0.3,"Lonnie Chisenhall"
"550","502100","Batter",2015,-0.6,-0.6,"Alex Presley"
"551","502110","Batter",2015,1,1,"J.D. Martinez"
"552","502117","Batter",2015,1.7,1.7,"Kristopher Negron"
"553","502126","Batter",2015,0.3,0.3,"Domonic Brown"
"554","502143","Batter",2015,-1.8,-1.8,"Danny Valencia"
"555","502182","Batter",2015,-0.7,-0.7,"Steve Clevenger"
"556","502188","Batter",2015,0.1,0.1,"Jeff Samardzija"
"557","502190","Batter",2015,0.7,0.7,"Mike Leake"
"558","502205","Batter",2015,0.3,0.3,"Grant Green"
"559","502210","Batter",2015,-0.7,-0.7,"Josh Reddick"
"560","502211","Batter",2015,2.6,2.6,"Mike Bolsinger"
"561","502213","Batter",2015,0.4,0.4,"Nevin Ashley"
"562","502226","Batter",2015,1.1,1.1,"Craig Gentry"
"563","502239","Batter",2015,-0.4,-0.4,"Trevor Cahill"
"564","502261","Batter",2015,0.3,0.3,"Cole Gillespie"
"565","502285","Batter",2015,0.3,0.3,"Tyler Ladendorf"
"566","502317","Batter",2015,-0.4,-0.4,"Chris Heisey"
"567","502327","Batter",2015,0.3,0.3,"Hector Santiago"
"568","502374","Batter",2015,-1.4,-1.4,"Michael McKenry"
"569","502409","Batter",2015,0.4,0.4,"Jonathan Diaz"
"570","502481","Batter",2015,-0.8,-0.8,"Jarrod Dyson"
"571","502517","Batter",2015,-0.8,-0.8,"Daniel Murphy"
"572","502522","Batter",2015,-0.3,-0.3,"Justin Miller"
"573","502523","Batter",2015,-2,-2,"Shawn O'Malley"
"574","502570","Batter",2015,0.1,0.1,"Rocky Gale"
"575","502582","Batter",2015,0.1,0.1,"Logan Schafer"
"576","502624","Batter",2015,-0.7,-0.7,"Chase Anderson"
"577","502671","Batter",2015,0.1,0.1,"Paul Goldschmidt"
"578","502676","Batter",2015,-0.1,-0.1,"Cole Figueroa"
"579","503449","Batter",2015,1,1,"Wily Peralta"
"580","503556","Batter",2015,-0.2,-0.2,"Marwin Gonzalez"
"581","504379","Batter",2015,-0.1,-0.1,"Juan Nicasio"
"582","506560","Batter",2015,-0.4,-0.4,"Alexi Amarista"
"583","506693","Batter",2015,0,0,"Henderson Alvarez"
"584","506702","Batter",2015,-1.5,-1.5,"Sandy Leon"
"585","506747","Batter",2015,0,0,"Francisco Pena"
"586","506997","Batter",2015,-0.2,-0.2,"Tony Sanchez"
"587","514888","Batter",2015,-0.3,-0.3,"Jose Altuve"
"588","514913","Batter",2015,0.2,0.2,"Ruben Tejada"
"589","514917","Batter",2015,-1.1,-1.1,"Cesar Hernandez"
"590","516414","Batter",2015,0.3,0.3,"Ariel Pena"
"591","516416","Batter",2015,3.1,3.1,"Jean Segura"
"592","516589","Batter",2015,0,0,"Andre Rienzo"
"593","516770","Batter",2015,0.6,0.6,"Starlin Castro"
"594","516782","Batter",2015,0.8,0.8,"Starling Marte"
"595","516809","Batter",2015,1.2,1.2,"Junior Lake"
"596","516811","Batter",2015,1.3,1.3,"Eury Perez"
"597","516910","Batter",2015,-0.6,-0.6,"Carlos Frias"
"598","516949","Batter",2015,-1.1,-1.1,"Hector Sanchez"
"599","516970","Batter",2015,0.4,0.4,"Sugar Ray Marimon"
"600","517369","Batter",2015,0.8,0.8,"Jose Pirela"
"601","517370","Batter",2015,-0.3,-0.3,"Jimmy Paredes"
"602","517414","Batter",2015,0,0,"Randall Delgado"
"603","517593","Batter",2015,0.1,0.1,"Danny Salazar"
"604","518170","Batter",2015,0,0,"Jordany Valdespin"
"605","518418","Batter",2015,0.3,0.3,"Phillippe Aumont"
"606","518420","Batter",2015,0,0,"Dylan Axelrod"
"607","518452","Batter",2015,0,0,"Chad Bettis"
"608","518468","Batter",2015,0,0,"Michael Blazek"
"609","518516","Batter",2015,-0.2,-0.2,"Madison Bumgarner"
"610","518542","Batter",2015,-0.6,-0.6,"Juan Centeno"
"611","518567","Batter",2015,1,1,"Josh Collmenter"
"612","518568","Batter",2015,0.9,0.9,"Christian Colon"
"613","518577","Batter",2015,-0.6,-0.6,"Collin Cowgill"
"614","518595","Batter",2015,-0.3,-0.3,"Travis d'Arnaud"
"615","518603","Batter",2015,-0.1,-0.1,"Justin De Fratus"
"616","518614","Batter",2015,-1.3,-1.3,"Daniel Descalso"
"617","518618","Batter",2015,1.9,1.9,"Derek Dietrich"
"618","518626","Batter",2015,-2.5,-2.5,"Josh Donaldson"
"619","518653","Batter",2015,-0.8,-0.8,"Jake Elmore"
"620","518692","Batter",2015,-2.6,-2.6,"Freddie Freeman"
"621","518700","Batter",2015,0.2,0.2,"Eric Fryer"
"622","518716","Batter",2015,0.4,0.4,"Dillon Gee"
"623","518735","Batter",2015,-2.5,-2.5,"Yasmani Grandal"
"624","518748","Batter",2015,0.1,0.1,"Justin Grimm"
"625","518755","Batter",2015,-0.5,-0.5,"Matt Hague"
"626","518764","Batter",2015,0.1,0.1,"Donovan Hand"
"627","518771","Batter",2015,0,0,"Mitch Harris"
"628","518774","Batter",2015,1.3,1.3,"Matt Harvey"
"629","518790","Batter",2015,0.4,0.4,"Chris Heston"
"630","518792","Batter",2015,-2.3,-2.3,"Jason Heyward"
"631","518863","Batter",2015,0.3,0.3,"Taylor Jordan"
"632","518886","Batter",2015,0.1,0.1,"Craig Kimbrel"
"633","518902","Batter",2015,0.6,0.6,"Pete Kozma"
"634","518911","Batter",2015,1.2,1.2,"Andrew Lambo"
"635","518934","Batter",2015,0.5,0.5,"DJ LeMahieu"
"636","518953","Batter",2015,-1.2,-1.2,"David Lough"
"637","518960","Batter",2015,-1.5,-1.5,"Jonathan Lucroy"
"638","519023","Batter",2015,0.4,0.4,"Devin Mesoraco"
"639","519025","Batter",2015,1,1,"Will Middlebrooks"
"640","519043","Batter",2015,0,0,"Matt Moore"
"641","519048","Batter",2015,-1.3,-1.3,"Mitch Moreland"
"642","519058","Batter",2015,-2.5,-2.5,"Mike Moustakas"
"643","519068","Batter",2015,0.4,0.4,"Efren Navarro"
"644","519071","Batter",2015,-0.2,-0.2,"Rey Navarro"
"645","519076","Batter",2015,2,2,"Jimmy Nelson"
"646","519082","Batter",2015,-0.1,-0.1,"Nick Noonan"
"647","519083","Batter",2015,-1.6,-1.6,"Derek Norris"
"648","519085","Batter",2015,-0.1,-0.1,"Brett Oberholtzer"
"649","519107","Batter",2015,0,0,"Andy Parrino"
"650","519144","Batter",2015,0.2,0.2,"Rick Porcello"
"651","519166","Batter",2015,0.2,0.2,"Neil Ramirez"
"652","519168","Batter",2015,0.2,0.2,"Anthony Ranaudo"
"653","519184","Batter",2015,-2.8,-2.8,"Ben Revere"
"654","519203","Batter",2015,-0.7,-0.7,"Anthony Rizzo"
"655","519208","Batter",2015,-0.8,-0.8,"Clint Robinson"
"656","519222","Batter",2015,0,0,"Austin Romine"
"657","519237","Batter",2015,0.3,0.3,"Cameron Rupp"
"658","519242","Batter",2015,-0.1,-0.1,"Chris Sale"
"659","519295","Batter",2015,-0.2,-0.2,"Jake Smolinski"
"660","519299","Batter",2015,1,1,"Eric Sogard"
"661","519301","Batter",2015,0.1,0.1,"Sammy Solis"
"662","519306","Batter",2015,1.1,1.1,"Steven Souza Jr."
"663","519317","Batter",2015,-1.4,-1.4,"Giancarlo Stanton"
"664","519326","Batter",2015,0.2,0.2,"Hunter Strickland"
"665","519333","Batter",2015,0.4,0.4,"Matt Szczur"
"666","519345","Batter",2015,-0.2,-0.2,"Joey Terdoslavich"
"667","519381","Batter",2015,0.4,0.4,"Pat Venditte"
"668","519390","Batter",2015,-0.4,-0.4,"Stephen Vogt"
"669","519425","Batter",2015,0,0,"Jackson Williams"
"670","519455","Batter",2015,0.4,0.4,"Jordan Zimmermann"
"671","520471","Batter",2015,-1,-1,"Freddy Galvis"
"672","521230","Batter",2015,-0.1,-0.1,"Liam Hendriks"
"673","521692","Batter",2015,0.1,0.1,"Salvador Perez"
"674","523253","Batter",2015,0.5,0.5,"Logan Forsythe"
"675","523260","Batter",2015,0.1,0.1,"Joe Kelly"
"676","523989","Batter",2015,0.2,0.2,"Rubby De La Rosa"
"677","524968","Batter",2015,1.5,1.5,"Jesus Montero"
"678","527038","Batter",2015,2.9,2.9,"Wilmer Flores"
"679","527043","Batter",2015,1,1,"Jefry Marte"
"680","527048","Batter",2015,0.1,0.1,"Martin Perez"
"681","527054","Batter",2015,0.4,0.4,"Julio Teheran"
"682","533167","Batter",2015,-0.2,-0.2,"Matt Shoemaker"
"683","534606","Batter",2015,1.1,1.1,"Ryan LaMarre"
"684","534627","Batter",2015,0.6,0.6,"Tyler Holt"
"685","534910","Batter",2015,0.3,0.3,"Jesse Hahn"
"686","537953","Batter",2015,-0.6,-0.6,"Daniel Nava"
"687","541608","Batter",2015,0.1,0.1,"Ramon Cabrera"
"688","541640","Batter",2015,0.2,0.2,"Erasmo Ramirez"
"689","541645","Batter",2015,-0.7,-0.7,"Avisail Garcia"
"690","541650","Batter",2015,0.6,0.6,"Hernan Perez"
"691","542194","Batter",2015,-0.7,-0.7,"Christian Bethancourt"
"692","542208","Batter",2015,0.8,0.8,"Carlos Perez"
"693","542255","Batter",2015,-0.1,-0.1,"Ender Inciarte"
"694","542303","Batter",2015,0.2,0.2,"Marcell Ozuna"
"695","542340","Batter",2015,0.8,0.8,"Jonathan Villar"
"696","542436","Batter",2015,-0.1,-0.1,"Cristhian Adames"
"697","542454","Batter",2015,0.7,0.7,"Danny Santana"
"698","542455","Batter",2015,-0.2,-0.2,"Oswaldo Arcia"
"699","542513","Batter",2015,0.7,0.7,"Tomas Telis"
"700","542583","Batter",2015,0,0,"Jesus Aguilar"
"701","542587","Batter",2015,-0.1,-0.1,"Elvis Araujo"
"702","542674","Batter",2015,0,0,"Gonzalez Germen"
"703","542882","Batter",2015,0.2,0.2,"Matt Andriese"
"704","542883","Batter",2015,0,0,"Dean Anna"
"705","542908","Batter",2015,0,0,"Jett Bandy"
"706","542921","Batter",2015,0.1,0.1,"Tim Beckham"
"707","542923","Batter",2015,0,0,"Dallas Beeler"
"708","542942","Batter",2015,-0.2,-0.2,"Carson Blair"
"709","542963","Batter",2015,-0.1,-0.1,"Rob Brantly"
"710","542979","Batter",2015,0.2,0.2,"Keon Broxton"
"711","542993","Batter",2015,-1.1,-1.1,"Billy Burns"
"712","542994","Batter",2015,0.4,0.4,"Joey Butler"
"713","543037","Batter",2015,0.5,0.5,"Gerrit Cole"
"714","543038","Batter",2015,0,0,"Dusty Coleman"
"715","543045","Batter",2015,0.4,0.4,"Adam Conley"
"716","543054","Batter",2015,-0.1,-0.1,"Jarred Cosart"
"717","543056","Batter",2015,0.1,0.1,"Daniel Coulombe"
"718","543063","Batter",2015,-0.8,-0.8,"Brandon Crawford"
"719","543068","Batter",2015,0.5,0.5,"C.J. Cron"
"720","543094","Batter",2015,-0.7,-0.7,"Jaff Decker"
"721","543101","Batter",2015,0.2,0.2,"Anthony DeSclafani"
"722","543105","Batter",2015,-0.2,-0.2,"Alex Dickerson"
"723","543135","Batter",2015,-0.3,-0.3,"Nathan Eovaldi"
"724","543184","Batter",2015,0,0,"Christian Friedrich"
"725","543213","Batter",2015,1,1.1,"Johnny Giavotella"
"726","543216","Batter",2015,-1.1,-1.1,"Conor Gillaspie"
"727","543219","Batter",2015,-0.1,-0.1,"Sean Gilmartin"
"728","543228","Batter",2015,0.8,0.8,"Yan Gomes"
"729","543238","Batter",2015,-2.7,-2.7,"Anthony Gose"
"730","543243","Batter",2015,0.7,0.7,"Sonny Gray"
"731","543257","Batter",2015,0.7,0.7,"Robbie Grossman"
"732","543272","Batter",2015,0.2,0.2,"Brad Hand"
"733","543281","Batter",2015,-1.3,-1.3,"Josh Harrison"
"734","543294","Batter",2015,1.4,1.4,"Kyle Hendricks"
"735","543302","Batter",2015,0.5,0.5,"Chris Herrmann"
"736","543305","Batter",2015,-1.8,-1.8,"Aaron Hicks"
"737","543308","Batter",2015,0.9,0.9,"John Hicks"
"738","543321","Batter",2015,0.3,0.3,"L.J. Hoes"
"739","543333","Batter",2015,-1.2,-1.2,"Eric Hosmer"
"740","543339","Batter",2015,0,0,"Daniel Hudson"
"741","543376","Batter",2015,0.8,0.8,"Caleb Joseph"
"742","543380","Batter",2015,0.4,0.4,"Taylor Jungmann"
"743","543391","Batter",2015,0.1,0.1,"Casey Kelly"
"744","543401","Batter",2015,-0.6,-0.6,"Jason Kipnis"
"745","543408","Batter",2015,0.8,0.8,"Tom Koehler"
"746","543424","Batter",2015,0.2,0.2,"John Lamb"
"747","543432","Batter",2015,-1,-1,"Ryan Lavarnway"
"748","543434","Batter",2015,-1.5,-1.5,"Brett Lawrie"
"749","543459","Batter",2015,0,0,"Steve Lombardozzi"
"750","543475","Batter",2015,1,1,"Jordan Lyles"
"751","543484","Batter",2015,0.7,0.7,"Mikie Mahtook"
"752","543507","Batter",2015,0.1,0.1,"Trevor May"
"753","543510","Batter",2015,1.6,1.6,"James McCann"
"754","543521","Batter",2015,-0.5,-0.5,"Collin McHugh"
"755","543543","Batter",2015,-1.8,-1.8,"Brad Miller"
"756","543548","Batter",2015,0,0,"Tommy Milone"
"757","543557","Batter",2015,0.1,0.1,"Mike Montgomery"
"758","543569","Batter",2015,0,0,"Brent Morel"
"759","543590","Batter",2015,1.3,1.3,"Kirk Nieuwenhuis"
"760","543606","Batter",2015,0,0,"Jake Odorizzi"
"761","543633","Batter",2015,-0.2,-0.2,"Juan Perez"
"762","543685","Batter",2015,1.8,1.8,"Anthony Rendon"
"763","543698","Batter",2015,0.1,0.1,"Donn Roach"
"764","543699","Batter",2015,0.6,0.6,"Tanner Roark"
"765","543706","Batter",2015,1.2,1.2,"Daniel Robertson"
"766","543734","Batter",2015,0,0,"Chris Rusin"
"767","543742","Batter",2015,-0.6,-0.6,"Jerry Sands"
"768","543760","Batter",2015,-0.7,-0.7,"Marcus Semien"
"769","543768","Batter",2015,0.3,0.3,"Travis Shaw"
"770","543776","Batter",2015,-0.6,-0.6,"J.B. Shuck"
"771","543807","Batter",2015,-0.2,-0.2,"George Springer"
"772","543829","Batter",2015,-1,-1,"Dee Gordon"
"773","543881","Batter",2015,0.1,0.1,"Pedro Villarreal"
"774","543901","Batter",2015,-0.2,-0.2,"Ryan Weber"
"775","543903","Batter",2015,0.4,0.4,"Allen Webster"
"776","543921","Batter",2015,-0.3,-0.3,"Joe Wieland"
"777","543939","Batter",2015,-1.4,-1.4,"Kolten Wong"
"778","543942","Batter",2015,0,0,"Rob Wooten"
"779","544365","Batter",2015,0,0,"Manny Banuelos"
"780","544369","Batter",2015,-0.1,-0.1,"Didi Gregorius"
"781","544725","Batter",2015,0.3,0.3,"Leury Garcia"
"782","544925","Batter",2015,-1,-1,"Matt den Dekker"
"783","544928","Batter",2015,-0.3,-0.3,"Tyler Lyons"
"784","544931","Batter",2015,1.1,1.1,"Stephen Strasburg"
"785","545333","Batter",2015,-0.2,-0.2,"Trevor Bauer"
"786","545338","Batter",2015,-1.2,-1.2,"Nick Franklin"
"787","545341","Batter",2015,0.2,0.2,"Randal Grichuk"
"788","545346","Batter",2015,0,0,"Zach Lee"
"789","545350","Batter",2015,0.2,0.2,"Jake Marisnick"
"790","545358","Batter",2015,0,0,"Max Stassi"
"791","545361","Batter",2015,-0.4,-0.4,"Mike Trout"
"792","545404","Batter",2015,-0.2,-0.2,"Brandon Beachy"
"793","546318","Batter",2015,0.3,0.3,"Odubel Herrera"
"794","547179","Batter",2015,1.1,1.1,"Michael Lorenzen"
"795","547180","Batter",2015,-3.8,-3.8,"Bryce Harper"
"796","547379","Batter",2015,0.5,0.5,"Roberto Perez"
"797","547874","Batter",2015,0,0,"Hisashi Iwakuma"
"798","547888","Batter",2015,-0.3,-0.3,"Masahiro Tanaka"
"799","547973","Batter",2015,0.3,0.3,"Aroldis Chapman"
"800","547982","Batter",2015,0.3,0.3,"Leonys Martin"
"801","547989","Batter",2015,0.6,0.6,"Jose Abreu"
"802","548337","Batter",2015,-0.2,-0.2,"Logan Verrett"
"803","548357","Batter",2015,-0.7,-0.7,"Christian Bergman"
"804","552662","Batter",2015,0.8,0.8,"Stefen Romero"
"805","553869","Batter",2015,0,0,"Elias Diaz"
"806","553988","Batter",2015,0.1,0.1,"Dixon Machado"
"807","553993","Batter",2015,1.7,1.7,"Eugenio Suarez"
"808","554234","Batter",2015,0.3,0.3,"Williams Perez"
"809","554429","Batter",2015,-1.7,-1.7,"Dustin Ackley"
"810","554431","Batter",2015,0.6,0.6,"Tyler Matzek"
"811","570256","Batter",2015,0.1,0.1,"Gregory Polanco"
"812","570267","Batter",2015,0.6,0.6,"Domingo Santana"
"813","570482","Batter",2015,1,1,"Giovanny Urshela"
"814","570489","Batter",2015,-0.9,-0.9,"Arismendy Alcantara"
"815","570560","Batter",2015,0.4,0.4,"Carlos Sanchez"
"816","570615","Batter",2015,0.4,0.4,"Steven Moya"
"817","570632","Batter",2015,0.4,0.4,"Jose Urena"
"818","570649","Batter",2015,0.1,0.1,"Yordano Ventura"
"819","570717","Batter",2015,0.5,0.5,"Ramon Flores"
"820","570731","Batter",2015,0.6,0.6,"Jonathan Schoop"
"821","571431","Batter",2015,1.8,1.8,"Matt Adams"
"822","571437","Batter",2015,0,0,"Aaron Altherr"
"823","571448","Batter",2015,-0.5,-0.5,"Nolan Arenado"
"824","571466","Batter",2015,-1.1,-1.1,"Tucker Barnhart"
"825","571467","Batter",2015,0.6,0.6,"Steve Baron"
"826","571506","Batter",2015,1.5,1.5,"Justin Bour"
"827","571527","Batter",2015,-0.6,-0.6,"David Buchanan"
"828","571553","Batter",2015,0.3,0.3,"Darrell Ceciliani"
"829","571561","Batter",2015,0.1,0.1,"Tony Cingrani"
"830","571577","Batter",2015,0,0,"Scott Copeland"
"831","571578","Batter",2015,-0.8,-0.8,"Patrick Corbin"
"832","571656","Batter",2015,0.1,0.1,"Buck Farmer"
"833","571665","Batter",2015,0.1,0.1,"Daniel Fields"
"834","571666","Batter",2015,0.7,0.7,"Mike Fiers"
"835","571697","Batter",2015,1.4,1.4,"Scooter Gennett"
"836","571735","Batter",2015,0.2,0.2,"David Hale"
"837","571740","Batter",2015,-1.9,-1.9,"Billy Hamilton"
"838","571760","Batter",2015,0.1,0.1,"Andrew Heaney"
"839","571761","Batter",2015,-0.4,-0.4,"Slade Heathcott"
"840","571771","Batter",2015,1,1,"Enrique Hernandez"
"841","571787","Batter",2015,-0.6,-0.6,"David Holmberg"
"842","571788","Batter",2015,1.1,1.1,"Brock Holt"
"843","571825","Batter",2015,0.4,0.4,"James Jones"
"844","571868","Batter",2015,2.1,2.1,"Marc Krauss"
"845","571875","Batter",2015,2.1,2.1,"Jake Lamb"
"846","571893","Batter",2015,0,0,"Adam Liberatore"
"847","571912","Batter",2015,-0.1,-0.1,"Luke Maile"
"848","571918","Batter",2015,0.6,0.6,"Deven Marrero"
"849","571927","Batter",2015,0,0,"Steven Matz"
"850","571946","Batter",2015,-0.1,-0.1,"Shelby Miller"
"851","571951","Batter",2015,0.1,0.1,"Bryan Mitchell"
"852","571970","Batter",2015,-0.9,-0.9,"Max Muncy"
"853","571974","Batter",2015,1.6,1.6,"John Ryan Murphy"
"854","571976","Batter",2015,-1.6,-1.6,"Wil Myers"
"855","572008","Batter",2015,2.7,2.7,"Chris Owings"
"856","572019","Batter",2015,-0.5,-0.5,"Ben Paulsen"
"857","572020","Batter",2015,0.1,0.1,"James Paxton"
"858","572033","Batter",2015,-0.9,-0.9,"Josh Phegley"
"859","572039","Batter",2015,0.2,0.2,"Stephen Piscotty"
"860","572041","Batter",2015,1.5,1.5,"A.J. Pollock"
"861","572102","Batter",2015,0.5,0.5,"Keyvius Sampson"
"862","572122","Batter",2015,-1.8,-1.8,"Kyle Seager"
"863","572128","Batter",2015,0.9,0.9,"Richie Shaffer"
"864","572138","Batter",2015,-1.7,-1.7,"Jon Singleton"
"865","572180","Batter",2015,1.3,1.3,"Andrew Susac"
"866","572182","Batter",2015,0.3,0.3,"Darnell Sweeney"
"867","572191","Batter",2015,1.7,1.7,"Michael Taylor"
"868","572204","Batter",2015,-0.5,-0.5,"Trayce Thompson"
"869","572233","Batter",2015,0.4,0.4,"Christian Walker"
"870","572287","Batter",2015,0.6,0.6,"Mike Zunino"
"871","572309","Batter",2015,-0.1,-0.1,"Kendry Flores"
"872","572362","Batter",2015,0.1,0.1,"Robbie Erlin"
"873","572365","Batter",2015,0.3,0.3,"Ryan Goins"
"874","572750","Batter",2015,0.8,0.9,"Eddie Butler"
"875","572761","Batter",2015,0.8,0.8,"Matt Carpenter"
"876","572788","Batter",2015,-0.1,-0.1,"Tyler Cravy"
"877","572804","Batter",2015,0,0,"Cody Decker"
"878","572816","Batter",2015,0.8,0.8,"Corey Dickerson"
"879","572821","Batter",2015,-0.7,-0.7,"Brian Dozier"
"880","572863","Batter",2015,-0.8,-0.8,"Dustin Garneau"
"881","572888","Batter",2015,0.4,0.4,"Shane Greene"
"882","572971","Batter",2015,0.4,0.4,"Dallas Keuchel"
"883","573064","Batter",2015,0,0,"Vidal Nuno"
"884","573131","Batter",2015,0.5,0.5,"Darin Ruf"
"885","573135","Batter",2015,-0.4,-0.4,"Tyler Saladino"
"886","573627","Batter",2015,0.1,0.1,"Kennys Vargas"
"887","574831","Batter",2015,0,0,"Michael Choice"
"888","576397","Batter",2015,0.7,0.7,"Jedd Gyorko"
"889","578428","Batter",2015,1.9,1.9,"Jose Iglesias"
"890","581527","Batter",2015,-0.1,-0.1,"Devon Travis"
"891","588751","Batter",2015,1,1,"Adeiny Hechavarria"
"892","591712","Batter",2015,0.4,0.4,"Oscar Hernandez"
"893","591720","Batter",2015,0.2,0.2,"Ronald Torreyes"
"894","592166","Batter",2015,-0.3,-0.3,"Ryan Brett"
"895","592178","Batter",2015,-1.3,-1.3,"Kris Bryant"
"896","592192","Batter",2015,1.8,1.8,"Mark Canha"
"897","592200","Batter",2015,0.7,0.7,"Curt Casali"
"898","592206","Batter",2015,-0.1,-0.1,"Nick Castellanos"
"899","592230","Batter",2015,-0.6,-0.6,"Kaleb Cowart"
"900","592239","Batter",2015,-0.5,-0.5,"Todd Cunningham"
"901","592261","Batter",2015,1.2,1.2,"Delino DeShields"
"902","592273","Batter",2015,-0.1,-0.1,"Brandon Drury"
"903","592274","Batter",2015,-0.5,-0.5,"Matt Duffy"
"904","592314","Batter",2015,-0.5,-0.5,"Mike Foltynewicz"
"905","592329","Batter",2015,-0.1,-0.1,"Jason Garcia"
"906","592340","Batter",2015,0,0,"Erik Goeddel"
"907","592341","Batter",2015,-0.2,-0.2,"David Goforth"
"908","592351","Batter",2015,-0.3,-0.3,"Jonathan Gray"
"909","592407","Batter",2015,0.3,0.3,"Bryan Holaday"
"910","592518","Batter",2015,-2.3,-2.3,"Manny Machado"
"911","592533","Batter",2015,0,0,"Cody Martin"
"912","592593","Batter",2015,0.3,0.3,"Justin Nicolino"
"913","592596","Batter",2015,-0.1,-0.1,"Rico Noel"
"914","592609","Batter",2015,-0.6,-0.6,"Mike Olt"
"915","592612","Batter",2015,0.5,0.5,"Joshua Osich"
"916","592620","Batter",2015,1.2,1.2,"Jarrett Parker"
"917","592621","Batter",2015,-1.5,-1.5,"Kyle Parker"
"918","592626","Batter",2015,-2.9,-2.9,"Joc Pederson"
"919","592647","Batter",2015,-1.4,-1.4,"Dalton Pompey"
"920","592662","Batter",2015,0.4,0.4,"Robbie Ray"
"921","592663","Batter",2015,0.3,0.3,"J.T. Realmuto"
"922","592665","Batter",2015,0,0,"Addison Reed"
"923","592680","Batter",2015,-0.2,-0.2,"Yadiel Rivera"
"924","592696","Batter",2015,-0.4,-0.4,"Eddie Rosario"
"925","592710","Batter",2015,0.5,0.5,"Josh Rutledge"
"926","592743","Batter",2015,-2.4,-2.4,"Andrelton Simmons"
"927","592774","Batter",2015,-0.3,-0.3,"Cody Stanley"
"928","592789","Batter",2015,-0.6,-0.6,"Noah Syndergaard"
"929","592804","Batter",2015,0.1,0.1,"Tyler Thornburg"
"930","592835","Batter",2015,0,0,"Kyle Waldrop"
"931","592836","Batter",2015,0.2,0.2,"Taijuan Walker"
"932","592863","Batter",2015,-0.3,-0.3,"Mason Williams"
"933","592869","Batter",2015,0,0,"Tyler Wilson"
"934","592885","Batter",2015,-1,-1,"Christian Yelich"
"935","593372","Batter",2015,-0.7,-0.7,"Carlos Martinez"
"936","593428","Batter",2015,3.2,3.2,"Xander Bogaerts"
"937","593495","Batter",2015,0.9,0.9,"Daniel Castro"
"938","593525","Batter",2015,0,0,"Orlando Calixte"
"939","593576","Batter",2015,0,0,"Hector Neris"
"940","593643","Batter",2015,-0.9,-0.9,"Hanser Alberto"
"941","593647","Batter",2015,0.8,0.8,"Socrates Brito"
"942","593871","Batter",2015,-0.1,-0.1,"Jorge Polanco"
"943","593934","Batter",2015,0.9,0.9,"Miguel Sano"
"944","593958","Batter",2015,-0.2,-0.2,"Eduardo Rodriguez"
"945","594555","Batter",2015,0.2,0.2,"Garin Cecchini"
"946","594694","Batter",2015,0.1,0.1,"Wilmer Difo"
"947","594736","Batter",2015,0,0,"Cody Anderson"
"948","594742","Batter",2015,0,0,"Alec Asher"
"949","594777","Batter",2015,-0.4,-0.4,"Kole Calhoun"
"950","594798","Batter",2015,0,0,"Jacob deGrom"
"951","594807","Batter",2015,0.4,0.4,"Adam Duvall"
"952","594809","Batter",2015,-2.9,-2.9,"Adam Eaton"
"953","594824","Batter",2015,-0.6,-0.6,"Greg Garcia"
"954","594828","Batter",2015,2.4,2.4,"Evan Gattis"
"955","594838","Batter",2015,-0.3,-0.3,"Phil Gosselin"
"956","594857","Batter",2015,0,0,"Keith Hessler"
"957","594940","Batter",2015,0.7,0.7,"Danny Muno"
"958","594987","Batter",2015,0.3,0.3,"Casey Sadler"
"959","594988","Batter",2015,0.5,0.5,"Scott Schebler"
"960","595001","Batter",2015,0.2,0.2,"Josh Smith"
"961","595005","Batter",2015,0.5,0.5,"Ryan Strausborger"
"962","595014","Batter",2015,0.3,0.3,"Blake Treinen"
"963","595025","Batter",2015,0.6,0.6,"Zach Walters"
"964","595191","Batter",2015,0.6,0.6,"Jerad Eickhoff"
"965","595281","Batter",2015,0,0,"Kevin Kiermaier"
"966","595386","Batter",2015,0.9,0.9,"Jason Rogers"
"967","595879","Batter",2015,1.2,1.2,"Javier Baez"
"968","595885","Batter",2015,-0.2,-0.2,"Greg Bird"
"969","595918","Batter",2015,0,0,"A.J. Cole"
"970","595978","Batter",2015,-0.6,-0.6,"Austin Hedges"
"971","596019","Batter",2015,0.6,0.6,"Francisco Lindor"
"972","596057","Batter",2015,0,0,"Daniel Norris"
"973","596059","Batter",2015,-0.8,-0.8,"Rougned Odor"
"974","596119","Batter",2015,0.5,0.5,"Blake Swihart"
"975","596142","Batter",2015,0,0,"Gary Sanchez"
"976","596143","Batter",2015,0.8,0.8,"Luis Sardinas"
"977","596144","Batter",2015,0.2,0.2,"Cheslor Cuthbert"
"978","596146","Batter",2015,-0.2,-0.2,"Max Kepler"
"979","596748","Batter",2015,1.5,1.5,"Maikel Franco"
"980","598265","Batter",2015,0.7,0.7,"Jackie Bradley Jr."
"981","598284","Batter",2015,-0.1,-0.1,"Peter O'Brien"
"982","599096","Batter",2015,-0.5,-0.5,"Dilson Herrera"
"983","600303","Batter",2015,-1,-1,"Tommy La Stella"
"984","600474","Batter",2015,-0.1,-0.1,"Pedro Severino"
"985","605113","Batter",2015,0.1,0.1,"Nick Ahmed"
"986","605125","Batter",2015,1.2,1.3,"Cody Asche"
"987","605131","Batter",2015,0.3,0.3,"Austin Barnes"
"988","605135","Batter",2015,0,0,"Chris Bassitt"
"989","605141","Batter",2015,0.8,0.8,"Mookie Betts"
"990","605151","Batter",2015,0.7,0.7,"Archie Bradley"
"991","605156","Batter",2015,-0.1,-0.1,"Aaron Brooks"
"992","605169","Batter",2015,0,0,"Carter Capps"
"993","605177","Batter",2015,0,0,"Andrew Chafin"
"994","605200","Batter",2015,0.1,0.1,"Zach Davies"
"995","605218","Batter",2015,-0.2,-0.2,"Carl Edwards Jr."
"996","605227","Batter",2015,0.8,0.8,"Taylor Featherston"
"997","605228","Batter",2015,0.5,0.5,"Jose Fernandez"
"998","605232","Batter",2015,0.6,0.6,"Brandon Finnegan"
"999","605253","Batter",2015,0.3,0.3,"Terrance Gore"
"1000","605323","Batter",2015,-0.8,-0.8,"Kyle Kubitza"
"1001","605347","Batter",2015,0,0,"Jorge Lopez"
"1002","605374","Batter",2015,0,0,"Andrew McKirahan"
"1003","605388","Batter",2015,0.2,0.2,"Adam Morgan"
"1004","605400","Batter",2015,1.3,1.3,"Aaron Nola"
"1005","605412","Batter",2015,0.8,0.8,"Joe Panik"
"1006","605439","Batter",2015,-0.6,-0.6,"Michael Reed"
"1007","605452","Batter",2015,1.3,1.3,"Joe Ross"
"1008","605486","Batter",2015,-0.6,-0.6,"Cory Spangenberg"
"1009","605509","Batter",2015,1.7,1.7,"Kelby Tomlinson"
"1010","605512","Batter",2015,0,0,"Preston Tucker"
"1011","605538","Batter",2015,0.2,0.2,"Matt Wisler"
"1012","605541","Batter",2015,0.1,0.1,"Mike Wright"
"1013","605894","Batter",2015,0.2,0.2,"Severino Gonzalez"
"1014","606160","Batter",2015,-0.1,-0.1,"Rafael Montero"
"1015","606299","Batter",2015,0.2,0.2,"Jose Peraza"
"1016","606466","Batter",2015,-0.7,-0.7,"Ketel Marte"
"1017","607054","Batter",2015,0.4,0.4,"Jace Peterson"
"1018","607067","Batter",2015,0.2,0.2,"Colin Rea"
"1019","607074","Batter",2015,0,0,"Carlos Rodon"
"1020","607208","Batter",2015,0.1,0.1,"Trea Turner"
"1021","607259","Batter",2015,0.1,0.1,"Nick Martinez"
"1022","607385","Batter",2015,-1.2,-1.2,"Tyler Collins"
"1023","607387","Batter",2015,1.4,1.4,"Ryan Rua"
"1024","607680","Batter",2015,-1.4,-1.4,"Kevin Pillar"
"1025","607776","Batter",2015,0,0,"Mac Williamson"
"1026","608070","Batter",2015,-0.2,-0.2,"Jose Ramirez"
"1027","608336","Batter",2015,0.3,0.3,"Joey Gallo"
"1028","608365","Batter",2015,2.4,2.4,"Addison Russell"
"1029","608369","Batter",2015,-1.3,-1.3,"Corey Seager"
"1030","608379","Batter",2015,-0.2,-0.2,"Michael Wacha"
"1031","608596","Batter",2015,0.4,0.4,"Tom Murphy"
"1032","608641","Batter",2015,0.5,0.5,"Tim Cooney"
"1033","608671","Batter",2015,-0.9,-0.9,"Travis Jankowski"
"1034","608672","Batter",2015,-0.4,-0.4,"Micah Johnson"
"1035","608700","Batter",2015,-0.8,-0.8,"Kevin Plawecki"
"1036","608701","Batter",2015,1,1,"Rob Refsnyder"
"1037","611177","Batter",2015,1.5,1.5,"Adonis Garcia"
"1038","621035","Batter",2015,1.8,1.8,"Chris Taylor"
"1039","621043","Batter",2015,0.7,0.7,"Carlos Correa"
"1040","621121","Batter",2015,0,0,"Lance McCullers"
"1041","621209","Batter",2015,0.1,0.1,"Jon Moscot"
"1042","621281","Batter",2015,0.1,0.1,"Tyler Wagner"
"1043","621439","Batter",2015,1,1,"Byron Buxton"
"1044","621962","Batter",2015,0.3,0.3,"Ian Thomas"
"1045","622072","Batter",2015,0.1,0.1,"Alex Wood"
"1046","622110","Batter",2015,0.1,0.1,"Matt Duffy"
"1047","622663","Batter",2015,0,0,"Luis Severino"
"1048","623143","Batter",2015,-0.7,-0.7,"Trevor Brown"
"1049","624424","Batter",2015,-1.8,-1.8,"Michael Conforto"
"1050","624577","Batter",2015,-1.5,-1.5,"Yasiel Puig"
"1051","624585","Batter",2015,1.3,1.3,"Jorge Soler"
"1052","625329","Batter",2015,0.3,0.3,"Henry Urrutia"
"1053","628329","Batter",2015,0.6,0.6,"Rusney Castillo"
"1054","628333","Batter",2015,0.2,0.2,"Odrisamer Despaigne"
"1055","628356","Batter",2015,-1.1,-1.1,"Jung Ho Kang"
"1056","628452","Batter",2015,-0.1,-0.1,"Raisel Iglesias"
"1057","630111","Batter",2015,5,5,"Yasmany Tomas"
"1058","643327","Batter",2015,0.3,0.3,"Zachary Godley"
"1059","645848","Batter",2015,0.4,0.4,"Dariel Alvarez"
"1060","648717","Batter",2015,0.6,0.6,"Alex Guerrero"
"1061","656941","Batter",2015,-1.9,-1.9,"Kyle Schwarber"
"1062","112526","Pitcher",2015,1.4,2.8,"Bartolo Colon"
"1063","115629","Pitcher",2015,1.4,2.7,"LaTroy Hawkins"
"1064","136600","Pitcher",2015,0.4,0.7,"Bruce Chen"
"1065","150116","Pitcher",2015,0.7,1.4,"Randy Wolf"
"1066","150274","Pitcher",2015,0,0,"Joe Nathan"
"1067","150302","Pitcher",2015,0.3,0.7,"Jason Marquis"
"1068","150359","Pitcher",2015,2.1,4.1,"A.J. Burnett"
"1069","217096","Pitcher",2015,0.3,0.5,"Barry Zito"
"1070","218596","Pitcher",2015,1,1.9,"Tim Hudson"
"1071","234194","Pitcher",2015,-0.5,-0.9,"Buddy Carlyle"
"1072","276351","Pitcher",2015,0.1,0.1,"Jason Grilli"
"1073","276514","Pitcher",2015,0.9,1.8,"Kevin Gregg"
"1074","276542","Pitcher",2015,-0.7,-1.3,"Joaquin Benoit"
"1075","279571","Pitcher",2015,1.9,3.8,"Matt Belisle"
"1076","279824","Pitcher",2015,0.9,1.7,"Mark Buehrle"
"1077","282332","Pitcher",2015,1.6,3.1,"CC Sabathia"
"1078","285064","Pitcher",2015,0.8,1.6,"Ryan Vogelsong"
"1079","285079","Pitcher",2015,-0.8,-1.6,"R.A. Dickey"
"1080","329092","Pitcher",2015,0.7,1.4,"Randy Choate"
"1081","346793","Pitcher",2015,-0.8,-1.6,"Jeremy Affeldt"
"1082","346797","Pitcher",2015,0.6,1.1,"Grant Balfour"
"1083","346798","Pitcher",2015,2.5,5,"Kyle Lohse"
"1084","346847","Pitcher",2015,1.7,3.3,"Joe Beimel"
"1085","400085","Pitcher",2015,-0.2,-0.4,"Ichiro Suzuki"
"1086","400089","Pitcher",2015,-0.4,-0.7,"Rafael Soriano"
"1087","407793","Pitcher",2015,-0.3,-0.6,"John Lackey"
"1088","407819","Pitcher",2015,0.5,0.9,"Matt Thornton"
"1089","407822","Pitcher",2015,-0.2,-0.3,"Jorge De La Rosa"
"1090","407845","Pitcher",2015,0.9,1.7,"Fernando Rodney"
"1091","407890","Pitcher",2015,1.2,2.5,"Colby Lewis"
"1092","407908","Pitcher",2015,0.3,0.5,"Joel Peralta"
"1093","408061","Pitcher",2015,2.2,4.4,"Francisco Rodriguez"
"1094","408241","Pitcher",2015,0.3,0.6,"Jake Peavy"
"1095","421685","Pitcher",2015,1.4,2.9,"Aaron Harang"
"1096","424144","Pitcher",2015,0.3,0.6,"Oliver Perez"
"1097","424325","Pitcher",2015,0.3,0.5,"David Ross"
"1098","425386","Pitcher",2015,0.5,0.9,"Jeremy Guthrie"
"1099","425492","Pitcher",2015,-1.4,-2.7,"Ryan Madson"
"1100","425532","Pitcher",2015,2,4,"Jerome Williams"
"1101","425543","Pitcher",2015,0.1,0.3,"Josh Wilson"
"1102","425560","Pitcher",2015,-0.1,-0.1,"Adam LaRoche"
"1103","425626","Pitcher",2015,-0.1,-0.2,"Chris Capuano"
"1104","425657","Pitcher",2015,1,1.9,"Javier Lopez"
"1105","425786","Pitcher",2015,1.6,3.2,"Scott Atchison"
"1106","425794","Pitcher",2015,-0.5,-1.1,"Adam Wainwright"
"1107","425796","Pitcher",2015,0.3,0.6,"Jeff Francoeur"
"1108","425835","Pitcher",2015,1,1.9,"Chin-hui Tsao"
"1109","425840","Pitcher",2015,-1.1,-2.2,"Neal Cotts"
"1110","425844","Pitcher",2015,1,2,"Zack Greinke"
"1111","425856","Pitcher",2015,0,0,"Gavin Floyd"
"1112","429400","Pitcher",2015,-1.3,-2.6,"Adam Loewen"
"1113","429717","Pitcher",2015,3,6,"Dan Haren"
"1114","429719","Pitcher",2015,0.4,0.7,"Edwin Jackson"
"1115","429722","Pitcher",2015,-0.7,-1.4,"Ervin Santana"
"1116","429780","Pitcher",2015,1,1.9,"Chris Narveson"
"1117","429781","Pitcher",2015,1.3,2.5,"Kevin Correia"
"1118","429783","Pitcher",2015,1.2,2.4,"Rafael Betancourt"
"1119","430404","Pitcher",2015,0.1,0.2,"Jonny Gomes"
"1120","430580","Pitcher",2015,-1,-2,"Alfredo Simon"
"1121","430589","Pitcher",2015,0.2,0.5,"Chad Qualls"
"1122","430599","Pitcher",2015,1.6,3.1,"Joe Blanton"
"1123","430605","Pitcher",2015,-0.2,-0.4,"Ryan Raburn"
"1124","430613","Pitcher",2015,-1.2,-2.3,"Ronald Belisario"
"1125","430630","Pitcher",2015,0.8,1.5,"Jason Frasor"
"1126","430641","Pitcher",2015,-1.1,-2.1,"Blaine Boyer"
"1127","430661","Pitcher",2015,-2.2,-4.3,"Dustin McGowan"
"1128","430911","Pitcher",2015,1.3,2.5,"David Aardsma"
"1129","430912","Pitcher",2015,-0.3,-0.6,"Matt Cain"
"1130","430935","Pitcher",2015,0.1,0.3,"Cole Hamels"
"1131","431148","Pitcher",2015,1.1,2.2,"Scott Kazmir"
"1132","431162","Pitcher",2015,1.2,2.3,"Tim Stauffer"
"1133","432934","Pitcher",2015,-0.2,-0.4,"Chris Young"
"1134","433579","Pitcher",2015,0.9,1.9,"John Danks"
"1135","433584","Pitcher",2015,2,3.9,"Roberto Hernandez"
"1136","433585","Pitcher",2015,1.6,3.2,"Jeff Francis"
"1137","433586","Pitcher",2015,1.5,3,"Santiago Casilla"
"1138","433587","Pitcher",2015,1.3,2.6,"Felix Hernandez"
"1139","433589","Pitcher",2015,0.6,1.3,"Yusmeiro Petit"
"1140","434137","Pitcher",2015,0.2,0.4,"Logan Kensing"
"1141","434378","Pitcher",2015,1,1.9,"Justin Verlander"
"1142","434442","Pitcher",2015,1.3,2.5,"J.P. Howell"
"1143","434538","Pitcher",2015,0.7,1.4,"Francisco Liriano"
"1144","434540","Pitcher",2015,0.2,0.4,"Garrett Jones"
"1145","434622","Pitcher",2015,1.5,3,"Ubaldo Jimenez"
"1146","434628","Pitcher",2015,0.3,0.7,"Jason Hammel"
"1147","434643","Pitcher",2015,1.8,3.6,"Wandy Rodriguez"
"1148","434665","Pitcher",2015,0.8,1.6,"Nick Masset"
"1149","434671","Pitcher",2015,-0.2,-0.3,"Anibal Sanchez"
"1150","434678","Pitcher",2015,0.4,0.8,"Kyle Davies"
"1151","434718","Pitcher",2015,1.7,3.4,"Huston Street"
"1152","435043","Pitcher",2015,-0.1,-0.2,"Zach Duke"
"1153","435044","Pitcher",2015,0.8,1.6,"Scott Baker"
"1154","435045","Pitcher",2015,-1.1,-2.2,"Sergio Santos"
"1155","435221","Pitcher",2015,0.7,1.3,"Brandon McCarthy"
"1156","435400","Pitcher",2015,0.2,0.4,"Jason Motte"
"1157","444436","Pitcher",2015,0.5,1.1,"Ryan Webb"
"1158","444446","Pitcher",2015,-1,-2,"Collin Balester"
"1159","444468","Pitcher",2015,0.3,0.6,"Hector Rondon"
"1160","444520","Pitcher",2015,1.7,3.3,"Craig Breslow"
"1161","444836","Pitcher",2015,0.1,0.1,"Aaron Laffey"
"1162","444857","Pitcher",2015,-0.5,-1,"Scott Feldman"
"1163","444935","Pitcher",2015,-1.4,-2.9,"Nick Hagadone"
"1164","445060","Pitcher",2015,-1.4,-2.8,"Ricky Nolasco"
"1165","445163","Pitcher",2015,1.9,3.8,"Casey Janssen"
"1166","445170","Pitcher",2015,0.8,1.5,"Todd Redmond"
"1167","445197","Pitcher",2015,-1.3,-2.5,"Mike Dunn"
"1168","445213","Pitcher",2015,1.2,2.4,"Brandon Kintzler"
"1169","445276","Pitcher",2015,-0.8,-1.5,"Kenley Jansen"
"1170","445590","Pitcher",2015,1.7,3.3,"Eric Stults"
"1171","445612","Pitcher",2015,-2.4,-4.8,"Dale Thayer"
"1172","445926","Pitcher",2015,2.1,4.2,"Jesse Chavez"
"1173","445968","Pitcher",2015,-0.3,-0.5,"Dana Eveland"
"1174","446099","Pitcher",2015,0.5,1.1,"John Axford"
"1175","446321","Pitcher",2015,-0.5,-0.9,"Ross Detwiler"
"1176","446372","Pitcher",2015,0,-0.1,"Corey Kluber"
"1177","446399","Pitcher",2015,1,2,"Brett Cecil"
"1178","446899","Pitcher",2015,3,6,"Brad Ziegler"
"1179","447714","Pitcher",2015,-0.2,-0.4,"Eric O'Flaherty"
"1180","447755","Pitcher",2015,-0.6,-1.2,"Steve Delabar"
"1181","448159","Pitcher",2015,-1.2,-2.3,"Manny Parra"
"1182","448178","Pitcher",2015,0,0,"Kevin Jepsen"
"1183","448179","Pitcher",2015,0.5,1,"Rich Hill"
"1184","448281","Pitcher",2015,-0.8,-1.6,"Sean Doolittle"
"1185","448306","Pitcher",2015,-0.4,-0.8,"James Shields"
"1186","448609","Pitcher",2015,1.9,3.7,"Tony Sipp"
"1187","448614","Pitcher",2015,-1.3,-2.6,"Carlos Torres"
"1188","448802","Pitcher",2015,-1.5,-3,"Jaime Garcia"
"1189","448855","Pitcher",2015,-0.2,-0.3,"Junior Guerra"
"1190","449079","Pitcher",2015,-1.2,-2.4,"Wesley Wright"
"1191","449097","Pitcher",2015,0.8,1.5,"Jonathan Papelbon"
"1192","449170","Pitcher",2015,-1.1,-2.2,"Erik Cordier"
"1193","450172","Pitcher",2015,-0.5,-1,"Edinson Volquez"
"1194","450203","Pitcher",2015,0.2,0.4,"Charlie Morton"
"1195","450212","Pitcher",2015,0.5,0.9,"Pat Neshek"
"1196","450275","Pitcher",2015,0.2,0.4,"Mark Lowe"
"1197","450282","Pitcher",2015,-1.3,-2.7,"Glen Perkins"
"1198","450306","Pitcher",2015,1.5,2.9,"Jason Vargas"
"1199","450308","Pitcher",2015,1.8,3.6,"Jered Weaver"
"1200","450351","Pitcher",2015,0.2,0.3,"C.J. Wilson"
"1201","450665","Pitcher",2015,-0.2,-0.5,"Kris Medlen"
"1202","450729","Pitcher",2015,0.3,0.6,"Doug Fister"
"1203","451085","Pitcher",2015,-0.6,-1.3,"Brian Matusz"
"1204","451532","Pitcher",2015,-0.5,-0.9,"Chad Billingsley"
"1205","451584","Pitcher",2015,0.4,0.9,"Wade Davis"
"1206","451596","Pitcher",2015,2,4,"Yovani Gallardo"
"1207","451661","Pitcher",2015,0,0,"Josh Fields"
"1208","451775","Pitcher",2015,-1.2,-2.3,"Fernando Rodriguez"
"1209","451788","Pitcher",2015,1.1,2.3,"Shaun Marcum"
"1210","452027","Pitcher",2015,0.2,0.4,"Andrew Albers"
"1211","452657","Pitcher",2015,2,4,"Jon Lester"
"1212","452666","Pitcher",2015,-0.6,-1.1,"Tom Wilhelmsen"
"1213","452718","Pitcher",2015,1.9,3.9,"Kyle Kendrick"
"1214","452733","Pitcher",2015,-1.4,-2.8,"Tom Gorzelanny"
"1215","453156","Pitcher",2015,0.1,0.2,"Brooks Brown"
"1216","453172","Pitcher",2015,-0.8,-1.5,"Jared Hughes"
"1217","453178","Pitcher",2015,0.4,0.7,"Ian Kennedy"
"1218","453192","Pitcher",2015,-1.2,-2.5,"Andrew Miller"
"1219","453203","Pitcher",2015,0.1,0.2,"Shane Robinson"
"1220","453214","Pitcher",2015,0.2,0.5,"Steven Wright"
"1221","453222","Pitcher",2015,1,1.9,"Scott Carroll"
"1222","453249","Pitcher",2015,0.7,1.4,"Jeff Manship"
"1223","453264","Pitcher",2015,-0.4,-0.7,"Donnie Veal"
"1224","453265","Pitcher",2015,-0.8,-1.6,"Tony Watson"
"1225","453286","Pitcher",2015,-0.5,-1.1,"Max Scherzer"
"1226","453307","Pitcher",2015,0.1,0.3,"David Huff"
"1227","453311","Pitcher",2015,0.4,0.8,"Tim Lincecum"
"1228","453329","Pitcher",2015,-0.1,-0.2,"Clay Buchholz"
"1229","453343","Pitcher",2015,0.7,1.4,"Mark Melancon"
"1230","453344","Pitcher",2015,1.1,2.3,"Brandon Morrow"
"1231","453385","Pitcher",2015,0.2,0.4,"Clayton Richard"
"1232","453562","Pitcher",2015,-1.1,-2.1,"Jake Arrieta"
"1233","453646","Pitcher",2015,2.5,4.9,"Carlos Villanueva"
"1234","453895","Pitcher",2015,0,0,"Brendan Ryan"
"1235","455009","Pitcher",2015,-0.3,-0.5,"Jonathan Broxton"
"1236","455119","Pitcher",2015,0.5,0.9,"Chris Martin"
"1237","455374","Pitcher",2015,1.6,3.2,"Antonio Bastardo"
"1238","456027","Pitcher",2015,-1.1,-2.3,"Ross Ohlendorf"
"1239","456034","Pitcher",2015,0.3,0.6,"David Price"
"1240","456051","Pitcher",2015,-0.3,-0.6,"Hector Noesi"
"1241","456068","Pitcher",2015,1.2,2.4,"Miguel Gonzalez"
"1242","456071","Pitcher",2015,-1.4,-2.7,"Yohan Flande"
"1243","456121","Pitcher",2015,0.1,0.1,"Chris Denorfia"
"1244","456379","Pitcher",2015,0.6,1.1,"Al Alburquerque"
"1245","456496","Pitcher",2015,-0.4,-0.8,"Marcos Mateo"
"1246","456501","Pitcher",2015,1.2,2.4,"Johnny Cueto"
"1247","456696","Pitcher",2015,-0.7,-1.3,"David Hernandez"
"1248","456701","Pitcher",2015,1,2.1,"Homer Bailey"
"1249","456776","Pitcher",2015,0.3,0.5,"Alex Torres"
"1250","457117","Pitcher",2015,1.6,3.2,"Ernesto Frieri"
"1251","457429","Pitcher",2015,1.3,2.6,"Boone Logan"
"1252","457435","Pitcher",2015,-0.6,-1.2,"Phil Coke"
"1253","457448","Pitcher",2015,0.9,1.8,"Matt Harrison"
"1254","457711","Pitcher",2015,0.5,1,"Sean O'Sullivan"
"1255","457732","Pitcher",2015,-0.3,-0.5,"Andrew Bailey"
"1256","457744","Pitcher",2015,-0.1,-0.1,"Aaron Thompson"
"1257","457754","Pitcher",2015,-0.7,-1.3,"Jon Edwards"
"1258","457768","Pitcher",2015,-1.1,-2.2,"Bryan Morris"
"1259","457915","Pitcher",2015,-0.1,-0.3,"Javy Guerra"
"1260","457918","Pitcher",2015,1.1,2.2,"J.A. Happ"
"1261","458006","Pitcher",2015,1.5,3,"Matt Albers"
"1262","458584","Pitcher",2015,-1.2,-2.3,"Xavier Cedeno"
"1263","458677","Pitcher",2015,-2.5,-4.9,"Justin Wilson"
"1264","458678","Pitcher",2015,-1.3,-2.5,"Michael Broadway"
"1265","458681","Pitcher",2015,0.9,1.7,"Lance Lynn"
"1266","458690","Pitcher",2015,-0.1,-0.1,"Chris Volstad"
"1267","458708","Pitcher",2015,1.7,3.4,"Josh Tomlin"
"1268","458730","Pitcher",2015,-0.4,-0.7,"Bobby Parnell"
"1269","458919","Pitcher",2015,-1.3,-2.7,"Ryan Mattheus"
"1270","459429","Pitcher",2015,-0.7,-1.3,"Jake McGee"
"1271","459967","Pitcher",2015,1.5,3,"Sam LeCure"
"1272","459987","Pitcher",2015,-0.2,-0.4,"Cesar Ramos"
"1273","460008","Pitcher",2015,0.5,1.1,"Anthony Varvaro"
"1274","460024","Pitcher",2015,0.8,1.5,"Luke Hochevar"
"1275","460059","Pitcher",2015,0.9,1.8,"Mike Pelfrey"
"1276","460156","Pitcher",2015,-0.3,-0.6,"Brandon Gomes"
"1277","460283","Pitcher",2015,0.2,0.5,"Jerry Blevins"
"1278","460701","Pitcher",2015,-0.4,-0.7,"James Russell"
"1279","461325","Pitcher",2015,0.8,1.5,"Tyler Clippard"
"1280","461815","Pitcher",2015,-0.3,-0.6,"David Murphy"
"1281","461829","Pitcher",2015,2.5,5,"Gio Gonzalez"
"1282","461833","Pitcher",2015,-0.6,-1.2,"Phil Hughes"
"1283","461872","Pitcher",2015,1.6,3.2,"Anthony Swarzak"
"1284","462089","Pitcher",2015,0.1,0.3,"Juan Jaime"
"1285","462136","Pitcher",2015,0.7,1.4,"Marco Estrada"
"1286","462382","Pitcher",2015,-2,-3.9,"Jim Johnson"
"1287","462515","Pitcher",2015,2.4,4.7,"Miguel Socolovich"
"1288","462945","Pitcher",2015,0.9,1.9,"Cesar Jimenez"
"1289","462985","Pitcher",2015,-1.7,-3.3,"Franklin Morales"
"1290","464416","Pitcher",2015,0.9,1.7,"Yohan Pino"
"1291","465629","Pitcher",2015,-1.1,-2.2,"Edward Mujica"
"1292","465657","Pitcher",2015,2,4,"Joakim Soria"
"1293","465679","Pitcher",2015,-2.5,-4.9,"Samuel Deduno"
"1294","466948","Pitcher",2015,-0.2,-0.4,"Jean Machi"
"1295","467008","Pitcher",2015,-1.1,-2.2,"Pedro Strop"
"1296","467094","Pitcher",2015,-2.1,-4.1,"Felix Doubront"
"1297","467100","Pitcher",2015,-0.7,-1.3,"Ivan Nova"
"1298","467785","Pitcher",2015,-1,-1.9,"Radhames Liz"
"1299","468396","Pitcher",2015,-0.7,-1.5,"Alexi Ogando"
"1300","468504","Pitcher",2015,0.4,0.8,"Jhoulys Chacin"
"1301","469134","Pitcher",2015,-0.7,-1.4,"Esmil Rogers"
"1302","471822","Pitcher",2015,-1.9,-3.8,"Jumbo Diaz"
"1303","471911","Pitcher",2015,-0.1,-0.2,"Carlos Carrasco"
"1304","472551","Pitcher",2015,-1.6,-3.1,"Fernando Abad"
"1305","472610","Pitcher",2015,-1.9,-3.8,"Luis Garcia"
"1306","473879","Pitcher",2015,-1.1,-2.3,"Sam Dyson"
"1307","474029","Pitcher",2015,1.5,3.1,"Zach Putnam"
"1308","474284","Pitcher",2015,0.1,0.1,"Cory Rasmus"
"1309","474463","Pitcher",2015,-0.6,-1.1,"Brett Anderson"
"1310","474521","Pitcher",2015,0.2,0.3,"Shawn Tolleson"
"1311","474668","Pitcher",2015,-0.7,-1.3,"Eric Surkamp"
"1312","474699","Pitcher",2015,0.8,1.6,"Vance Worley"
"1313","475054","Pitcher",2015,-0.7,-1.4,"Chaz Roe"
"1314","475115","Pitcher",2015,-0.2,-0.3,"Tyson Ross"
"1315","475138","Pitcher",2015,0,0,"Kyle Drabek"
"1316","475243","Pitcher",2015,1.5,3,"Travis Wood"
"1317","475416","Pitcher",2015,-1.9,-3.7,"Justin Masterson"
"1318","475479","Pitcher",2015,0.1,0.3,"David Phelps"
"1319","475857","Pitcher",2015,-1.3,-2.6,"Ryan Cook"
"1320","476451","Pitcher",2015,1.1,2.1,"Jeremy Hellickson"
"1321","476454","Pitcher",2015,-1.1,-2.2,"Dellin Betances"
"1322","476570","Pitcher",2015,0.2,0.4,"Vin Mazzaro"
"1323","476589","Pitcher",2015,0.6,1.3,"Adam Warren"
"1324","476595","Pitcher",2015,0.3,0.6,"Lucas Luetge"
"1325","477003","Pitcher",2015,-0.4,-0.8,"Jon Niese"
"1326","477132","Pitcher",2015,0.7,1.4,"Clayton Kershaw"
"1327","477195","Pitcher",2015,-0.1,-0.3,"Ike Davis"
"1328","477229","Pitcher",2015,-0.3,-0.6,"Jordan Walden"
"1329","477569","Pitcher",2015,1,1.9,"Fernando Salas"
"1330","488674","Pitcher",2015,1.7,3.4,"Burke Badenhop"
"1331","488768","Pitcher",2015,0.4,0.7,"Andrew Cashner"
"1332","488786","Pitcher",2015,-0.3,-0.6,"Louis Coleman"
"1333","488846","Pitcher",2015,-0.6,-1.2,"Brian Duensing"
"1334","488984","Pitcher",2015,-2.7,-5.3,"Tommy Hunter"
"1335","489002","Pitcher",2015,-0.4,-0.8,"Steve Johnson"
"1336","489039","Pitcher",2015,0.4,0.9,"Bobby LaFromboise"
"1337","489119","Pitcher",2015,2.1,4.1,"Wade Miley"
"1338","489138","Pitcher",2015,0,0,"Tyler Moore"
"1339","489265","Pitcher",2015,3.1,6.1,"Sergio Romo"
"1340","489267","Pitcher",2015,-0.4,-0.8,"Adam Rosales"
"1341","489294","Pitcher",2015,-1.1,-2.2,"Tanner Scheppers"
"1342","489295","Pitcher",2015,-0.1,-0.2,"Brian Schlitter"
"1343","489334","Pitcher",2015,-0.1,-0.2,"Craig Stammen"
"1344","489446","Pitcher",2015,1,2,"Kirby Yates"
"1345","490063","Pitcher",2015,0.3,0.6,"Matt Garza"
"1346","491159","Pitcher",2015,-0.8,-1.6,"Joe Thatcher"
"1347","491646","Pitcher",2015,0.2,0.3,"Jeanmar Gomez"
"1348","491696","Pitcher",2015,0.1,0.2,"Jesus Sucre"
"1349","491703","Pitcher",2015,1,1.9,"Neftali Feliz"
"1350","491708","Pitcher",2015,-1.6,-3.2,"Arquimedes Caminero"
"1351","493117","Pitcher",2015,0.7,1.4,"Kyuji Fujikawa"
"1352","493157","Pitcher",2015,1,2.1,"Koji Uehara"
"1353","493159","Pitcher",2015,0.6,1.1,"Tsuyoshi Wada"
"1354","493247","Pitcher",2015,-0.7,-1.4,"Peter Moylan"
"1355","493351","Pitcher",2015,0.5,0.9,"Alexei Ramirez"
"1356","493603","Pitcher",2015,-0.3,-0.7,"Adam Ottavino"
"1357","500610","Pitcher",2015,1.1,2.2,"Deolis Guerra"
"1358","500721","Pitcher",2015,-1,-2,"Yoervis Medina"
"1359","500724","Pitcher",2015,-2.7,-5.4,"J.C. Ramirez"
"1360","500779","Pitcher",2015,0.8,1.6,"Jose Quintana"
"1361","500891","Pitcher",2015,0.3,0.6,"Edgar Ibarra"
"1362","501381","Pitcher",2015,-0.4,-0.8,"Michael Pineda"
"1363","501563","Pitcher",2015,-0.7,-1.4,"Simon Castro"
"1364","501593","Pitcher",2015,0.2,0.5,"Luis Avilan"
"1365","501625","Pitcher",2015,1,2,"Jose Alvarez"
"1366","501627","Pitcher",2015,-0.3,-0.6,"Cesar Cabral"
"1367","501789","Pitcher",2015,0.2,0.4,"Will Harris"
"1368","501822","Pitcher",2015,1.1,2.3,"Chris Hatcher"
"1369","501870","Pitcher",2015,0.4,0.9,"Everett Teaford"
"1370","501925","Pitcher",2015,1.9,3.7,"Joe Smith"
"1371","501955","Pitcher",2015,0,0.1,"Joba Chamberlain"
"1372","501957","Pitcher",2015,0,0.1,"Chris Tillman"
"1373","501992","Pitcher",2015,0.4,0.7,"Nathan Karns"
"1374","502004","Pitcher",2015,0.2,0.4,"George Kontos"
"1375","502009","Pitcher",2015,1.8,3.5,"Mat Latos"
"1376","502010","Pitcher",2015,1.3,2.5,"Jacob Brigham"
"1377","502026","Pitcher",2015,-1.8,-3.5,"Jeremy Jeffress"
"1378","502032","Pitcher",2015,0.7,1.4,"Bud Norris"
"1379","502042","Pitcher",2015,-1.1,-2.1,"Chris Archer"
"1380","502043","Pitcher",2015,-0.3,-0.6,"Kyle Gibson"
"1381","502046","Pitcher",2015,0.2,0.4,"Jeff Locke"
"1382","502051","Pitcher",2015,0.1,0.3,"Josh Ravin"
"1383","502083","Pitcher",2015,-0.3,-0.5,"Zach McAllister"
"1384","502085","Pitcher",2015,2.6,5.2,"David Robertson"
"1385","502087","Pitcher",2015,-0.3,-0.5,"Kevin Chapman"
"1386","502154","Pitcher",2015,1.3,2.6,"Zach Britton"
"1387","502162","Pitcher",2015,0,0,"Angel Castro"
"1388","502166","Pitcher",2015,0,0,"Brad Mills"
"1389","502188","Pitcher",2015,-1,-2,"Jeff Samardzija"
"1390","502190","Pitcher",2015,1.8,3.5,"Mike Leake"
"1391","502202","Pitcher",2015,-0.3,-0.6,"Brad Boxberger"
"1392","502211","Pitcher",2015,0,-0.1,"Mike Bolsinger"
"1393","502239","Pitcher",2015,0.4,0.8,"Trevor Cahill"
"1394","502260","Pitcher",2015,0,0,"Vinnie Pestano"
"1395","502264","Pitcher",2015,-0.9,-1.8,"Nate Adcock"
"1396","502272","Pitcher",2015,0,0,"Casey Fien"
"1397","502281","Pitcher",2015,-0.6,-1.2,"Marcus Hatley"
"1398","502304","Pitcher",2015,-0.7,-1.3,"David Carpenter"
"1399","502327","Pitcher",2015,-1.3,-2.5,"Hector Santiago"
"1400","502381","Pitcher",2015,0.4,0.9,"Luke Gregerson"
"1401","502462","Pitcher",2015,0.6,1.1,"Ryan Kelly"
"1402","502522","Pitcher",2015,-0.4,-0.8,"Justin Miller"
"1403","502578","Pitcher",2015,-0.7,-1.5,"Aaron Barrett"
"1404","502593","Pitcher",2015,-0.5,-1,"Jake Petricka"
"1405","502624","Pitcher",2015,0.6,1.2,"Chase Anderson"
"1406","502706","Pitcher",2015,0.4,0.9,"Derek Holland"
"1407","502748","Pitcher",2015,0.3,0.5,"Brad Peacock"
"1408","503285","Pitcher",2015,1.5,3.1,"Darren O'Day"
"1409","503449","Pitcher",2015,-0.3,-0.7,"Wily Peralta"
"1410","504083","Pitcher",2015,-1.2,-2.4,"Jorge Rondon"
"1411","504186","Pitcher",2015,-0.2,-0.5,"Arnold Leon"
"1412","504379","Pitcher",2015,-1.1,-2.1,"Juan Nicasio"
"1413","506560","Pitcher",2015,0,0,"Alexi Amarista"
"1414","506693","Pitcher",2015,-0.9,-1.8,"Henderson Alvarez"
"1415","514669","Pitcher",2015,0.9,1.8,"Rafael Martin"
"1416","514981","Pitcher",2015,0,0.1,"Diego Moreno"
"1417","515052","Pitcher",2015,-0.2,-0.4,"Mayckol Guaipe"
"1418","516414","Pitcher",2015,-1.4,-2.8,"Ariel Pena"
"1419","516589","Pitcher",2015,0.6,1.2,"Andre Rienzo"
"1420","516714","Pitcher",2015,0,0.1,"Dario Alvarez"
"1421","516769","Pitcher",2015,-0.9,-1.8,"Jenrry Mejia"
"1422","516910","Pitcher",2015,-1.2,-2.4,"Carlos Frias"
"1423","516935","Pitcher",2015,-0.9,-1.9,"Stolmy Pimentel"
"1424","516969","Pitcher",2015,-1.3,-2.6,"Kelvin Herrera"
"1425","516970","Pitcher",2015,-1.1,-2.3,"Sugar Ray Marimon"
"1426","517008","Pitcher",2015,1.4,2.8,"Alex Colome"
"1427","517059","Pitcher",2015,0,0,"Jose De Paula"
"1428","517414","Pitcher",2015,-0.1,-0.2,"Randall Delgado"
"1429","517593","Pitcher",2015,-1.3,-2.6,"Danny Salazar"
"1430","518397","Pitcher",2015,-0.3,-0.5,"Scott Alexander"
"1431","518418","Pitcher",2015,-0.3,-0.6,"Phillippe Aumont"
"1432","518420","Pitcher",2015,0.3,0.5,"Dylan Axelrod"
"1433","518452","Pitcher",2015,1.4,2.7,"Chad Bettis"
"1434","518468","Pitcher",2015,0.7,1.3,"Michael Blazek"
"1435","518516","Pitcher",2015,0.3,0.6,"Madison Bumgarner"
"1436","518526","Pitcher",2015,-1,-2.1,"David Carpenter"
"1437","518553","Pitcher",2015,1.1,2.2,"Steve Cishek"
"1438","518567","Pitcher",2015,1.7,3.4,"Josh Collmenter"
"1439","518603","Pitcher",2015,-0.8,-1.7,"Justin De Fratus"
"1440","518617","Pitcher",2015,-2.1,-4.2,"Jake Diekman"
"1441","518633","Pitcher",2015,-1.5,-2.9,"Danny Duffy"
"1442","518653","Pitcher",2015,0.3,0.5,"Jake Elmore"
"1443","518693","Pitcher",2015,-1.7,-3.3,"Sam Freeman"
"1444","518703","Pitcher",2015,0,0,"Charlie Furbush"
"1445","518715","Pitcher",2015,0.3,0.5,"Cory Gearrin"
"1446","518716","Pitcher",2015,-0.6,-1.3,"Dillon Gee"
"1447","518748","Pitcher",2015,0.3,0.6,"Justin Grimm"
"1448","518764","Pitcher",2015,0.1,0.3,"Donovan Hand"
"1449","518771","Pitcher",2015,-1,-2,"Mitch Harris"
"1450","518774","Pitcher",2015,-0.1,-0.2,"Matt Harvey"
"1451","518790","Pitcher",2015,-0.6,-1.2,"Chris Heston"
"1452","518813","Pitcher",2015,1.2,2.3,"Greg Holland"
"1453","518833","Pitcher",2015,0,0,"Colt Hynes"
"1454","518858","Pitcher",2015,-0.9,-1.9,"Nate Jones"
"1455","518863","Pitcher",2015,-0.2,-0.4,"Taylor Jordan"
"1456","518875","Pitcher",2015,1,1.9,"Shawn Kelley"
"1457","518886","Pitcher",2015,1.1,2.2,"Craig Kimbrel"
"1458","518927","Pitcher",2015,-0.6,-1.2,"Tommy Layne"
"1459","519008","Pitcher",2015,0.2,0.3,"T.J. McFarland"
"1460","519043","Pitcher",2015,-0.1,-0.2,"Matt Moore"
"1461","519076","Pitcher",2015,-1.3,-2.6,"Jimmy Nelson"
"1462","519085","Pitcher",2015,-0.4,-0.8,"Brett Oberholtzer"
"1463","519096","Pitcher",2015,1.4,2.8,"Dan Otero"
"1464","519141","Pitcher",2015,-0.7,-1.4,"Drew Pomeranz"
"1465","519144","Pitcher",2015,0.7,1.3,"Rick Porcello"
"1466","519151","Pitcher",2015,-1.1,-2.2,"Ryan Pressly"
"1467","519166","Pitcher",2015,-0.1,-0.2,"Neil Ramirez"
"1468","519168","Pitcher",2015,-0.5,-0.9,"Anthony Ranaudo"
"1469","519169","Pitcher",2015,0.6,1.1,"Rob Rasmussen"
"1470","519186","Pitcher",2015,1.2,2.4,"Matt Reynolds"
"1471","519208","Pitcher",2015,0,0,"Clint Robinson"
"1472","519229","Pitcher",2015,-0.9,-1.8,"Seth Rosin"
"1473","519240","Pitcher",2015,-0.7,-1.4,"Marc Rzepczynski"
"1474","519242","Pitcher",2015,1.6,3.2,"Chris Sale"
"1475","519263","Pitcher",2015,0.5,1,"A.J. Schugel"
"1476","519267","Pitcher",2015,2.3,4.5,"Evan Scribner"
"1477","519293","Pitcher",2015,-1.1,-2.2,"Will Smith"
"1478","519301","Pitcher",2015,0.4,0.8,"Sammy Solis"
"1479","519322","Pitcher",2015,2.1,4.2,"Drew Storen"
"1480","519326","Pitcher",2015,0.1,0.1,"Hunter Strickland"
"1481","519381","Pitcher",2015,0,0,"Pat Venditte"
"1482","519411","Pitcher",2015,0.3,0.5,"Matt West"
"1483","519455","Pitcher",2015,0.2,0.5,"Jordan Zimmermann"
"1484","520980","Pitcher",2015,-0.7,-1.4,"Pedro Baez"
"1485","521230","Pitcher",2015,-2.5,-5,"Liam Hendriks"
"1486","523260","Pitcher",2015,-0.1,-0.2,"Joe Kelly"
"1487","523848","Pitcher",2015,-0.1,-0.2,"Jose Dominguez"
"1488","523989","Pitcher",2015,-0.9,-1.7,"Rubby De La Rosa"
"1489","527048","Pitcher",2015,1.1,2.3,"Martin Perez"
"1490","527054","Pitcher",2015,1.8,3.6,"Julio Teheran"
"1491","527055","Pitcher",2015,-0.3,-0.6,"Arodys Vizcaino"
"1492","532077","Pitcher",2015,1,1.9,"Roberto Osuna"
"1493","533167","Pitcher",2015,-1.1,-2.2,"Matt Shoemaker"
"1494","534812","Pitcher",2015,0.6,1.2,"Kevin Quackenbush"
"1495","534910","Pitcher",2015,-0.7,-1.4,"Jesse Hahn"
"1496","538506","Pitcher",2015,-0.1,-0.3,"Toru Murata"
"1497","541640","Pitcher",2015,0.3,0.7,"Erasmo Ramirez"
"1498","541652","Pitcher",2015,-1,-1.9,"Bruce Rondon"
"1499","542266","Pitcher",2015,-2.2,-4.3,"Carlos Contreras"
"1500","542432","Pitcher",2015,-0.7,-1.4,"Jose Ramirez"
"1501","542587","Pitcher",2015,0.1,0.1,"Elvis Araujo"
"1502","542609","Pitcher",2015,-1.6,-3.2,"Enrique Burgos"
"1503","542669","Pitcher",2015,-1.5,-2.9,"Roman Mendez"
"1504","542674","Pitcher",2015,-0.2,-0.5,"Gonzalez Germen"
"1505","542866","Pitcher",2015,-1.8,-3.7,"Austin Adams"
"1506","542882","Pitcher",2015,-0.6,-1.3,"Matt Andriese"
"1507","542888","Pitcher",2015,0.4,0.8,"Shawn Armstrong"
"1508","542914","Pitcher",2015,0.8,1.6,"Anthony Bass"
"1509","542923","Pitcher",2015,0.1,0.2,"Dallas Beeler"
"1510","542924","Pitcher",2015,-0.4,-0.9,"Jeff Beliveau"
"1511","542960","Pitcher",2015,0.9,1.7,"Brad Brach"
"1512","543037","Pitcher",2015,-0.8,-1.6,"Gerrit Cole"
"1513","543045","Pitcher",2015,0.3,0.7,"Adam Conley"
"1514","543054","Pitcher",2015,0.3,0.7,"Jarred Cosart"
"1515","543056","Pitcher",2015,0,0,"Daniel Coulombe"
"1516","543094","Pitcher",2015,0.1,0.3,"Jaff Decker"
"1517","543101","Pitcher",2015,-1.2,-2.3,"Anthony DeSclafani"
"1518","543118","Pitcher",2015,0,0,"Oliver Drake"
"1519","543135","Pitcher",2015,-0.8,-1.7,"Nathan Eovaldi"
"1520","543144","Pitcher",2015,1,1.9,"Danny Farquhar"
"1521","543184","Pitcher",2015,-1.3,-2.6,"Christian Friedrich"
"1522","543219","Pitcher",2015,0.9,1.8,"Sean Gilmartin"
"1523","543242","Pitcher",2015,0.9,1.7,"J.R. Graham"
"1524","543243","Pitcher",2015,0.4,0.8,"Sonny Gray"
"1525","543258","Pitcher",2015,0.1,0.1,"Preston Guilmet"
"1526","543261","Pitcher",2015,-0.2,-0.5,"Jason Gurka"
"1527","543272","Pitcher",2015,-0.5,-1.1,"Brad Hand"
"1528","543278","Pitcher",2015,-0.7,-1.4,"Blaine Hardy"
"1529","543294","Pitcher",2015,2.2,4.3,"Kyle Hendricks"
"1530","543331","Pitcher",2015,-0.1,-0.2,"J.J. Hoover"
"1531","543334","Pitcher",2015,-0.5,-1,"TJ House"
"1532","543339","Pitcher",2015,-0.5,-0.9,"Daniel Hudson"
"1533","543351","Pitcher",2015,-0.1,-0.3,"Jay Jackson"
"1534","543359","Pitcher",2015,0,0,"Dan Jennings"
"1535","543380","Pitcher",2015,0.1,0.1,"Taylor Jungmann"
"1536","543391","Pitcher",2015,-0.3,-0.7,"Casey Kelly"
"1537","543408","Pitcher",2015,-0.7,-1.4,"Tom Koehler"
"1538","543409","Pitcher",2015,-0.7,-1.4,"Michael Kohn"
"1539","543424","Pitcher",2015,-1.7,-3.3,"John Lamb"
"1540","543456","Pitcher",2015,0.6,1.2,"Kyle Lobstein"
"1541","543475","Pitcher",2015,-0.5,-1,"Jordan Lyles"
"1542","543506","Pitcher",2015,0.1,0.2,"Brandon Maurer"
"1543","543507","Pitcher",2015,-0.5,-0.9,"Trevor May"
"1544","543508","Pitcher",2015,0.2,0.3,"Cory Mazzoni"
"1545","543518","Pitcher",2015,-1.4,-2.8,"Scott McGough"
"1546","543521","Pitcher",2015,-1.9,-3.7,"Collin McHugh"
"1547","543542","Pitcher",2015,0.7,1.3,"Alex Meyer"
"1548","543548","Pitcher",2015,1.6,3.2,"Tommy Milone"
"1549","543557","Pitcher",2015,0.5,1,"Mike Montgomery"
"1550","543594","Pitcher",2015,-1.5,-2.9,"Sean Nolin"
"1551","543606","Pitcher",2015,1.3,2.5,"Jake Odorizzi"
"1552","543607","Pitcher",2015,-1.1,-2.1,"Edgar Olmos"
"1553","543698","Pitcher",2015,0,0,"Donn Roach"
"1554","543699","Pitcher",2015,-0.5,-1,"Tanner Roark"
"1555","543716","Pitcher",2015,-0.8,-1.7,"David Rollins"
"1556","543726","Pitcher",2015,-2.1,-4.1,"Robbie Ross Jr."
"1557","543734","Pitcher",2015,0.3,0.5,"Chris Rusin"
"1558","543746","Pitcher",2015,-0.9,-1.7,"Rob Scahill"
"1559","543766","Pitcher",2015,-1.1,-2.3,"Bryan Shaw"
"1560","543779","Pitcher",2015,-1.5,-3.1,"Kevin Siegrist"
"1561","543803","Pitcher",2015,-0.5,-1,"Giovanni Soto"
"1562","543859","Pitcher",2015,-1.1,-2.1,"Michael Tonkin"
"1563","543881","Pitcher",2015,0.2,0.3,"Pedro Villarreal"
"1564","543883","Pitcher",2015,1.1,2.3,"Nick Vincent"
"1565","543900","Pitcher",2015,-1.6,-3.3,"Daniel Webb"
"1566","543901","Pitcher",2015,0.5,1,"Ryan Weber"
"1567","543903","Pitcher",2015,-1.4,-2.8,"Allen Webster"
"1568","543921","Pitcher",2015,-0.5,-1,"Joe Wieland"
"1569","543935","Pitcher",2015,0.5,0.9,"Alex Wilson"
"1570","543942","Pitcher",2015,-1,-2,"Rob Wooten"
"1571","543964","Pitcher",2015,0.1,0.1,"Anthony Zych"
"1572","544365","Pitcher",2015,0.5,0.9,"Manny Banuelos"
"1573","544725","Pitcher",2015,0.6,1.2,"Leury Garcia"
"1574","544727","Pitcher",2015,-1.2,-2.3,"Jeurys Familia"
"1575","544759","Pitcher",2015,-1.1,-2.3,"Bo Schultz"
"1576","544836","Pitcher",2015,-0.8,-1.6,"Enny Romero"
"1577","544928","Pitcher",2015,0.1,0.2,"Tyler Lyons"
"1578","544931","Pitcher",2015,0.1,0.1,"Stephen Strasburg"
"1579","544993","Pitcher",2015,-0.2,-0.3,"Steve Geltz"
"1580","545064","Pitcher",2015,-0.4,-0.8,"Jairo Diaz"
"1581","545333","Pitcher",2015,-0.3,-0.7,"Trevor Bauer"
"1582","545338","Pitcher",2015,0.3,0.5,"Nick Franklin"
"1583","545346","Pitcher",2015,-0.3,-0.6,"Zach Lee"
"1584","545404","Pitcher",2015,0.6,1.2,"Brandon Beachy"
"1585","547179","Pitcher",2015,-1.4,-2.8,"Michael Lorenzen"
"1586","547348","Pitcher",2015,0.1,0.2,"C.C. Lee"
"1587","547749","Pitcher",2015,-0.4,-0.7,"Junichi Tazawa"
"1588","547874","Pitcher",2015,-0.2,-0.4,"Hisashi Iwakuma"
"1589","547888","Pitcher",2015,1.4,2.9,"Masahiro Tanaka"
"1590","547973","Pitcher",2015,0.2,0.4,"Aroldis Chapman"
"1591","548337","Pitcher",2015,1.3,2.6,"Logan Verrett"
"1592","548357","Pitcher",2015,0.6,1.1,"Christian Bergman"
"1593","553872","Pitcher",2015,0.4,0.8,"Yhonathan Barrios"
"1594","553878","Pitcher",2015,-0.9,-1.9,"Felipe Rivero"
"1595","553970","Pitcher",2015,0.4,0.8,"Angel Nesbitt"
"1596","554234","Pitcher",2015,1.5,3,"Williams Perez"
"1597","554340","Pitcher",2015,0,0.1,"Yimi Garcia"
"1598","554431","Pitcher",2015,-0.9,-1.8,"Tyler Matzek"
"1599","554432","Pitcher",2015,0.1,0.3,"Chad Jenkins"
"1600","570632","Pitcher",2015,0.9,1.8,"Jose Urena"
"1601","570649","Pitcher",2015,-1.5,-2.9,"Yordano Ventura"
"1602","570663","Pitcher",2015,-0.9,-1.9,"Hansel Robles"
"1603","571057","Pitcher",2015,0,0.1,"Frank Garces"
"1604","571439","Pitcher",2015,-1.7,-3.4,"R.J. Alvarez"
"1605","571476","Pitcher",2015,0.5,1,"Chris Beck"
"1606","571479","Pitcher",2015,0.3,0.5,"Andrew Bellatti"
"1607","571510","Pitcher",2015,-0.5,-1,"Matt Boyd"
"1608","571521","Pitcher",2015,-1,-2.1,"Rex Brothers"
"1609","571527","Pitcher",2015,-0.4,-0.8,"David Buchanan"
"1610","571561","Pitcher",2015,-0.7,-1.3,"Tony Cingrani"
"1611","571577","Pitcher",2015,0,0.1,"Scott Copeland"
"1612","571578","Pitcher",2015,-1.5,-2.9,"Patrick Corbin"
"1613","571584","Pitcher",2015,0.5,0.9,"Caleb Cotham"
"1614","571656","Pitcher",2015,-0.3,-0.6,"Buck Farmer"
"1615","571666","Pitcher",2015,-0.4,-0.8,"Mike Fiers"
"1616","571704","Pitcher",2015,-0.3,-0.6,"Ken Giles"
"1617","571710","Pitcher",2015,-0.2,-0.4,"Mychal Givens"
"1618","571735","Pitcher",2015,-0.8,-1.6,"David Hale"
"1619","571760","Pitcher",2015,-0.7,-1.3,"Andrew Heaney"
"1620","571787","Pitcher",2015,-0.3,-0.7,"David Holmberg"
"1621","571800","Pitcher",2015,0,0,"Drew Hutchison"
"1622","571871","Pitcher",2015,-1.4,-2.8,"Ian Krol"
"1623","571893","Pitcher",2015,0.2,0.4,"Adam Liberatore"
"1624","571901","Pitcher",2015,0.7,1.3,"Aaron Loup"
"1625","571927","Pitcher",2015,-0.8,-1.5,"Steven Matz"
"1626","571946","Pitcher",2015,-0.4,-0.8,"Shelby Miller"
"1627","571951","Pitcher",2015,-0.4,-0.8,"Bryan Mitchell"
"1628","572020","Pitcher",2015,-0.2,-0.4,"James Paxton"
"1629","572021","Pitcher",2015,0.3,0.5,"James Pazos"
"1630","572038","Pitcher",2015,-0.1,-0.3,"Branden Pinder"
"1631","572070","Pitcher",2015,-0.9,-1.8,"Garrett Richards"
"1632","572089","Pitcher",2015,-0.2,-0.4,"Paco Rodriguez"
"1633","572096","Pitcher",2015,0.8,1.7,"Trevor Rosenthal"
"1634","572102","Pitcher",2015,0.7,1.4,"Keyvius Sampson"
"1635","572193","Pitcher",2015,1.2,2.3,"Ryan Tepera"
"1636","572308","Pitcher",2015,-1.4,-2.9,"Jose Valdez"
"1637","572309","Pitcher",2015,0,-0.1,"Kendry Flores"
"1638","572362","Pitcher",2015,0.3,0.6,"Robbie Erlin"
"1639","572403","Pitcher",2015,-0.8,-1.7,"Drew VerHagen"
"1640","572750","Pitcher",2015,-0.7,-1.3,"Eddie Butler"
"1641","572788","Pitcher",2015,1.1,2.1,"Tyler Cravy"
"1642","572888","Pitcher",2015,-0.7,-1.3,"Shane Greene"
"1643","572889","Pitcher",2015,0.3,0.6,"Nick Greenwood"
"1644","572971","Pitcher",2015,3.5,7,"Dallas Keuchel"
"1645","573046","Pitcher",2015,0.1,0.3,"Mike Morin"
"1646","573064","Pitcher",2015,0.9,1.8,"Vidal Nuno"
"1647","573109","Pitcher",2015,0,-0.1,"A.J. Ramos"
"1648","573127","Pitcher",2015,0.4,0.8,"Zac Rosscup"
"1649","573185","Pitcher",2015,0.1,0.2,"Dan Straily"
"1650","573186","Pitcher",2015,-0.5,-0.9,"Marcus Stroman"
"1651","573204","Pitcher",2015,0.4,0.9,"Caleb Thielbar"
"1652","573244","Pitcher",2015,-0.5,-1,"Adam Wilk"
"1653","580792","Pitcher",2015,0.9,1.7,"Nick Goody"
"1654","592091","Pitcher",2015,0.6,1.3,"A.J. Achter"
"1655","592102","Pitcher",2015,0.3,0.5,"Cody Allen"
"1656","592135","Pitcher",2015,0.5,1.1,"Cam Bedrosian"
"1657","592181","Pitcher",2015,-0.1,-0.2,"Danny Burawa"
"1658","592222","Pitcher",2015,1.1,2.2,"Alex Claudio"
"1659","592314","Pitcher",2015,-1.8,-3.7,"Mike Foltynewicz"
"1660","592329","Pitcher",2015,-0.7,-1.3,"Jason Garcia"
"1661","592332","Pitcher",2015,-0.2,-0.4,"Kevin Gausman"
"1662","592340","Pitcher",2015,-0.3,-0.7,"Erik Goeddel"
"1663","592341","Pitcher",2015,0.9,1.8,"David Goforth"
"1664","592346","Pitcher",2015,0.3,0.6,"Chi Chi Gonzalez"
"1665","592351","Pitcher",2015,-0.3,-0.6,"Jonathan Gray"
"1666","592390","Pitcher",2015,0,0.1,"Heath Hembree"
"1667","592398","Pitcher",2015,-0.3,-0.7,"Taylor Hill"
"1668","592426","Pitcher",2015,-0.7,-1.3,"Luke Jackson"
"1669","592454","Pitcher",2015,-0.8,-1.6,"Tommy Kahnle"
"1670","592527","Pitcher",2015,0,-0.1,"Michael Mariot"
"1671","592533","Pitcher",2015,-1.8,-3.7,"Cody Martin"
"1672","592570","Pitcher",2015,0.1,0.1,"Akeel Morris"
"1673","592593","Pitcher",2015,-0.1,-0.2,"Justin Nicolino"
"1674","592612","Pitcher",2015,-1.7,-3.4,"Joshua Osich"
"1675","592662","Pitcher",2015,0.3,0.7,"Robbie Ray"
"1676","592665","Pitcher",2015,1.6,3.2,"Addison Reed"
"1677","592677","Pitcher",2015,0.5,1,"C.J. Riefenhauser"
"1678","592705","Pitcher",2015,0.5,0.9,"Nick Rumbelow"
"1679","592717","Pitcher",2015,-3.1,-6.2,"Aaron Sanchez"
"1680","592741","Pitcher",2015,0.9,1.8,"Chasen Shreve"
"1681","592767","Pitcher",2015,-0.4,-0.9,"Drew Smyly"
"1682","592781","Pitcher",2015,1,1.9,"Matt Stites"
"1683","592789","Pitcher",2015,-0.1,-0.1,"Noah Syndergaard"
"1684","592804","Pitcher",2015,-1.4,-2.8,"Tyler Thornburg"
"1685","592815","Pitcher",2015,0.2,0.4,"Sam Tuivailala"
"1686","592826","Pitcher",2015,-0.5,-1,"Vincent Velasquez"
"1687","592836","Pitcher",2015,-0.1,-0.3,"Taijuan Walker"
"1688","592869","Pitcher",2015,-1.7,-3.4,"Tyler Wilson"
"1689","592879","Pitcher",2015,-1.5,-2.9,"Asher Wojciechowski"
"1690","593140","Pitcher",2015,-0.6,-1.3,"Michael Feliz"
"1691","593372","Pitcher",2015,-1.4,-2.8,"Carlos Martinez"
"1692","593423","Pitcher",2015,-1.6,-3.2,"Frankie Montas"
"1693","593576","Pitcher",2015,-0.5,-1,"Hector Neris"
"1694","593582","Pitcher",2015,-0.5,-0.9,"Abel De Los Santos"
"1695","593958","Pitcher",2015,0.3,0.6,"Eduardo Rodriguez"
"1696","594736","Pitcher",2015,0,0.1,"Cody Anderson"
"1697","594742","Pitcher",2015,-0.6,-1.3,"Alec Asher"
"1698","594762","Pitcher",2015,-0.1,-0.1,"Brett Bochy"
"1699","594772","Pitcher",2015,0.8,1.6,"Jake Buchanan"
"1700","594792","Pitcher",2015,-1.6,-3.1,"Brandon Cunniff"
"1701","594798","Pitcher",2015,1.1,2.1,"Jacob deGrom"
"1702","594815","Pitcher",2015,-0.3,-0.6,"Jeff Ferrell"
"1703","594835","Pitcher",2015,0.1,0.2,"Marco Gonzales"
"1704","594840","Pitcher",2015,1,2.1,"Matt Grace"
"1705","594857","Pitcher",2015,1.1,2.3,"Keith Hessler"
"1706","594951","Pitcher",2015,-0.1,-0.2,"Ryan O'Rourke"
"1707","594977","Pitcher",2015,0.9,1.8,"Kenneth Roberts"
"1708","594986","Pitcher",2015,1.2,2.3,"Kyle Ryan"
"1709","594987","Pitcher",2015,0.1,0.2,"Casey Sadler"
"1710","595001","Pitcher",2015,0.1,0.3,"Josh Smith"
"1711","595014","Pitcher",2015,-2.7,-5.4,"Blake Treinen"
"1712","595032","Pitcher",2015,0.7,1.5,"Chase Whitley"
"1713","595191","Pitcher",2015,1,1.9,"Jerad Eickhoff"
"1714","595235","Pitcher",2015,-0.4,-0.8,"Cody Hall"
"1715","595307","Pitcher",2015,0.7,1.3,"Seth Maness"
"1716","595371","Pitcher",2015,-0.4,-0.7,"Chris Rearick"
"1717","595441","Pitcher",2015,-0.4,-0.8,"Matt Tracy"
"1718","595465","Pitcher",2015,0,0,"Daniel Winkler"
"1719","595918","Pitcher",2015,-0.4,-0.8,"A.J. Cole"
"1720","596057","Pitcher",2015,-0.6,-1.3,"Daniel Norris"
"1721","596064","Pitcher",2015,0.4,0.9,"Henry Owens"
"1722","596331","Pitcher",2015,0.1,0.2,"Nefi Ogando"
"1723","598264","Pitcher",2015,-0.5,-0.9,"Matt Barnes"
"1724","598271","Pitcher",2015,0.1,0.2,"Brian Johnson"
"1725","598287","Pitcher",2015,-0.9,-1.8,"Noe Ramirez"
"1726","599998","Pitcher",2015,0,0.1,"Leonel Campos"
"1727","602083","Pitcher",2015,-0.2,-0.4,"Miguel Almonte"
"1728","605135","Pitcher",2015,-3.3,-6.5,"Chris Bassitt"
"1729","605151","Pitcher",2015,-0.4,-0.8,"Archie Bradley"
"1730","605156","Pitcher",2015,0,-0.1,"Aaron Brooks"
"1731","605169","Pitcher",2015,-0.9,-1.9,"Carter Capps"
"1732","605177","Pitcher",2015,0.4,0.8,"Andrew Chafin"
"1733","605200","Pitcher",2015,2,4.1,"Zach Davies"
"1734","605218","Pitcher",2015,-0.3,-0.7,"Carl Edwards Jr."
"1735","605226","Pitcher",2015,-1.7,-3.4,"Andrew Faulkner"
"1736","605228","Pitcher",2015,-0.8,-1.7,"Jose Fernandez"
"1737","605232","Pitcher",2015,-0.6,-1.2,"Brandon Finnegan"
"1738","605288","Pitcher",2015,-0.1,-0.2,"Adrian Houser"
"1739","605304","Pitcher",2015,-1.2,-2.3,"Erik Johnson"
"1740","605309","Pitcher",2015,-0.3,-0.6,"Keone Kela"
"1741","605317","Pitcher",2015,0.3,0.6,"Guido Knudson"
"1742","605333","Pitcher",2015,-0.3,-0.6,"Jack Leathersich"
"1743","605338","Pitcher",2015,0,0.1,"Jacob Lindgren"
"1744","605347","Pitcher",2015,0.4,0.8,"Jorge Lopez"
"1745","605359","Pitcher",2015,-1.1,-2.3,"Evan Marshall"
"1746","605374","Pitcher",2015,-0.4,-0.8,"Andrew McKirahan"
"1747","605388","Pitcher",2015,0.6,1.2,"Adam Morgan"
"1748","605396","Pitcher",2015,0.7,1.4,"Colton Murray"
"1749","605400","Pitcher",2015,1.2,2.5,"Aaron Nola"
"1750","605452","Pitcher",2015,-0.3,-0.6,"Joe Ross"
"1751","605476","Pitcher",2015,-0.2,-0.4,"Carson Smith"
"1752","605477","Pitcher",2015,-0.5,-1.1,"Chad Smith"
"1753","605538","Pitcher",2015,-0.2,-0.5,"Matt Wisler"
"1754","605541","Pitcher",2015,-1.1,-2.2,"Mike Wright"
"1755","605894","Pitcher",2015,0.1,0.2,"Severino Gonzalez"
"1756","606160","Pitcher",2015,1.3,2.5,"Rafael Montero"
"1757","606273","Pitcher",2015,-1.5,-3.1,"Roenis Elias"
"1758","607067","Pitcher",2015,0.7,1.5,"Colin Rea"
"1759","607068","Pitcher",2015,0.2,0.4,"Chris Reed"
"1760","607074","Pitcher",2015,-3,-5.9,"Carlos Rodon"
"1761","607259","Pitcher",2015,0.9,1.7,"Nick Martinez"
"1762","607309","Pitcher",2015,-1,-2.1,"Phil Klein"
"1763","607359","Pitcher",2015,-0.6,-1.3,"Spencer Patton"
"1764","607374","Pitcher",2015,0.1,0.2,"Nick Tropeano"
"1765","607405","Pitcher",2015,-0.3,-0.6,"John Cornely"
"1766","607457","Pitcher",2015,-0.3,-0.6,"Kyle Barraclough"
"1767","607968","Pitcher",2015,0.4,0.8,"Drew Rucinski"
"1768","608167","Pitcher",2015,0,0,"Jonathan Aro"
"1769","608349","Pitcher",2015,1.4,2.8,"Corey Knebel"
"1770","608379","Pitcher",2015,-1.6,-3.2,"Michael Wacha"
"1771","608641","Pitcher",2015,0.5,1,"Tim Cooney"
"1772","608648","Pitcher",2015,-0.1,-0.3,"Tyler Duffey"
"1773","608665","Pitcher",2015,1.6,3.2,"Kendall Graveman"
"1774","608678","Pitcher",2015,-0.1,-0.2,"Dominic Leone"
"1775","611093","Pitcher",2015,-0.3,-0.6,"Silvino Bracho"
"1776","612272","Pitcher",2015,-0.2,-0.5,"Raudel Lazo"
"1777","612434","Pitcher",2015,1.9,3.7,"Miguel Castro"
"1778","612672","Pitcher",2015,-0.3,-0.5,"Wei-Yin Chen"
"1779","621121","Pitcher",2015,-1.4,-2.8,"Lance McCullers"
"1780","621209","Pitcher",2015,0.7,1.4,"Jon Moscot"
"1781","621281","Pitcher",2015,-1,-2,"Tyler Wagner"
"1782","621397","Pitcher",2015,0.4,0.8,"Tyler Olson"
"1783","621408","Pitcher",2015,0,0,"Matt Marksberry"
"1784","621962","Pitcher",2015,-0.4,-0.8,"Ian Thomas"
"1785","622072","Pitcher",2015,0.1,0.3,"Alex Wood"
"1786","622663","Pitcher",2015,0.6,1.2,"Luis Severino"
"1787","623184","Pitcher",2015,-1.6,-3.1,"Scott Oberg"
"1788","623395","Pitcher",2015,-1.4,-2.7,"Brian Ellington"
"1789","623430","Pitcher",2015,0.3,0.6,"Ryan Dull"
"1790","628333","Pitcher",2015,0.4,0.7,"Odrisamer Despaigne"
"1791","628452","Pitcher",2015,-1.2,-2.4,"Raisel Iglesias"
"1792","641490","Pitcher",2015,-0.2,-0.4,"Kyle Crockett"
"1793","641627","Pitcher",2015,-0.8,-1.5,"Trevor Gott"
"1794","643327","Pitcher",2015,-0.8,-1.5,"Zachary Godley"
"1795","648737","Pitcher",2015,0.3,0.6,"Dalier Hinojosa"
