"Name","Team","IP","RE24","ERA","ERA-","tERA","FIP","xFIP","xFIP-","SIERA","FIP-","playerid"
"Neftali Feliz","Rangers","4.2","1.97","0.00","0","4.33","3.26","5.31","134","4.29","80","18"
"John McDonald","Phillies","0.1","-0.51","0.00","0","3.86","-2.95","-2.95","-80","0.69","-78","395"
"Duke Welker","Pirates","1.1","0.59","0.00","0","-0.08","1.55","3.60","95","2.84","42","792"
"Blake Wood","Indians","1.1","0.57","0.00","0","9.47","8.30","9.32","234","10.33","209","1345"
"Jamey Carroll","Twins","1.0","0.45","0.00","0","5.95","3.05","4.41","111","5.59","77","1591"
"Chris Narveson","Brewers","2.0","0.96","0.00","0","5.11","4.55","5.91","157","6.77","116","2141"
"Ryan Raburn","Indians","1.0","0.47","0.00","0","-0.22","1.05","1.05","27","-1.14","27","2218"
"Skip Schumaker","Dodgers","2.0","0.80","0.00","0","11.49","6.55","7.91","211","8.02","176","3704"
"Everett Teaford","Royals","0.2","-0.35","0.00","0","5.57","3.05","7.15","180","9.31","78","3732"
"Enny Romero","Rays","4.2","1.79","0.00","0","4.72","5.62","6.79","171","8.35","144","4001"
"Rafael Dolis","Cubs","5.0","0.48","0.00","0","5.99","4.25","6.16","164","6.64","112","4185"
"Matt Shoemaker","Angels","5.0","2.47","0.00","0","2.91","2.25","3.34","84","3.55","59","4776"
"Clay Rapada","Indians","2.0","0.43","0.00","0","7.79","6.05","8.10","203","8.96","152","4831"
"Alberto Gonzalez","Yankees","0.1","0.49","0.00","0","0.81","3.05","7.15","180","12.81","74","4906"
"Wilmer Font","Rangers","1.1","0.64","0.00","0","4.48","7.55","11.65","292","11.45","184","5257"
"Francisley Bueno","Royals","8.1","3.43","0.00","0","1.34","2.57","4.04","102","3.85","66","5980"
"David Murphy","Rangers","1.0","0.51","0.00","0","7.60","1.05","2.41","61","2.84","26","6035"
"Logan Kensing","Rockies","0.2","0.28","0.00","0","6.95","4.55","4.55","121","9.75","112","6166"
"Donnie Joseph","Royals","5.2","1.91","0.00","0","3.34","2.69","4.14","104","3.85","69","6491"
"Jake Elmore","Astros","1.0","0.47","0.00","0","1.18","3.05","4.41","111","4.28","76","7290"
"Matt Daley","Yankees","6.0","2.97","0.00","0","0.39","0.88","1.79","46","0.86","22","7952"
"Rob Johnson","Cardinals","0.1","0.41","0.00","0","-2.75","-2.95","-2.95","-80","-0.78","-81","8029"
"Josh Harrison","Pirates","0.1","0.47","0.00","0","0.77","3.05","7.15","190","12.81","83","8202"
"Sam Fuld","Rays","0.1","0.60","0.00","0","0.77","3.05","7.15","180","12.81","79","8254"
"Jeff Beliveau","Rays","0.2","0.04","0.00","0","9.95","7.55","9.60","241","9.33","194","8504"
"Josh Tomlin","Indians","2.0","0.91","0.00","0","1.00","3.05","6.46","163","6.34","77","9388"
"Miles Mikolas","Padres","1.2","0.42","0.00","0","6.45","5.45","7.91","211","6.52","147","9803"
"Chris Dwyer","Royals","3.0","1.38","0.00","0","2.42","2.71","4.08","103","3.87","69","10045"
"Shawn Tolleson","Dodgers","0.0","-2.00","0.00","0","527.62","9.05","9.05","241"," ","243","10481"
"Stephen Pryor","Mariners","7.1","4.31","0.00","0","1.82","1.55","2.85","72","2.40","41","10663"
"Heath Hembree","Giants","7.2","1.71","0.00","0","0.62","0.70","1.59","42","1.30","19","11632"
"Kevin Siegrist","Cardinals","39.2","14.13","0.45","12","2.79","2.29","3.00","79","2.69","61","8180"
"Louis Coleman","Royals","29.2","11.48","0.61","15","2.72","2.04","2.70","68","2.30","52","9720"
"Brian Wilson","Dodgers","13.2","6.95","0.66","18","1.94","2.02","2.82","75","2.58","54","6485"
"Jesse Crain","White Sox","36.2","7.92","0.74","18","2.13","1.52","2.94","74","2.42","38","4817"
"Michael Tonkin","Twins","11.1","0.14","0.79","20","2.78","2.08","3.52","89","3.25","53","10315"
"David Hale","Braves","11.0","3.63","0.82","22","1.79","0.78","1.27","33","1.52","21","9756"
"Jeremy Jeffress","Blue Jays","10.1","2.07","0.87","21","4.33","3.43","2.44","62","2.38","85","9490"
"Jimmy Nelson","Brewers","10.0","3.42","0.90","23","5.03","2.95","3.77","100","4.24","75","10547"
"Sean Burnett","Angels","9.2","3.67","0.93","25","4.51","4.19","3.55","90","3.47","109","1886"
"Koji Uehara","Red Sox","74.1","24.73","1.09","26","1.08","1.61","2.08","53","1.29","42","9227"
"Neal Cotts","Rangers","57.0","17.65","1.11","26","2.75","2.17","2.82","71","2.56","54","1797"
"Greg Holland","Royals","67.0","22.38","1.21","30","2.19","1.36","1.68","43","1.43","35","7196"
"Craig Kimbrel","Braves","67.0","18.96","1.21","33","2.37","1.93","1.95","51","1.67","52","6655"
"Zac Rosscup","Cubs","6.2","1.40","1.35","36","5.75","6.05","6.35","169","6.09","160","9419"
"Dan Otero","Athletics","39.0","5.66","1.38","36","2.61","2.12","3.18","80","2.93","55","7385"
"Joe Nathan","Rangers","64.2","17.75","1.39","33","2.82","2.26","3.27","83","2.75","56","1122"
"Mark Melancon","Pirates","71.0","13.78","1.39","39","2.45","1.64","2.05","54","1.73","44","4264"
"James Paxton","Mariners","24.0","6.39","1.50","39","3.25","3.26","3.08","78","3.17","84","11828"
"Tanner Roark","Nationals","53.2","11.08","1.51","40","3.29","2.41","3.14","83","3.27","65","8753"
"Luis Avilan","Braves","65.0","18.42","1.52","41","3.56","3.28","4.02","107","3.77","89","2882"
"Ryan Reid","Pirates","11.0","2.08","1.64","46","4.70","4.32","4.26","113","3.74","118","9385"
"Alex Torres","Rays","58.0","16.50","1.71","44","2.43","2.32","3.30","83","2.87","60","7038"
"Rex Brothers","Rockies","67.1","13.61","1.74","40","4.16","3.36","3.49","93","3.37","83","9794"
"Sean Marshall","Reds","10.1","5.05","1.74","46","1.99","1.98","2.78","74","2.17","51","5905"
"Clay Buchholz","Red Sox","108.1","31.37","1.74","42","3.35","2.78","3.41","86","3.59","72","3543"
"Sergio Santos","Blue Jays","25.2","11.67","1.75","43","1.15","1.84","2.61","66","1.98","46","4734"
"Caleb Thielbar","Twins","46.0","9.66","1.76","44","3.43","3.40","4.14","104","3.64","86","10078"
"Kevin Chapman","Astros","20.1","2.74","1.77","44","4.99","4.28","5.05","127","4.94","106","11240"
"David Carpenter","Braves","65.2","13.96","1.78","48","3.27","2.83","3.11","83","2.61","77","3959"
"Joe Martinez","Indians","5.0","1.33","1.80","45","4.14","1.85","3.76","95","3.90","47","3935"
"Craig Breslow","Red Sox","59.2","14.52","1.81","43","4.31","3.60","4.37","110","4.23","93","4363"
"Clayton Kershaw","Dodgers","236.0","45.33","1.83","51","2.87","2.39","2.88","76","2.99","64","2036"
"Javier Lopez","Giants","39.1","8.70","1.83","53","2.32","2.41","2.92","77","2.72","68","1663"
"Danny Duffy","Royals","24.1","5.95","1.85","46","4.25","3.09","4.60","116","4.64","79","3542"
"Kenley Jansen","Dodgers","76.2","19.46","1.88","52","2.40","1.99","2.06","54","1.55","53","3096"
"Tanner Scheppers","Rangers","76.2","14.51","1.88","44","4.24","3.74","3.88","98","3.47","92","10267"
"Luke Hochevar","Royals","70.1","19.04","1.92","48","3.09","2.96","2.90","73","2.26","76","6943"
"Stolmy Pimentel","Pirates","9.1","0.66","1.93","54","1.92","1.76","3.37","89","2.90","48","6415"
"Mauricio Robles","Phillies","4.2","-0.93","1.93","51","2.14","2.40","4.16","111","3.60","62","8895"
"Jarred Cosart","Astros","60.0","12.43","1.95","49","5.19","4.35","4.68","118","5.27","108","10304"
"Matt Reynolds","Diamondbacks","27.1","3.08","1.98","51","4.45","2.97","3.32","88","3.11","79","8887"
"Ryan Brasier","Angels","9.0","2.84","2.00","53","4.05","4.27","4.50","113","4.14","112","5615"
"Joaquin Benoit","Tigers","67.0","21.26","2.01","50","3.11","2.87","3.16","80","2.79","72","1437"
"Tyler Thornburg","Brewers","66.2","13.69","2.03","52","4.08","3.11","4.43","118","4.38","79","10688"
"David Robertson","Yankees","66.1","13.88","2.04","50","2.99","2.61","2.60","66","2.30","64","8241"
"Brandon Cumpton","Pirates","30.2","3.76","2.05","57","2.67","2.62","3.40","90","3.39","71","11366"
"Justin Wilson","Pirates","73.2","8.63","2.08","58","3.33","3.41","3.82","101","3.57","93","4301"
"Tom Layne","Padres","8.2","-0.82","2.08","59","6.53","5.59","5.03","134","4.54","150","7501"
"Mariano Rivera","Yankees","64.0","12.20","2.11","52","3.74","3.05","3.09","78","2.85","74","844"
"David Purcey","White Sox","25.1","1.20","2.13","53","4.49","4.51","5.15","130","4.58","110","8360"
"Nick Vincent","Padres","46.1","9.27","2.14","60","2.53","2.06","2.89","77","2.55","55","7555"
"Jose Dominguez","Dodgers","8.1","-1.78","2.16","60","4.44","3.53","5.33","142","4.88","94","11571"
"Bobby Parnell","Mets","50.0","3.46","2.16","61","2.85","2.33","3.05","81","2.83","62","9926"
"Santiago Casilla","Giants","50.0","12.78","2.16","63","3.60","3.67","4.24","113","4.11","104","2873"
"J.P. Howell","Dodgers","62.0","18.63","2.18","61","2.67","2.89","3.48","92","3.23","77","8245"
"Darren O'Day","Orioles","62.0","9.23","2.18","53","4.19","3.58","3.59","91","2.99","87","3321"
"Jose Fernandez","Marlins","172.2","27.96","2.19","59","3.22","2.73","3.08","82","3.15","75","11530"
"Sam Freeman","Cardinals","12.1","1.16","2.19","60","3.21","2.97","4.63","123","4.41","80","6832"
"Brad Ziegler","Diamondbacks","73.0","15.24","2.22","57","4.09","3.40","3.32","88","2.70","90","7293"
"Alex Colome","Rays","16.0","-2.37","2.25","58","5.50","5.05","4.87","123","4.95","130","6661"
"Vidal Nuno","Yankees","20.0","4.98","2.25","56","4.54","4.50","5.32","134","5.23","110","9674"
"Nick Christiani","Reds","4.0","0.71","2.25","59","7.74","8.05","6.85","182","6.21","208","10332"
"Hideki Okajima","Athletics","4.0","-1.14","2.25","58","10.34","7.30","5.76","145","5.82","186","7763"
"Matt Harvey","Mets","178.1","27.98","2.27","64","2.18","2.00","2.63","70","2.63","53","11713"
"Joe Smith","Indians","63.0","11.95","2.29","58","4.10","3.60","3.70","93","3.46","91","3281"
"Randy Choate","Cardinals","35.1","8.85","2.29","63","2.25","2.57","3.30","88","2.81","69","813"
"Glen Perkins","Twins","62.2","12.49","2.30","57","3.29","2.49","2.61","66","2.11","63","8041"
"Jenrry Mejia","Mets","27.1","1.14","2.30","65","2.98","2.46","2.31","61","2.42","65","8476"
"Paco Rodriguez","Dodgers","54.1","10.26","2.32","65","3.06","3.08","2.92","77","2.57","82","13398"
"Antonio Bastardo","Phillies","42.2","5.62","2.32","62","3.05","3.00","4.09","109","3.49","78","8844"
"Seth Maness","Cardinals","62.0","14.76","2.32","63","3.96","3.43","3.13","83","2.57","92","12235"
"Steve Cishek","Marlins","69.2","10.71","2.33","62","2.72","2.52","2.98","79","2.69","69","6483"
"J.J. Putz","Diamondbacks","34.1","4.93","2.36","61","4.10","3.83","3.39","90","3.24","102","1795"
"Drew Smyly","Tigers","76.0","18.39","2.37","59","2.49","2.31","2.99","76","2.57","58","11760"
"Jean Machi","Giants","53.0","0.53","2.38","69","2.52","2.29","2.78","74","2.54","65","3220"
"Tony Watson","Pirates","71.2","12.71","2.39","67","3.35","3.20","3.72","99","3.26","87","3132"
"Thad Weber","- - -","15.0","1.49","2.40","63","5.80","5.05","4.32","112","4.41","131","8036"
"Tyler Clippard","Nationals","71.0","11.77","2.41","64","3.53","3.82","4.02","107","3.21","103","5640"
"Cody Allen","Indians","70.1","3.01","2.43","61","3.65","2.99","3.27","83","2.74","76","12183"
"Dustin McGowan","Blue Jays","25.2","0.10","2.45","60","3.41","3.67","4.20","106","3.58","91","8600"
"Cesar Cabral","Yankees","3.2","0.81","2.45","61","4.49","1.41","1.78","45","1.41","35","6741"
"Aaron Loup","Blue Jays","69.1","9.65","2.47","61","3.61","3.32","3.31","84","2.74","83","10343"
"Scott Downs","- - -","43.1","1.91","2.49","67","3.81","3.09","3.30","84","3.08","82","773"
"Eric O'Flaherty","Braves","18.0","3.01","2.50","68","3.81","4.10","3.80","101","3.60","112","5746"
"Sergio Romo","Giants","60.1","2.58","2.54","73","3.24","2.85","3.20","85","2.87","81","9817"
"Ryan Cook","Athletics","67.1","0.63","2.54","65","2.87","2.74","3.71","94","3.27","70","8855"
"Aroldis Chapman","Reds","63.2","7.52","2.54","67","2.92","2.47","2.07","55","1.66","63","10233"
"Casey Janssen","Blue Jays","52.2","9.81","2.56","63","3.46","2.74","3.09","78","2.81","68","7355"
"Anibal Sanchez","Tigers","182.0","31.55","2.57","64","2.96","2.39","2.91","74","3.03","60","3284"
"Jason Frasor","Rangers","49.0","8.44","2.57","61","3.77","3.37","3.62","91","3.36","83","1906"
"Jake Diekman","Phillies","38.1","6.38","2.58","69","3.92","2.50","2.87","76","2.98","65","5003"
"Grant Balfour","Athletics","62.2","5.42","2.59","67","3.95","3.49","3.42","86","3.06","90","718"
"Chris Withrow","Dodgers","34.2","6.71","2.60","73","3.66","3.57","3.03","80","2.52","95","7161"
"Chad Qualls","Marlins","62.0","7.65","2.61","70","3.53","3.32","3.25","86","2.90","91","2170"
"Trevor Rosenthal","Cardinals","75.1","9.47","2.63","72","2.14","1.91","2.34","62","1.85","51","10745"
"Zack Greinke","Dodgers","177.2","18.82","2.63","74","3.88","3.23","3.45","91","3.60","86","1943"
"Andrew Miller","Red Sox","30.2","5.71","2.64","63","3.67","3.05","2.44","62","2.42","79","6785"
"Adam Ottavino","Rockies","78.1","10.01","2.64","60","4.36","3.15","3.54","94","3.31","77","1247"
"Bartolo Colon","Athletics","190.1","27.00","2.65","68","3.60","3.23","3.95","100","4.10","83","375"
"Sam LeCure","Reds","61.0","10.37","2.66","70","3.69","2.97","3.32","88","3.05","76","4664"
"Mike Dunn","Marlins","67.2","3.70","2.66","71","3.14","3.12","3.70","98","3.24","85","9948"
"Hisashi Iwakuma","Mariners","219.2","35.87","2.66","69","3.43","3.44","3.28","83","3.33","89","13048"
"Sonny Gray","Athletics","64.0","6.71","2.67","69","3.00","2.70","2.92","74","3.04","70","12768"
"Joe Kelly","Cardinals","124.0","17.76","2.69","73","4.49","4.01","4.19","111","4.24","108","9761"
"Brandon Kintzler","Brewers","77.0","13.48","2.69","69","3.68","2.54","2.93","78","2.74","65","9939"
"Simon Castro","White Sox","6.2","1.13","2.70","67","5.63","5.00","4.89","123","4.09","122","9243"
"Chad Jenkins","Blue Jays","33.1","4.03","2.70","67","4.70","3.95","4.25","107","4.34","98","10326"
"Jason Grilli","Pirates","50.0","6.41","2.70","75","2.45","1.97","2.21","58","1.71","53","521"
"Huston Street","Padres","56.2","4.59","2.70","76","5.21","4.92","4.00","106","3.56","132","8258"
"Jim Henderson","Brewers","60.0","11.71","2.70","70","4.76","3.58","3.31","88","2.75","91","6653"
"Francisco Rodriguez","- - -","46.2","7.38","2.70","67","4.57","3.65","3.04","80","2.65","91","1642"
"Luke Gregerson","Padres","66.1","3.16","2.71","76","2.90","2.70","3.37","89","2.96","72","4090"
"Blake Parker","Cubs","46.1","2.42","2.72","73","3.28","2.90","3.54","94","2.81","76","5224"
"Craig Stammen","Nationals","81.2","4.16","2.76","73","2.90","2.82","3.08","82","2.81","75","7274"
"Alex Cobb","Rays","143.1","16.63","2.76","72","3.87","3.36","3.02","76","3.18","87","6562"
"Brett Oberholtzer","Astros","71.2","8.85","2.76","69","4.19","3.65","4.27","108","4.24","91","3855"
"Arquimedes Caminero","Marlins","13.0","2.52","2.77","74","3.73","4.12","4.33","115","3.48","113","8992"
"Madison Bumgarner","Giants","201.1","24.23","2.77","80","2.94","3.05","3.32","88","3.33","86","5524"
"Michael Wacha","Cardinals","64.2","8.64","2.78","76","2.87","2.92","3.36","89","3.25","78","14078"
"Edward Mujica","Cardinals","64.2","9.99","2.78","76","3.63","3.71","3.53","94","3.17","100","3970"
"Vin Mazzaro","Pirates","73.2","9.22","2.81","78","3.56","3.31","4.00","106","3.76","90","5231"
"Tommy Hunter","Orioles","86.1","18.44","2.81","69","4.24","3.68","3.63","92","3.20","90","1157"
"Johnny Cueto","Reds","60.2","7.33","2.82","74","4.98","3.81","3.23","86","3.48","98","6893"
"Brett Cecil","Blue Jays","60.2","13.00","2.82","69","3.29","2.88","2.99","76","2.72","72","2660"
"Anthony Varvaro","Braves","73.1","4.56","2.82","77","4.42","3.47","4.19","111","4.14","95","2385"
"Yu Darvish","Rangers","209.2","32.72","2.83","67","3.82","3.28","2.84","72","2.76","80","13074"
"Jake Dunning","Giants","25.1","-0.22","2.84","82","5.60","4.47","4.20","112","3.99","127","10803"
"Dane de la Rosa","Angels","72.1","7.74","2.86","76","3.19","2.99","3.49","88","3.34","78","10095"
"J.J. Hoover","Reds","66.0","3.00","2.86","75","3.88","3.47","3.97","105","3.38","89","9037"
"Brad Boxberger","Padres","22.0","-0.34","2.86","81","4.34","4.41","3.94","105","3.75","119","10133"
"Cliff Lee","Phillies","222.2","28.27","2.87","77","3.46","2.82","2.78","74","2.83","73","1636"
"Alfredo Simon","Reds","87.2","12.43","2.87","75","4.34","3.96","4.22","112","3.77","102","2155"
"Max Scherzer","Tigers","214.1","34.29","2.90","72","2.91","2.74","3.16","80","2.91","69","3137"
"Will Harris","Diamondbacks","52.2","6.00","2.91","75","3.57","2.74","3.12","83","2.84","73","3192"
"Anthony Swarzak","Twins","96.0","10.86","2.91","72","3.66","3.28","3.81","96","3.54","83","7466"
"Yoervis Medina","Mariners","68.0","4.75","2.91","76","3.97","3.86","3.85","97","3.69","100","10498"
"Ryan Webb","Marlins","80.1","2.85","2.91","78","3.95","3.60","3.79","101","3.63","98","7474"
"Jonathan Papelbon","Phillies","61.2","5.18","2.92","78","3.07","3.05","3.51","93","2.97","79","5975"
"Tony Cingrani","Reds","104.2","6.72","2.92","77","4.18","3.78","3.49","93","3.31","97","12555"
"LaTroy Hawkins","Mets","70.2","2.84","2.93","83","3.66","3.06","3.12","83","2.96","81","729"
"Adam Wainwright","Cardinals","241.2","26.90","2.94","80","3.26","2.55","2.80","74","2.94","68","2233"
"Jim Johnson","Orioles","70.1","8.25","2.94","72","4.16","3.45","3.38","85","2.93","84","3656"
"Chad Billingsley","Dodgers","12.0","0.81","3.00","84","5.40","4.38","4.66","124","5.20","117","5842"
"Charles Brewer","Diamondbacks","6.0","-0.04","3.00","77","3.48","2.38","3.75","100","3.58","63","9155"
"Stephen Strasburg","Nationals","183.0","10.32","3.00","80","3.36","3.21","3.15","84","3.09","86","10131"
"Hyun-Jin Ryu","Dodgers","192.0","18.44","3.00","84","3.37","3.24","3.46","92","3.60","87","14444"
"Jose Veras","- - -","62.2","8.55","3.02","75","3.33","3.62","3.95","100","3.30","90","2063"
"Francisco Liriano","Pirates","161.0","15.69","3.02","84","3.64","2.92","3.12","83","3.43","79","3201"
"Sandy Rosario","Giants","41.2","2.96","3.02","88","4.56","3.65","4.58","122","4.70","103","1525"
"Robbie Ross","Rangers","62.1","6.56","3.03","71","4.76","3.18","3.39","86","3.13","78","6819"
"Luke Putkonen","Tigers","29.2","-0.77","3.03","75","3.26","3.82","3.45","87","3.05","96","6736"
"Felix Hernandez","Mariners","204.1","22.42","3.04","79","3.03","2.61","2.66","67","2.77","68","4772"
"Brad Hand","Marlins","20.2","2.25","3.05","82","4.45","4.02","4.21","112","4.24","110","9111"
"Chad Gaudin","Giants","97.0","5.30","3.06","89","3.65","3.34","4.00","106","3.92","94","1783"
"Shelby Miller","Cardinals","173.1","10.50","3.06","84","3.88","3.67","3.73","99","3.61","99","10197"
"Chris Sale","White Sox","214.1","20.01","3.07","76","3.72","3.17","2.95","75","2.89","78","10603"
"Andrew Cashner","Padres","175.0","9.30","3.09","87","3.52","3.35","3.62","96","3.73","90","8782"
"Jamey Wright","Rays","70.0","3.08","3.09","80","3.45","3.13","3.48","88","3.13","81","715"
"Ivan Nova","Yankees","139.1","19.26","3.10","77","4.03","3.47","3.68","93","3.58","85","1994"
"Travis Wood","Cubs","200.0","21.20","3.11","83","4.40","3.89","4.50","120","4.43","103","9884"
"Rafael Soriano","Nationals","66.2","6.46","3.11","83","4.42","3.65","4.05","107","3.71","98","1100"
"Alexi Ogando","Rangers","104.1","11.65","3.11","73","4.80","4.36","4.64","117","4.58","107","10261"
"Kris Medlen","Braves","197.0","6.21","3.11","84","4.35","3.48","3.55","94","3.68","95","9417"
"Erik Davis","Nationals","8.2","1.71","3.12","83","2.11","0.62","1.41","37","1.54","16","8422"
"Danny Salazar","Indians","52.0","6.74","3.12","78","3.88","3.16","2.75","70","2.72","80","5867"
"Matt Lindstrom","White Sox","60.2","0.90","3.12","77","3.34","3.15","3.87","98","3.62","77","4604"
"Alex Wood","Braves","77.2","0.96","3.13","85","3.36","2.65","3.18","84","3.31","72","13781"
"Josh Collmenter","Diamondbacks","92.0","12.34","3.13","80","3.83","3.47","4.06","108","3.57","92","7312"
"Sean Doolittle","Athletics","69.0","14.48","3.13","81","2.79","2.71","3.68","93","3.13","70","1581"
"Matt Albers","Indians","63.0","0.01","3.14","79","4.00","3.49","3.82","96","3.54","88","4300"
"James Shields","Royals","228.2","24.86","3.15","78","4.23","3.47","3.72","94","3.77","88","7059"
"Joe Savery","Phillies","20.0","0.67","3.15","84","4.08","3.95","4.46","119","4.41","103","2835"
"A.J. Ramos","Marlins","80.0","0.30","3.15","84","3.39","3.24","4.07","108","3.62","88","8350"
"Jerry Blevins","Athletics","60.0","1.03","3.15","81","3.77","3.88","4.25","107","3.56","99","7841"
"Tyler Chatwood","Rockies","111.1","10.38","3.15","72","5.09","3.66","4.00","106","4.13","90","4338"
"Junichi Tazawa","Red Sox","68.1","9.19","3.16","75","4.46","3.22","3.03","77","2.64","83","4079"
"Mat Latos","Reds","210.2","10.15","3.16","83","3.67","3.10","3.56","95","3.59","80","3815"
"Tyson Ross","Padres","125.0","7.93","3.17","89","3.01","3.20","3.43","91","3.33","86","7872"
"Josh Stinson","Orioles","17.0","3.07","3.18","77","5.97","5.40","3.71","94","3.39","131","3219"
"Daniel Webb","White Sox","11.1","2.63","3.18","78","3.12","2.34","3.19","80","3.05","57","10558"
"Cory Burns","Rangers","11.1","2.11","3.18","75","4.71","5.43","6.94","174","6.02","133","6620"
"Brad Brach","Padres","31.0","-5.35","3.19","90","4.52","4.14","4.43","118","4.13","111","6627"
"Julio Teheran","Braves","185.2","9.04","3.20","87","4.03","3.69","3.76","100","3.55","101","6797"
"Joe Thatcher","- - -","39.1","9.26","3.20","86","4.28","3.38","3.55","94","3.20","90","4620"
"Mike Minor","Braves","204.2","8.78","3.21","87","3.80","3.37","3.64","97","3.56","92","10021"
"Chris Archer","Rays","128.2","9.72","3.22","84","4.21","4.07","3.91","99","3.88","105","6345"
"Steve Delabar","Blue Jays","58.2","1.18","3.22","79","3.20","2.72","3.35","85","2.75","68","11827"
"Gerrit Cole","Pirates","117.1","7.92","3.22","90","3.74","2.91","3.14","83","3.34","79","13125"
"Marc Rzepczynski","- - -","30.2","0.91","3.23","87","3.50","3.37","3.55","91","3.00","87","6612"
"Boone Logan","Yankees","39.0","-0.32","3.23","80","3.72","3.82","2.71","69","2.36","93","5525"
"Will Smith","Royals","33.1","-0.22","3.24","80","3.46","3.53","2.50","63","1.98","90","8048"
"Bryan Shaw","Indians","75.0","7.49","3.24","82","3.88","3.07","3.58","90","3.31","78","8110"
"Ervin Santana","Royals","211.0","10.92","3.24","80","4.50","3.93","3.69","93","3.77","100","3200"
"Jordan Zimmermann","Nationals","213.1","17.19","3.25","86","3.91","3.36","3.48","92","3.60","90","4505"
"Erik Johnson","White Sox","27.2","-3.85","3.25","80","5.70","5.40","4.73","119","4.69","132","12520"
"Charlie Morton","Pirates","116.0","-3.89","3.26","91","3.79","3.60","3.69","98","3.45","98","4676"
"Jake Petricka","White Sox","19.1","-1.77","3.26","80","4.54","3.72","4.43","112","4.23","91","10534"
"Jered Weaver","Angels","154.1","17.20","3.27","86","4.05","3.82","4.31","109","4.14","100","4235"
"Bruce Chen","Royals","121.0","2.13","3.27","81","4.41","4.12","4.93","124","4.73","105","769"
"Luis Ayala","- - -","33.0","2.82","3.27","87","4.35","3.68","3.77","100","3.61","99","1650"
"Ross Ohlendorf","Nationals","60.1","3.68","3.28","87","4.37","4.03","3.95","105","3.84","108","8268"
"Matt Moore","Rays","150.1","10.90","3.29","85","3.88","3.95","4.32","109","4.24","102","1890"
"A.J. Burnett","Pirates","191.0","2.76","3.30","92","3.07","2.80","2.92","77","3.03","76","512"
"Ubaldo Jimenez","Indians","182.2","11.20","3.30","83","3.70","3.43","3.62","91","3.67","87","3374"
"Hiroki Kuroda","Yankees","201.1","17.08","3.31","82","4.27","3.56","3.60","91","3.72","87","3283"
"Dale Thayer","Padres","65.0","5.28","3.32","94","4.14","3.79","3.55","94","3.19","102","5032"
"Manny Parra","Reds","46.0","5.43","3.33","87","3.71","3.07","2.79","74","2.49","79","4279"
"David Price","Rays","186.2","14.38","3.33","86","3.42","3.03","3.27","82","3.36","78","3184"
"Fernando Abad","Nationals","37.2","0.18","3.35","89","3.60","3.26","3.97","105","3.50","87","4994"
"Jeanmar Gomez","Pirates","80.2","1.49","3.35","93","4.10","3.85","3.95","105","3.90","105","9033"
"Pat Neshek","Athletics","40.1","1.11","3.35","86","4.62","4.66","4.86","122","4.32","119","4682"
"Kyle Lohse","Brewers","198.2","15.40","3.35","87","4.79","4.08","4.03","107","4.16","104","739"
"Gio Gonzalez","Nationals","195.2","10.83","3.36","89","4.08","3.41","3.51","93","3.68","91","7448"
"Mike Leake","Reds","192.1","6.33","3.37","88","4.82","4.04","3.91","104","4.10","104","10130"
"Fernando Rodney","Rays","66.2","1.29","3.38","88","3.48","2.84","3.11","79","3.10","73","494"
"Rhiner Cruz","Astros","21.1","-1.14","3.38","84","5.46","5.16","6.12","154","5.52","128","711"
"Aaron Crow","Royals","48.0","-0.91","3.38","84","4.78","4.34","3.94","99","3.68","111","10149"
"Sean Henn","Mets","2.2","-0.87","3.38","96","11.25","10.55","7.72","206","7.81","281","2147"
"Nathan Eovaldi","Marlins","106.1","2.43","3.39","91","4.23","3.59","4.15","110","4.36","98","9132"
"Adam Warren","Yankees","77.0","5.98","3.39","84","4.99","4.32","3.98","100","3.77","105","9029"
"C.J. Wilson","Angels","212.1","10.00","3.39","90","3.93","3.51","3.93","99","4.01","92","3580"
"Joel Peralta","Rays","71.1","13.22","3.41","88","3.63","3.68","4.26","107","3.69","95","2332"
"Patrick Corbin","Diamondbacks","208.1","14.37","3.41","88","4.24","3.43","3.48","92","3.56","91","9323"
"Zack Wheeler","Mets","100.0","0.56","3.42","97","4.59","4.17","4.21","112","4.33","111","10310"
"Derek Holland","Rangers","213.0","12.61","3.42","81","4.33","3.44","3.68","93","3.74","84","4141"
"Carlos Torres","Mets","86.1","2.41","3.44","98","4.40","4.30","3.50","93","3.28","114","7624"
"Jordan Walden","Braves","47.0","5.10","3.45","94","2.75","2.81","3.51","93","2.78","77","3271"
"Justin Masterson","Indians","193.0","16.70","3.45","87","3.56","3.35","3.33","84","3.32","85","2038"
"Bruce Rondon","Tigers","28.2","0.85","3.45","85","3.86","3.01","3.20","81","3.09","76","5766"
"Bryan Morris","Pirates","65.0","3.97","3.46","96","5.05","4.89","4.34","115","4.19","134","10234"
"Justin Verlander","Tigers","218.1","15.71","3.46","86","3.84","3.28","3.67","92","3.61","82","8700"
"Burke Badenhop","Brewers","62.1","-2.30","3.47","90","4.50","3.53","3.40","90","3.32","90","9736"
"Jhoulys Chacin","Rockies","197.1","19.62","3.47","79","5.24","3.47","3.97","105","4.27","85","2608"
"Kevin Gregg","Cubs","62.0","1.50","3.48","93","4.82","4.10","4.38","116","4.06","108","1793"
"Homer Bailey","Reds","209.0","5.70","3.49","91","3.69","3.31","3.34","89","3.32","85","8362"
"Jorge de la Rosa","Rockies","167.2","13.89","3.49","79","5.74","3.76","4.08","108","4.37","93","2047"
"Jose Quintana","White Sox","200.0","6.11","3.51","86","4.15","3.82","3.86","97","3.85","93","11423"
"Jeff Locke","Pirates","166.1","4.18","3.52","98","4.45","4.03","4.19","111","4.47","110","2929"
"John Lackey","Red Sox","189.1","16.61","3.52","84","4.21","3.86","3.49","88","3.48","99","1507"
"Yordano Ventura","Royals","15.1","0.41","3.52","87","5.23","5.33","4.30","108","4.38","136","11855"
"Brian Matusz","Orioles","51.0","8.45","3.53","86","3.34","2.91","3.59","91","3.13","71","2646"
"Tim Collins","Royals","53.1","2.58","3.54","88","3.73","3.40","4.29","108","3.90","87","3164"
"Wade Miley","Diamondbacks","202.2","0.50","3.55","91","4.78","3.98","3.77","100","3.96","106","8779"
"Yusmeiro Petit","Giants","48.0","2.36","3.56","103","3.48","2.86","3.48","92","3.35","81","4020"
"Hector Santiago","White Sox","149.0","5.19","3.56","88","4.73","4.44","4.65","117","4.27","108","4026"
"Jaime Garcia","Cardinals","55.1","-1.58","3.58","98","3.55","3.72","3.27","87","3.26","100","8137"
"James Russell","Cubs","52.2","-0.75","3.59","96","4.10","4.45","4.77","127","4.23","118","4089"
"Wandy Rodriguez","Pirates","62.2","-0.50","3.59","100","4.42","4.42","4.00","106","3.88","121","2586"
"Henderson Alvarez","Marlins","102.2","-0.02","3.59","96","3.95","3.18","3.97","105","4.11","87","5669"
"Cole Hamels","Phillies","220.0","11.63","3.60","96","3.65","3.26","3.44","91","3.41","85","4972"
"Scott Baker","Cubs","15.0","0.69","3.60","96","5.36","5.65","5.51","147","5.77","149","6176"
"Taijuan Walker","Mariners","15.0","0.11","3.60","94","2.59","2.25","3.80","96","3.87","59","11836"
"Pedro Beato","Red Sox","10.0","0.08","3.60","86","4.11","4.25","5.68","143","4.83","109","1330"
"Dillon Gee","Mets","199.0","-1.63","3.62","103","4.09","4.00","4.07","108","4.07","106","7396"
"Martin Perez","Rangers","124.1","-0.22","3.62","85","5.04","4.23","4.04","102","4.17","104","6902"
"Taylor Jordan","Nationals","51.2","-1.59","3.66","97","4.03","3.49","3.80","101","3.79","94","10466"
"Doug Fister","Tigers","208.2","11.69","3.67","91","3.96","3.26","3.42","86","3.42","82","9425"
"Donovan Hand","Brewers","68.1","4.84","3.69","95","5.74","5.01","4.57","121","4.47","128","8728"
"Wesley Wright","- - -","53.2","-4.60","3.69","93","4.50","3.92","3.32","84","3.01","98","5960"
"Juan Perez","Blue Jays","31.2","1.58","3.69","91","3.62","3.71","3.39","85","3.14","92","2557"
"Troy Patton","Orioles","56.0","1.69","3.70","90","4.62","4.42","4.10","103","3.68","107","8368"
"Ricky Nolasco","- - -","199.1","-6.35","3.70","101","4.16","3.34","3.58","95","3.65","91","3830"
"Stephen Fife","Dodgers","58.1","-6.64","3.70","103","4.87","4.35","3.89","103","3.91","117","8077"
"Cesar Jimenez","Phillies","17.0","-1.02","3.71","99","4.11","4.46","5.62","150","5.10","116","3762"
"Vic Black","- - -","17.0","-2.04","3.71","105","3.77","3.46","4.70","125","3.84","92","9195"
"Robert Coello","Angels","17.0","2.79","3.71","98","3.61","2.52","3.28","83","2.86","66","1149"
"Scott Rice","Mets","51.0","5.64","3.71","105","3.79","3.40","3.82","101","3.80","90","2743"
"Chris Tillman","Orioles","206.1","15.48","3.71","90","5.09","4.42","3.88","98","3.88","107","5279"
"Jon Niese","Mets","143.0","-4.75","3.71","105","3.98","3.58","3.84","102","4.01","95","4424"
"Luis Garcia","Phillies","31.1","-2.72","3.73","100","5.39","5.12","4.92","131","4.98","134","6984"
"Michael Kohn","Angels","53.0","5.14","3.74","99","4.65","4.56","4.90","123","4.18","119","8505"
"Oliver Perez","Mariners","53.0","-2.85","3.74","97","3.32","3.26","3.36","85","2.75","84","1514"
"Jacob Turner","Marlins","118.0","-3.27","3.74","100","4.83","4.43","4.71","125","4.85","121","10185"
"Charlie Furbush","Mariners","65.0","-0.93","3.74","97","3.38","3.06","3.37","85","2.94","79","1370"
"Matt Thornton","- - -","43.1","-2.03","3.74","91","4.50","4.04","4.13","104","3.86","100","1918"
"Andy Pettitte","Yankees","185.1","5.08","3.74","92","4.50","3.70","3.88","98","4.06","90","840"
"Jeremy Affeldt","Giants","33.2","-4.86","3.74","108","5.35","4.44","4.48","119","4.32","126","583"
"Tim Stauffer","Padres","69.2","1.71","3.75","106","4.17","3.55","3.20","85","2.96","95","6432"
"Zach McAllister","Indians","134.1","-3.35","3.75","94","4.47","4.03","4.53","114","4.42","102","2895"
"Jon Lester","Red Sox","213.1","11.72","3.75","90","4.06","3.59","3.90","98","3.90","92","4930"
"Dan Jennings","Marlins","40.2","-0.52","3.76","101","3.04","2.68","3.60","96","3.39","73","8073"
"Andrew Bailey","Red Sox","28.2","4.17","3.77","90","5.37","4.76","3.20","81","2.59","122","1368"
"Josh Edgin","Mets","28.2","2.60","3.77","107","3.81","4.02","4.79","127","4.30","107","10796"
"Cory Gearrin","Braves","31.0","-0.88","3.77","102","5.41","4.34","4.42","118","4.20","118","7947"
"Miguel Gonzalez","Orioles","171.1","3.07","3.78","92","5.02","4.45","4.31","109","4.34","108","7024"
"Addison Reed","White Sox","71.1","1.83","3.79","93","3.50","3.17","3.77","95","3.18","78","10586"
"Bronson Arroyo","Reds","202.0","0.31","3.79","99","5.08","4.49","3.97","105","4.08","116","978"
"Neil Wagner","Blue Jays","38.0","0.32","3.79","93","5.49","4.13","3.53","89","3.43","103","8162"
"Ernesto Frieri","Angels","68.2","8.55","3.80","100","3.28","3.72","3.49","88","2.63","97","5178"
"Joakim Soria","Rangers","23.2","3.63","3.80","90","4.02","3.68","3.56","90","3.42","90","6941"
"Jared Burton","Twins","66.0","3.48","3.82","95","3.76","3.61","3.94","99","3.40","91","8346"
"Matt Garza","- - -","155.1","0.39","3.82","95","4.77","3.88","3.73","96","3.72","98","3340"
"A.J. Griffin","Athletics","200.0","3.92","3.82","98","4.42","4.55","4.18","105","3.94","116","11132"
"Samuel Deduno","Twins","108.0","3.26","3.83","95","4.76","4.04","4.06","102","4.05","102","5285"
"Corey Kluber","Indians","147.1","6.27","3.85","97","4.33","3.30","3.10","78","3.25","83","2429"
"Darren Oliver","Blue Jays","49.0","4.64","3.86","95","4.53","4.05","3.74","94","3.47","101","206"
"Joe Paterson","Diamondbacks","2.1","0.21","3.86","99","7.67","5.19","6.36","169","3.07","138","2565"
"Jose Ortega","Tigers","11.2","1.02","3.86","95","5.57","5.36","4.54","114","4.10","134","9651"
"Kelvin Herrera","Royals","58.1","0.76","3.86","96","3.76","3.70","2.86","72","2.50","94","6033"
"Justin De Fratus","Phillies","46.2","-1.46","3.86","103","5.09","4.01","4.35","116","4.04","104","4955"
"Drake Britton","Red Sox","21.0","0.64","3.86","92","4.12","3.05","3.53","89","3.45","79","2868"
"Scott Feldman","- - -","181.2","6.95","3.86","98","4.41","4.03","3.96","102","4.03","102","6283"
"Marco Estrada","Brewers","128.0","3.83","3.87","100","4.03","3.86","3.63","96","3.43","98","1118"
"Ryan Pressly","Twins","76.2","0.26","3.87","96","4.32","3.67","4.29","108","4.17","93","7005"
"Tom Gorzelanny","Brewers","85.1","0.17","3.90","101","4.31","3.94","3.64","97","3.49","100","6244"
"Rob Wooten","Brewers","27.2","-0.37","3.90","101","3.79","3.19","4.25","113","3.97","81","8532"
"Josh Zeid","Astros","27.2","4.82","3.90","97","5.06","4.13","3.81","96","3.67","103","6527"
"Casey Fien","Twins","62.0","8.78","3.92","97","3.41","3.16","2.71","68","2.21","80","3926"
"Jesse Chavez","Athletics","57.1","5.16","3.92","101","3.01","3.01","3.83","97","3.36","77","5448"
"Gonzalez Germen","Mets","34.1","-1.56","3.93","112","2.95","2.90","4.16","110","3.75","77","5876"
"Eric Stults","Padres","203.2","-8.14","3.93","111","3.73","3.53","4.13","110","4.21","95","8011"
"Chris Rusin","Cubs","66.1","0.34","3.93","105","5.71","4.75","4.46","119","4.71","126","9895"
"Jake Odorizzi","Rays","29.2","2.28","3.94","102","4.66","3.89","4.33","109","4.06","100","6397"
"Ian Krol","Nationals","27.1","-4.26","3.95","105","5.11","4.69","4.07","108","3.67","126","10066"
"Dan Straily","Athletics","152.1","1.28","3.96","102","4.17","4.05","4.42","111","4.25","104","9460"
"Sean O'Sullivan","Padres","25.0","-1.80","3.96","112","3.91","3.89","5.64","150","5.57","104","9137"
"Mike Adams","Phillies","25.0","-0.59","3.96","106","5.05","5.25","3.80","101","3.48","137","1937"
"Ronald Belisario","Dodgers","68.0","-6.79","3.97","111","4.10","3.64","3.83","102","3.46","97","2203"
"Pedro Feliciano","Mets","11.1","1.66","3.97","113","4.45","4.46","4.76","127","4.40","119","1601"
"Lance Lynn","Cardinals","201.2","0.70","3.97","108","3.81","3.28","3.66","97","3.68","88","2520"
"Tim Hudson","Braves","131.1","-1.03","3.97","108","3.64","3.46","3.56","95","3.67","94","921"
"Jarrod Parker","Athletics","197.0","1.30","3.97","102","4.59","4.40","4.41","111","4.41","113","4913"
"Brad Lincoln","Blue Jays","31.2","-3.87","3.98","98","4.69","5.48","5.91","149","5.07","136","4241"
"Brian Duensing","Twins","61.0","-1.50","3.98","99","4.38","3.24","3.71","94","3.49","82","4064"
"Trevor Cahill","Diamondbacks","146.2","-4.85","3.99","102","5.02","4.26","4.11","109","4.30","113","6249"
"Matt Cain","Giants","184.1","-1.62","4.00","116","4.15","3.93","3.88","103","3.84","111","4732"
"Matt Guerrier","- - -","42.2","0.42","4.01","111","4.17","3.82","4.44","118","4.19","102","2061"
"John Axford","- - -","65.0","-4.80","4.02","104","5.37","4.34","3.56","94","3.34","111","9059"
"Jason Vargas","Angels","150.0","5.83","4.02","106","4.32","4.09","4.29","108","4.27","107","8044"
"Jake McGee","Rays","62.2","-1.97","4.02","104","3.41","3.41","3.11","78","2.67","88","7550"
"Chaz Roe","Diamondbacks","22.1","-1.20","4.03","104","4.22","4.39","3.68","98","3.59","116","9866"
"Jonathan Pettibone","Phillies","100.1","-3.89","4.04","108","4.77","4.18","4.30","114","4.46","109","7106"
"Ross Detwiler","Nationals","71.1","-4.27","4.04","108","4.52","3.66","4.25","113","4.37","98","2859"
"Jeremy Guthrie","Royals","211.2","3.02","4.04","100","5.62","4.79","4.55","115","4.72","122","2072"
"Scott Kazmir","Indians","158.0","-1.70","4.04","102","4.14","3.51","3.36","85","3.38","89","4897"
"Keith Butler","Cardinals","20.0","-0.08","4.05","110","3.29","3.25","5.43","145","4.81","87","10080"
"Andrew Albers","Twins","60.0","-3.06","4.05","100","4.35","3.96","4.42","111","4.63","100","7853"
"Jason Marquis","Padres","117.2","-14.29","4.05","114","6.06","5.65","4.81","128","5.14","152","105"
"Carlos Villanueva","Cubs","128.2","5.29","4.06","109","4.44","3.86","3.97","105","3.89","102","4138"
"Wilton Lopez","Rockies","75.1","3.04","4.06","93","5.52","3.57","3.69","98","3.59","88","4227"
"Wei-Yin Chen","Orioles","137.0","7.44","4.07","99","5.00","4.04","4.14","104","4.16","98","13071"
"Vinnie Pestano","Indians","35.1","-3.26","4.08","103","5.35","5.03","4.52","114","3.98","127","4782"
"Rafael Betancourt","Rockies","28.2","0.22","4.08","93","3.69","3.22","4.22","112","3.64","79","177"
"Logan Ondrusek","Reds","55.0","-2.27","4.09","107","4.29","3.94","3.44","91","3.11","101","3677"
"Henry Rodriguez","- - -","22.0","-6.15","4.09","109","7.76","6.14","6.32","168","6.22","164","6371"
"Kevin Slowey","Marlins","92.0","-4.66","4.11","110","4.91","3.81","4.01","107","3.85","104","9918"
"Jonathan Broxton","Reds","30.2","-2.00","4.11","108","4.85","4.68","4.50","120","3.84","120","4759"
"Heath Bell","Diamondbacks","65.2","-2.32","4.11","106","4.91","4.10","3.08","82","2.71","109","2080"
"Preston Claiborne","Yankees","50.1","3.66","4.11","101","4.26","4.14","3.88","98","3.45","101","10500"
"Robbie Erlin","Padres","54.2","-0.90","4.12","116","4.58","3.83","3.98","106","4.12","103","10354"
"Tom Wilhelmsen","Mariners","59.0","-0.49","4.12","107","4.31","3.69","4.57","115","4.51","96","9975"
"Jose Cisnero","Astros","43.2","-5.47","4.12","103","5.07","4.24","4.31","109","3.95","105","6399"
"Alfredo Figaro","Brewers","74.0","-8.80","4.14","107","5.46","4.87","3.64","97","3.53","124","8404"
"Cesar Ramos","Rays","67.1","-0.09","4.14","108","4.41","3.70","4.02","101","3.74","95","3357"
"Tommy Milone","Athletics","156.1","-9.21","4.14","107","4.43","4.30","4.15","105","3.99","110","7608"
"Ross Wolf","Rangers","47.2","0.49","4.15","98","6.36","4.54","4.43","112","4.54","111","4534"
"Mark Buehrle","Blue Jays","203.2","4.77","4.15","102","4.64","4.10","4.09","103","4.13","102","225"
"Nate Jones","White Sox","78.0","1.76","4.15","102","3.11","2.64","2.77","70","2.56","65","4696"
"C.C. Lee","Indians","4.1","-0.83","4.15","105","3.49","3.97","6.18","155","4.81","100","5177"
"Garrett Richards","Angels","145.0","-3.36","4.16","110","3.88","3.66","3.58","90","3.63","96","9784"
"Jake Peavy","- - -","144.2","0.30","4.17","101","4.38","3.96","4.03","102","3.87","99","1051"
"Kevin Correia","Twins","185.1","1.86","4.18","104","5.40","4.40","4.24","107","4.50","111","1767"
"Bud Norris","- - -","176.2","-0.76","4.18","103","4.35","3.86","4.22","106","4.19","95","9492"
"Yovani Gallardo","Brewers","180.2","-6.35","4.18","108","4.92","3.89","3.74","99","3.98","99","8173"
"Phillippe Aumont","Phillies","19.1","-7.66","4.19","112","5.03","3.57","4.48","119","4.15","93","5362"
"Chia-Jen Lo","Astros","19.1","-0.91","4.19","105","5.35","4.75","4.89","123","4.80","118","5440"
"Danny Farquhar","Mariners","55.2","0.29","4.20","109","2.48","1.86","2.40","61","2.23","49","8501"
"R.A. Dickey","Blue Jays","224.2","-3.96","4.21","104","4.82","4.58","4.23","107","4.10","114","1245"
"Jeurys Familia","Mets","10.2","-2.32","4.22","120","6.06","6.52","5.49","146","5.42","174","5114"
"T.J. McFarland","Orioles","74.2","-2.85","4.22","103","4.14","3.84","3.68","93","3.49","93","3237"
"Jose Mijares","Giants","49.0","-11.96","4.22","122","3.73","3.05","3.90","104","3.37","86","4140"
"Juan Gutierrez","- - -","55.1","2.97","4.23","109","4.12","3.73","4.09","103","3.76","96","3265"
"Joe Ortiz","Rangers","44.2","-3.10","4.23","100","6.29","3.97","3.83","96","3.91","97","7955"
"Evan Reed","Tigers","23.1","-4.51","4.24","105","4.61","3.86","3.92","99","3.65","97","1349"
"Randall Delgado","Diamondbacks","116.1","-6.01","4.26","109","5.53","4.99","3.94","105","4.02","132","5985"
"Chris Capuano","Dodgers","105.2","-13.51","4.26","119","3.90","3.55","3.67","97","3.80","95","1701"
"Frank Francisco","Mets","6.1","1.30","4.26","121","2.82","3.05","4.34","115","3.69","81","1933"
"Michael Bowden","Cubs","37.2","-2.17","4.30","115","5.33","4.30","5.04","134","4.67","114","4440"
"David Aardsma","Mets","39.2","-1.15","4.31","122","5.92","5.27","4.63","123","4.01","140","1902"
"Matt Belisle","Rockies","73.0","2.24","4.32","98","4.94","3.03","2.99","79","2.91","75","1837"
"Rick Porcello","Tigers","177.0","3.58","4.32","107","4.21","3.53","3.19","81","3.31","89","2717"
"Felix Doubront","Red Sox","162.1","-6.24","4.32","103","4.29","3.78","4.14","104","4.19","97","1478"
"Todd Redmond","Blue Jays","77.0","1.45","4.32","107","4.50","4.40","4.16","105","3.65","109","9943"
"Chris Perez","Indians","54.0","0.07","4.33","109","5.75","5.08","3.83","97","3.40","128","5213"
"Josh Outman","Rockies","54.0","-1.10","4.33","99","4.42","3.25","3.62","96","3.35","80","4004"
"Jeff Samardzija","Cubs","213.2","-4.40","4.34","116","4.18","3.77","3.45","92","3.53","100","3254"
"Jeremy Hefner","Mets","130.2","-18.26","4.34","123","4.44","4.49","4.05","108","4.04","119","1989"
"Josh Roenicke","Twins","62.0","-6.70","4.35","108","4.18","4.64","5.30","134","4.80","117","3241"
"Scott Atchison","Mets","45.1","-11.37","4.37","124","4.01","3.75","4.02","107","3.88","100","2642"
"Wily Peralta","Brewers","183.1","-19.22","4.37","113","5.11","4.30","4.13","110","4.32","110","7738"
"Freddy Garcia","- - -","80.1","1.96","4.37","108","6.73","5.49","4.00","102","4.27","136","1077"
"Tim Lincecum","Giants","197.2","-10.36","4.37","127","4.12","3.74","3.56","94","3.68","106","5705"
"Evan Scribner","Athletics","26.2","-1.54","4.39","113","3.81","3.87","4.51","114","3.98","99","7525"
"Shawn Kelley","Yankees","53.1","3.95","4.39","108","3.90","3.63","3.24","82","2.68","89","7773"
"George Kontos","Giants","55.1","-8.56","4.39","127","4.60","4.08","3.96","105","3.61","116","9486"
"Zach Miner","Phillies","28.2","-5.35","4.40","117","6.00","5.45","4.98","132","4.82","142","3193"
"Tom Koehler","Marlins","143.0","-9.80","4.41","118","5.02","4.27","4.28","114","4.47","117","6570"
"Carlos Marmol","- - -","49.0","-5.27","4.41","119","5.92","5.19","4.53","121","4.30","138","2790"
"Paul Maholm","Braves","153.0","-14.17","4.41","120","5.15","4.24","3.89","103","4.02","116","8678"
"Daisuke Matsuzaka","Mets","38.2","-3.16","4.42","125","4.47","4.32","4.81","128","4.42","115","7775"
"David Hernandez","Diamondbacks","62.1","-3.01","4.48","115","4.92","4.36","3.99","106","3.28","116","4259"
"Steven Ames","Marlins","4.0","-0.58","4.50","120","3.70","2.55","3.23","86","3.29","70","9615"
"Brett Marshall","Yankees","12.0","-0.53","4.50","111","6.82","7.13","5.48","138","5.03","173","5364"
"Brandon Beachy","Braves","30.0","-2.45","4.50","122","4.10","4.08","3.60","96","3.61","111","8851"
"Ramon Troncoso","White Sox","30.0","-4.50","4.50","111","5.62","5.28","4.91","124","4.74","129","4685"
"Kevin Jepsen","Angels","36.0","-6.38","4.50","119","3.54","3.38","3.93","99","3.46","88","6475"
"Alberto Cabrera","Cubs","6.0","-0.80","4.50","120","7.22","4.71","6.08","162","5.74","125","8352"
"Fernando Salas","Cardinals","28.0","-5.65","4.50","123","3.32","3.62","4.47","119","3.76","97","4971"
"Drew Storen","Nationals","61.2","-4.52","4.52","120","3.99","3.62","3.71","99","3.32","97","6983"
"Brandon McCarthy","Diamondbacks","135.0","-12.15","4.53","116","5.06","3.75","3.77","100","4.01","99","4662"
"Manny Corpas","Rockies","41.2","-0.52","4.54","103","6.14","4.39","4.14","110","4.01","108","2807"
"Pedro Strop","- - -","57.1","-8.81","4.55","115","4.62","3.55","3.30","85","3.07","89","4070"
"J.A. Happ","Blue Jays","92.2","-5.88","4.56","112","4.30","4.31","4.82","121","4.62","107","7410"
"Ryan Dempster","Red Sox","171.1","-7.86","4.57","109","5.42","4.68","4.21","106","4.19","120","517"
"Jerome Williams","Angels","169.1","-11.66","4.57","121","4.93","4.60","4.24","107","4.35","120","1137"
"B.J. Rosenberg","Phillies","19.2","0.11","4.58","122","2.54","2.49","4.29","114","3.75","65","7183"
"Michael Stutes","Phillies","17.2","-1.04","4.58","122","4.06","4.29","5.41","144","5.05","112","6550"
"Erik Bedard","Astros","151.0","-5.78","4.59","115","4.33","4.38","4.61","116","4.35","109","126"
"Al Alburquerque","Tigers","49.0","-1.61","4.59","114","4.50","3.72","3.48","88","3.31","93","6324"
"Donnie Veal","White Sox","29.1","-2.35","4.60","113","4.14","4.04","3.82","96","3.73","99","4741"
"Franklin Morales","Red Sox","25.1","-1.32","4.62","110","5.51","4.55","4.98","125","4.58","117","5088"
"Jake Westbrook","Cardinals","116.2","-16.79","4.63","126","5.23","4.62","4.95","132","5.03","124","412"
"Dan Haren","Nationals","169.2","-14.55","4.67","124","4.60","4.09","3.67","97","3.53","110","1757"
"Billy Buckner","Angels","17.1","-1.46","4.67","123","8.15","7.37","5.60","141","5.49","192","8253"
"Michael Gonzalez","Brewers","50.0","-15.35","4.68","121","5.86","4.87","3.88","103","3.36","124","1794"
"Kyle Farnsworth","- - -","38.1","-5.21","4.70","122","4.96","4.14","3.73","95","3.57","108","278"
"Buddy Boshers","Angels","15.1","3.00","4.70","124","3.69","3.11","4.27","108","4.09","81","8490"
"Kyle Kendrick","Phillies","182.0","-18.73","4.70","125","4.41","4.01","4.15","110","4.27","105","6230"
"John Danks","White Sox","138.1","-15.40","4.75","117","5.87","5.06","4.08","103","4.17","124","6329"
"Tyler Lyons","Cardinals","53.0","-3.63","4.75","130","4.05","3.73","3.84","102","3.79","100","11334"
"Esmil Rogers","Blue Jays","137.2","-6.91","4.77","118","5.69","4.73","4.06","102","4.11","117","6317"
"Hector Rondon","Cubs","54.2","-5.08","4.77","128","4.99","4.40","4.42","118","4.09","116","2391"
"CC Sabathia","Yankees","211.0","-20.28","4.78","118","4.81","4.10","3.76","95","3.88","100","404"
"Jake Arrieta","- - -","75.1","-3.94","4.78","122","6.00","4.84","4.61","120","4.76","125","4153"
"Tony Sipp","Diamondbacks","37.2","-6.31","4.78","123","4.62","4.88","4.99","133","4.02","130","8280"
"Jared Hughes","Pirates","32.0","-3.43","4.78","133","4.45","4.11","4.32","115","4.07","112","9325"
"Andre Rienzo","White Sox","56.0","-8.34","4.82","119","6.36","5.85","4.76","120","4.87","143","3507"
"Travis Blackley","- - -","50.1","1.40","4.83","118","6.70","5.93","4.21","106","4.11","147","3234"
"Nick Tepesch","Rangers","93.0","-11.76","4.84","114","5.17","4.19","3.82","96","3.79","103","11716"
"Darin Downs","Tigers","35.1","-0.62","4.84","120","3.64","3.53","3.53","89","2.98","89","5903"
"Alfredo Aceves","Red Sox","37.0","-4.69","4.86","116","7.26","6.35","5.01","126","5.21","163","5164"
"Lucas Luetge","Mariners","37.0","-11.93","4.86","127","4.57","3.75","4.16","105","3.99","97","8337"
"Alex Sanabia","Marlins","55.1","-8.77","4.88","131","6.60","5.85","5.30","141","5.24","161","5350"
"Alex Wilson","Red Sox","27.2","-4.26","4.88","116","4.88","3.08","4.81","121","4.42","80","9239"
"Roberto Hernandez","Rays","151.0","-16.15","4.89","127","5.25","4.63","3.60","91","3.59","119","3273"
"Jair Jurrjens","Orioles","7.1","0.43","4.91","120","3.59","3.59","4.43","112","4.08","87","5556"
"Ian Kennedy","- - -","181.1","-27.90","4.91","130","5.33","4.59","4.19","111","4.09","122","6986"
"Joba Chamberlain","Yankees","42.0","-9.09","4.93","122","6.66","5.64","4.60","116","4.37","137","2692"
"Zach Britton","Orioles","40.0","-6.35","4.95","121","5.48","4.80","4.59","116","4.70","116","3240"
"Brandon Workman","Red Sox","41.2","-2.66","4.97","119","4.63","3.43","3.18","80","3.11","88","11428"
"Jason Hammel","Orioles","139.1","-10.24","4.97","121","5.62","4.93","4.56","115","4.49","120","4538"
"Josh Fields","Astros","38.0","1.71","4.97","124","4.36","5.10","4.20","106","3.54","127","5070"
"Erasmo Ramirez","Mariners","72.1","-7.96","4.98","130","5.13","4.83","4.26","107","4.23","125","10314"
"Edwin Jackson","Cubs","175.1","-30.14","4.98","133","4.29","3.79","3.86","102","3.97","100","1841"
"Brandon Lyon","Mets","34.1","-9.56","4.98","141","4.73","3.98","4.48","119","4.31","106","1312"
"David Phelps","Yankees","86.2","-6.21","4.98","123","4.46","3.81","4.03","102","3.91","93","6316"
"Josh Lueke","Rays","21.1","-3.77","5.06","131","3.75","4.36","4.58","115","3.69","112","5722"
"Carlos Martinez","Cardinals","28.1","-4.50","5.08","139","3.31","3.08","3.83","102","3.40","83","11682"
"Ted Lilly","Dodgers","23.0","-5.15","5.09","142","5.26","5.18","4.94","131","4.66","139","833"
"Guillermo Moscoso","Giants","30.0","-2.51","5.10","148","5.18","5.55","5.66","151","4.99","158","5106"
"John Gast","Cardinals","12.1","-0.67","5.11","139","3.94","4.02","4.30","114","4.45","108","11133"
"Tyler Skaggs","Diamondbacks","38.2","-6.74","5.12","132","5.27","4.86","3.95","105","3.89","129","10190"
"Rob Scahill","Rockies","33.1","-0.03","5.13","117","6.99","4.97","4.37","116","4.00","123","9286"
"Juan Nicasio","Rockies","157.2","-14.69","5.14","117","5.55","4.25","4.32","115","4.41","105","7731"
"Matt Langwell","- - -","14.0","-1.92","5.14","131","6.44","4.90","4.61","121","4.17","128","8130"
"Brooks Raley","Cubs","14.0","-0.28","5.14","138","6.45","5.05","4.07","108","3.80","134","10061"
"Dallas Keuchel","Astros","153.2","-17.30","5.15","129","4.85","4.25","3.58","90","3.63","106","9434"
"Jeremy Hellickson","Rays","174.0","-23.08","5.17","134","4.34","4.22","4.15","105","4.07","109","4371"
"Gavin Floyd","White Sox","24.1","-4.89","5.18","128","5.13","4.61","3.60","91","3.86","112","3886"
"Brad Peacock","Astros","83.1","-7.95","5.18","129","5.04","4.98","4.44","112","4.16","124","5401"
"Mike Pelfrey","Twins","152.2","-16.78","5.19","129","4.43","3.99","4.54","114","4.55","101","5203"
"Phil Hughes","Yankees","145.2","-20.57","5.19","128","5.09","4.50","4.39","111","4.16","110","7450"
"Josh Beckett","Dodgers","43.1","-12.52","5.19","145","5.24","4.66","3.81","101","3.83","125","510"
"Kyuji Fujikawa","Cubs","12.0","-1.64","5.25","140","3.02","2.80","2.85","76","2.15","74","14443"
"Joe Saunders","Mariners","183.0","-29.52","5.26","137","5.25","4.72","4.23","107","4.42","122","4366"
"Shaun Marcum","Mets","78.1","-16.14","5.29","150","4.04","3.64","4.22","112","4.08","96","6204"
"Trevor Bauer","Indians","17.0","-3.07","5.29","133","7.41","7.05","6.60","166","6.66","177","12703"
"Brandon League","Dodgers","54.1","-16.33","5.30","148","5.13","4.93","4.07","108","3.63","132","3731"
"Wade Davis","Royals","135.1","-24.20","5.32","132","5.38","4.18","4.15","105","4.27","106","7441"
"John Lannan","Phillies","74.1","-12.65","5.33","142","4.55","4.37","4.71","125","4.76","114","7080"
"Clayton Mortensen","Red Sox","30.1","-2.99","5.34","127","5.56","4.83","5.03","127","4.60","124","3166"
"Anthony Bass","Padres","42.0","-16.59","5.36","151","5.26","4.24","4.27","113","4.23","114","7982"
"Luis Mendoza","Royals","94.0","-18.55","5.36","133","5.30","4.75","4.73","119","4.86","121","3126"
"Steven Wright","Red Sox","13.1","-1.69","5.40","129","5.08","3.80","5.23","132","5.04","98","8185"
"Wade LeBlanc","- - -","55.0","-18.95","5.40","143","5.17","4.76","5.02","132","4.77","128","5221"
"Aaron Harang","- - -","143.1","-26.86","5.40","142","4.82","4.79","4.38","111","4.14","125","1451"
"Cory Rasmus","- - -","21.2","-6.26","5.40","144","6.33","6.60","5.21","133","4.50","176","2413"
"Jeremy Bonderman","- - -","55.0","-7.40","5.40","138","5.64","5.12","5.16","130","5.14","131","1667"
"Luis Perez","Blue Jays","5.0","1.98","5.40","133","2.68","1.85","2.67","67","2.59","46","6389"
"Paul Clemens","Astros","73.1","-8.23","5.40","135","5.44","5.69","5.07","128","4.55","141","8037"
"Phil Coke","Tigers","38.1","-9.63","5.40","134","4.65","4.14","4.59","116","4.42","104","5535"
"Zach Phillips","Marlins","1.2","-1.55","5.40","145","4.44","7.25","8.89","237","8.12","199","99"
"Jorge De Leon","Astros","10.0","-3.49","5.40","135","5.66","5.55","6.30","158","5.55","138","5397"
"Chang-Yong Lim","Cubs","5.0","-1.33","5.40","144","7.31","5.85","6.39","170","6.50","155","14445"
"Tommy Hanson","Angels","73.0","-10.10","5.42","143","4.80","4.65","4.83","122","4.60","121","9129"
"Scott Diamond","Twins","131.0","-22.46","5.43","135","5.92","5.19","4.71","119","4.97","130","5089"
"Josh Lindblom","Rangers","31.1","-1.88","5.46","129","5.66","4.42","4.50","113","4.57","108","7882"
"Nick Hagadone","Indians","31.1","2.22","5.46","137","4.85","4.80","4.67","118","4.43","121","1351"
"Carter Capps","Mariners","59.0","-5.03","5.49","143","5.04","4.73","3.56","90","3.16","122","12803"
"David Huff","- - -","37.2","-0.11","5.50","136","5.44","4.61","3.61","91","3.39","112","4257"
"Greg Reynolds","Reds","29.1","-5.49","5.52","145","5.47","5.40","5.14","137","4.88","139","5712"
"Zeke Spruill","Diamondbacks","11.1","-5.62","5.56","143","6.95","6.49","4.86","129","4.46","172","3873"
"Rubby de la Rosa","Red Sox","11.1","0.38","5.56","133","5.35","5.61","5.24","132","4.15","144","3862"
"Shairon Martis","Twins","9.2","-3.24","5.59","139","7.37","6.88","4.54","114","4.20","173","6781"
"Jose Valverde","Tigers","19.1","-1.80","5.59","138","6.05","6.36","4.09","103","3.25","159","1726"
"Jordan Lyles","Astros","141.2","-29.30","5.59","139","5.20","4.57","4.41","111","4.40","113","7593"
"Brandon Morrow","Blue Jays","54.1","-9.58","5.63","139","5.77","5.42","4.49","113","4.32","134","9346"
"Chad Bettis","Rockies","44.2","-9.67","5.64","129","6.36","4.93","4.68","124","4.68","122","10587"
"Kevin Gausman","Orioles","47.2","-2.15","5.66","138","5.20","3.99","3.04","77","3.07","97","14107"
"Edgmer Escalona","Rockies","46.0","-9.81","5.67","129","5.90","4.87","4.48","119","3.94","120","8574"
"Dylan Axelrod","White Sox","128.1","-28.14","5.68","140","5.91","5.44","4.91","124","4.82","133","9303"
"Greg Burke","Mets","31.2","-13.74","5.68","161","4.17","3.93","3.95","105","3.77","104","6282"
"Eduardo Sanchez","Cubs","6.1","-2.01","5.68","152","5.76","5.89","5.99","160","5.65","156","2966"
"Hector Ambriz","Astros","36.1","-13.80","5.70","142","5.96","5.66","4.42","111","4.04","141","559"
"Edinson Volquez","- - -","170.1","-38.37","5.71","161","4.72","4.24","4.07","108","4.26","114","3990"
"Michael Blazek","- - -","17.1","-3.29","5.71","154","5.13","6.11","5.83","155","5.10","162","9654"
"Ryan Vogelsong","Giants","103.2","-25.58","5.73","166","5.79","4.91","4.50","120","4.64","139","1011"
"Barry Zito","Giants","133.1","-30.75","5.74","166","5.56","4.92","4.81","128","4.86","139","944"
"James McDonald","Pirates","29.2","-11.95","5.76","161","3.92","4.13","5.39","144","5.11","112","5523"
"Jose Alvarez","Tigers","38.2","-2.28","5.82","144","6.00","5.19","4.40","111","4.29","130","5358"
"Jon Garland","Rockies","68.0","-10.64","5.82","133","6.84","4.93","4.54","121","4.83","122","232"
"Lucas Harrell","Astros","153.2","-34.76","5.86","146","6.06","5.42","4.97","125","5.12","134","7541"
"Bobby LaFromboise","Mariners","10.2","-2.14","5.91","154","3.39","2.11","3.52","89","3.30","55","7758"
"P.J. Walters","Twins","39.1","-9.85","5.95","148","5.75","5.03","5.22","131","5.25","127","9557"
"Justin Grimm","- - -","98.0","-22.13","5.97","141","5.35","4.59","4.22","107","4.21","113","11720"
"Hisanori Takahashi","Cubs","3.0","-2.02","6.00","160","8.00","7.38","4.87","130","4.37","196","10091"
"Chris Resop","Athletics","18.0","-3.99","6.00","154","6.61","5.77","5.12","129","4.64","148","3799"
"Victor Marte","Cardinals","3.0","-3.09","6.00","164","4.90","5.71","6.17","164","5.19","154","5158"
"Zach Duke","- - -","31.1","-5.91","6.03","160","4.75","4.20","4.35","116","4.14","111","3840"
"Joe Blanton","Angels","132.2","-35.66","6.04","159","5.42","5.12","3.84","97","3.84","134","4849"
"Ramon Ortiz","Blue Jays","25.1","-3.73","6.04","149","7.53","7.43","5.99","151","5.84","184","27"
"Brett Anderson","Athletics","44.2","-10.08","6.04","156","3.78","3.85","3.26","82","3.24","99","8223"
"Ethan Martin","Phillies","40.0","-8.54","6.08","162","6.02","5.65","4.53","121","4.21","147","3877"
"Kris Johnson","Pirates","10.1","-3.19","6.10","170","3.67","2.76","3.95","105","3.65","75","886"
"Blake Beavan","Mariners","39.2","-8.09","6.13","159","5.05","4.99","4.33","109","3.96","129","338"
"Curtis Partch","Reds","23.1","-9.44","6.17","162","9.49","8.83","6.07","162","5.41","228","1333"
"Josh Johnson","Blue Jays","81.1","-25.97","6.20","153","5.44","4.62","3.58","90","3.66","115","4567"
"Drew Pomeranz","Rockies","21.2","-5.03","6.23","142","7.69","6.46","5.39","143","5.49","160","11426"
"Jeremy Horst","Phillies","26.0","-5.28","6.23","166","4.54","5.05","5.25","140","4.35","132","596"
"Jeff Francis","Rockies","70.1","-17.30","6.27","143","5.64","4.54","3.82","101","3.80","112","4684"
"Rich Hill","Indians","38.2","-8.85","6.28","158","4.10","3.82","4.12","104","3.79","96","4806"
"Brandon Maurer","Mariners","90.0","-25.96","6.30","164","4.91","4.90","4.25","107","4.02","127","4878"
"Jose De La Torre","Red Sox","11.1","-4.04","6.35","152","5.60","5.61","4.52","114","4.23","144","787"
"Ryan Mattheus","Nationals","35.1","-9.81","6.37","170","4.27","3.44","4.04","107","3.82","92","7169"
"Burch Smith","Padres","36.1","-10.53","6.44","182","5.52","5.47","4.09","109","3.79","147","12784"
"Hiram Burgos","Brewers","29.1","-11.22","6.44","166","4.99","5.37","5.39","143","4.96","137","9412"
"Peter Moylan","Dodgers","15.1","-6.20","6.46","180","7.51","6.18","5.86","156","5.67","166","4891"
"Matt Magill","Dodgers","27.2","-13.49","6.51","182","6.30","7.13","6.04","161","6.00","192","3950"
"Brandon Gomes","Rays","19.1","-4.15","6.52","169","3.06","3.82","3.18","80","2.36","98","2267"
"Kyle Gibson","Twins","51.0","-13.58","6.53","162","5.79","5.17","4.77","120","4.71","130","10123"
"Tyler Cloyd","Phillies","60.1","-16.61","6.56","175","5.12","4.49","4.77","127","4.76","117","8536"
"Xavier Cedeno","- - -","12.1","-7.34","6.57","165","3.81","4.02","5.13","130","4.51","101","36"
"Hector Noesi","Mariners","27.1","-12.55","6.59","171","5.26","4.36","4.74","119","4.36","113","3292"
"Mickey Storey","Blue Jays","4.0","-1.88","6.75","166","1.32","0.80","3.19","81","2.37","20","4721"
"Johnny Hellweg","Brewers","30.2","-16.86","6.75","174","8.75","7.06","6.81","181","6.47","181","10065"
"Chris Leroux","Pirates","4.0","-2.62","6.75","188","10.82","9.30","6.39","170","7.29","254","7645"
"Carlos Carrasco","Indians","46.2","-13.68","6.75","170","4.80","4.10","4.33","109","4.36","103","6632"
"Javy Guerra","Dodgers","10.2","-4.88","6.75","189","5.57","3.99","4.05","108","3.71","107","7407"
"Nick Maronde","Angels","5.1","-3.55","6.75","178","9.16","8.11","6.70","168","7.37","211","12530"
"Roy Halladay","Phillies","62.0","-16.84","6.82","182","6.77","6.14","5.10","136","4.86","160","1303"
"Pedro Hernandez","Twins","56.2","-17.37","6.83","169","6.13","5.54","5.17","130","5.21","139","4578"
"Liam Hendriks","Twins","47.1","-15.73","6.85","170","5.72","5.44","4.77","120","4.38","137","3548"
"Clayton Richard","Padres","52.2","-19.38","7.01","197","7.00","6.54","4.66","124","4.94","176","3551"
"Jeff Manship","Rockies","30.2","-12.07","7.04","160","8.04","5.59","4.43","118","4.63","138","6865"
"Shawn Camp","Cubs","23.0","-10.66","7.04","188","6.37","7.05","4.93","131","4.55","187","1855"
"Charlie Leesman","White Sox","15.1","-4.18","7.04","174","7.46","6.37","5.48","138","5.71","155","9124"
"Kameron Loe","- - -","26.2","-7.72","7.09","189","8.31","8.41","4.69","123","4.43","222","4422"
"Aaron Laffey","- - -","12.2","-5.03","7.11","196","6.58","5.50","5.76","150","5.67","143","6248"
"David Martinez","Astros","11.1","-5.09","7.15","178","3.67","3.93","4.83","122","4.51","98","8893"
"Michael Roth","Angels","20.0","-2.80","7.20","190","3.88","2.40","3.63","92","3.53","63","13736"
"Edgar Olmos","Marlins","5.0","-6.15","7.20","193","8.65","9.25","5.96","159","5.65","254","10174"
"Vance Worley","Twins","48.2","-18.97","7.21","179","6.18","5.53","4.76","120","4.75","139","6435"
"Mike Fiers","Brewers","22.1","-7.37","7.25","187","8.61","7.17","4.41","117","4.29","183","7754"
"Scott Barnes","Indians","8.2","-3.28","7.27","183","6.61","6.97","3.89","98","2.85","175","8718"
"David Holmberg","Diamondbacks","3.2","-1.88","7.36","189","6.77","5.50","8.48","226","8.29","146","7725"
"Eury De la Rosa","Diamondbacks","14.2","-3.93","7.36","189","5.68","6.32","3.84","102","3.07","168","4055"
"Raul Valdes","Phillies","35.0","-12.63","7.46","199","4.48","4.39","3.74","99","3.02","114","1953"
"Steve Johnson","Orioles","15.2","-2.68","7.47","182","5.63","4.64","4.55","115","4.33","113","4053"
"Edgar Gonzalez","- - -","18.0","-5.18","7.50","186","9.18","7.66","5.45","137","4.91","190","1727"
"Nate Karns","Nationals","12.0","-5.53","7.50","200","10.09","8.38","4.56","121","4.46","226","12638"
"J.C. Ramirez","Phillies","24.0","-11.37","7.50","200","7.33","6.84","5.47","146","5.10","179","8302"
"Jon Rauch","Marlins","16.2","-6.41","7.56","202","3.82","3.47","4.16","111","3.76","95","1475"
"Chien-Ming Wang","Blue Jays","27.0","-10.61","7.67","189","6.22","5.42","4.07","103","4.18","134","2074"
"Phil Irwin","Pirates","4.2","-3.32","7.71","215","4.19","3.90","4.49","119","5.00","106","9489"
"Kyle McClellan","Rangers","9.1","-2.67","7.71","182","8.93","7.12","6.38","161","6.10","174","4845"
"Jairo Asencio","Orioles","2.1","-1.34","7.71","188","5.86","7.76","3.36","85","3.24","188","3332"
"Kyle Drabek","Blue Jays","2.1","-2.95","7.71","190","10.21","9.90","5.50","139","4.13","245","4359"
"Cristhian Martinez","Braves","2.1","-1.35","7.71","209","6.10","3.05","3.63","96","3.21","83","5337"
"Tim Byrdak","Mets","4.2","-3.86","7.71","219","6.39","8.62","5.68","151","4.82","230","1995"
"Philip Humber","Astros","54.2","-22.75","7.90","197","5.56","5.02","4.61","116","4.50","125","8586"
"Brett Myers","Indians","21.1","-8.38","8.02","202","8.67","8.72","4.80","121","4.64","219","962"
"Mitchell Boggs","- - -","23.1","-12.07","8.10","216","8.49","7.42","5.75","153","5.37","194","3344"
"Michael Kirkman","Rangers","22.0","-10.05","8.18","193","5.37","4.00","4.44","112","4.08","98","9877"
"Robert Carson","Mets","19.2","-10.58","8.24","234","9.04","9.40","5.82","155","5.27","251","2570"
"Chance Ruffin","Mariners","9.2","-5.74","8.38","218","6.82","6.15","3.39","86","2.71","159","11745"
"Matt Harrison","Rangers","10.2","-4.02","8.44","199","6.19","5.20","4.05","102","4.26","127","5551"
"Brian Flynn","Marlins","18.0","-9.70","8.50","228","8.56","6.44","4.84","129","5.24","177","12027"
"Allen Webster","Red Sox","30.1","-12.70","8.60","205","7.07","6.51","5.18","130","5.04","167","3993"
"Roy Oswalt","Rockies","32.1","-13.72","8.63","197","4.76","3.08","3.39","90","3.38","76","571"
"Derek Lowe","Rangers","13.0","-6.69","9.00","212","6.30","5.97","4.23","107","3.59","146","199"
"Sam Dyson","Marlins","11.0","-8.42","9.00","241","4.50","6.14","5.14","137","4.27","169","11710"
"Chris Bootcheck","Yankees","1.0","-0.51","9.00","222","7.34","7.05","8.41","211","7.79","171","1842"
"Justin Germano","Blue Jays","2.0","-0.94","9.00","222","8.60","8.55","4.10","103","3.91","212","1938"
"Daniel Bard","Red Sox","1.0","-0.49","9.00","215","9.25","7.05","8.41","211","8.72","181","7115"
"Chad Durbin","Phillies","16.0","-10.59","9.00","240","5.82","5.99","4.44","118","4.00","156","1442"
"Jose Contreras","Pirates","5.0","-4.65","9.00","251","7.82","7.25","5.47","146","5.66","198","1660"
"Colt Hynes","Padres","17.0","-11.60","9.00","254","5.15","5.58","5.05","134","4.46","150","7560"
"Tyler Robertson","Twins","1.0","-1.60","9.00","223","10.90","12.05","0.41","11","0.12","302","3223"
"Mark Lowe","Angels","11.2","-8.57","9.26","244","5.64","5.79","6.55","165","6.42","151","7416"
"Brian Omogrosso","White Sox","16.1","-9.88","9.37","231","4.83","4.52","4.68","118","4.05","110","1353"
"Joel Hanrahan","Red Sox","7.1","-5.24","9.82","234","10.05","11.23","6.75","170","5.84","288","2186"
"Collin McHugh","- - -","26.0","-16.30","10.04","244","8.29","5.78","4.51","120","4.86","146","7531"
"Duane Below","Marlins","2.2","-1.27","10.12","271","5.05","3.80","5.85","156","5.21","104","3124"
"Preston Guilmet","Indians","5.1","-4.09","10.12","255","5.44","4.36","6.92","174","6.39","110","7303"
"Mike Kickham","Giants","28.1","-21.83","10.16","294","6.63","5.73","3.31","88","3.40","163","11618"
"Chris Volstad","Rockies","8.1","-6.37","10.80","246","7.25","4.97","5.54","147","4.63","123","9901"
"Cole DeVries","Twins","15.0","-10.94","10.80","268","7.42","8.45","6.25","157","5.43","212","8201"
"Dellin Betances","Yankees","5.0","-4.41","10.80","267","4.53","2.85","1.34","34","1.66","70","6216"
"Ricky Romero","Blue Jays","7.1","-6.35","11.05","272","9.91","8.91","6.67","168","6.41","221","3403"
"Ramon Ramirez","Giants","5.2","-5.22","11.12","322","10.02","10.28","7.86","210","7.77","293","7986"
"Alex Burnett","- - -","2.1","-2.86","11.57","282","3.81","3.90","6.83","175","5.46","98","4065"
"Deunte Heath","White Sox","7.2","-7.17","11.74","289","11.10","10.35","8.92","224","9.13","252","7371"
"Jonathan Sanchez","Pirates","13.2","-12.23","11.85","330","8.97","9.71","4.95","132","4.27","266","7507"
"Pedro Figueroa","Athletics","3.0","-3.68","12.00","309","12.57","12.71","5.41","136","5.04","324","6616"
"John Maine","Marlins","7.1","-7.93","12.27","329","7.39","6.73","4.67","124","4.41","185","4773"
"Chris Hatcher","Marlins","8.2","-9.41","12.46","334","5.84","4.32","4.55","121","4.29","118","3299"
"Pedro Villarreal","Reds","5.2","-5.62","12.71","333","12.38","12.40","6.12","163","5.30","320","9904"
"Barry Enright","Angels","8.1","-8.68","12.96","342","9.41","7.25","5.93","149","5.89","189","2412"
"Octavio Dotel","Tigers","4.2","-5.98","13.50","334","6.24","3.90","5.66","142","5.19","98","555"
"Onelki Garcia","Dodgers","1.1","-1.89","13.50","377","19.30","20.30","11.57","309","12.44","547","13674"
"Michael Belfiore","Orioles","1.1","-3.03","13.50","329","31.17","24.80","8.37","210","7.68","599","9324"
"Dave Bush","Blue Jays","3.0","-3.28","15.00","369","23.13","20.71","7.02","177","6.36","512","4635"
"Zach Clark","Orioles","1.2","-2.29","16.20","395","3.10","5.45","8.73","219","6.92","132","9189"
"Daniel Stange","Angels","1.2","-1.85","16.20","428","12.79","13.25","7.91","199","7.19","344","9404"
"Mike Zagurski","- - -","6.1","-7.53","17.05","466","8.04","8.26","7.50","199","6.21","224","9683"
"Anthony Recker","Mets","1.0","-1.60","18.00","511","16.40","19.05","11.51","307","12.59","509","4063"
"Justin Freeman","Reds","1.0","-1.57","18.00","471","11.69","16.05","7.15","190","6.24","415","7568"
"Josh Wall","Dodgers","7.0","-11.98","18.00","503","7.61","7.33","5.57","148","4.89","197","4436"
"Zach Putnam","Cubs","3.1","-5.20","18.90","505","5.47","4.55","1.88","49","2.07","120","9080"
"Maikel Cleto","Cardinals","2.1","-5.69","19.29","526","11.01","8.19","3.79","101","2.07","221","5529"
"Jim Miller","Yankees","1.1","-2.95","20.25","500","21.96","15.05","9.40","236","9.16","365","7458"
"Brayan Villarreal","- - -","4.1","-9.69","20.77","417","7.53","9.51","8.40","186","7.63","208","5180"
"Cody Eppley","Yankees","1.2","-0.13","21.60","533","2.25","1.85","1.85","47","-0.22","45","9095"
"Eric Surkamp","Giants","2.2","-6.14","23.62","684","12.44","15.05","9.91","264","7.20","429","2540"
"Casper Wells","- - -","1.2","-3.55","27.00","720","12.51","9.05","10.69","279","9.94","233","9700"
"Sean Nolin","Blue Jays","1.1","-5.65","40.50","998","13.51","15.05","9.40","236","7.10","372","11341"
"Yunesky Maya","Nationals","0.1","-1.80","54.00","1438","96.33","42.05","7.15","190","6.90","1136","11420"
"David Carpenter","Angels","0.1","-5.53","108.00","2851","25.99","54.05","19.15","480","10.03","1403","9244"
