NAME,Team,IP,wFA/C,wFT/C,wFC/C,wFS/C,wFO/C,wSI/C,wSL/C,wCU/C,wKC/C,wEP/C,wCH/C,wSC/C,wKN/C,playerid
Neftali Feliz,Rangers,4.2,1.72,-4.12, , , , ,-2.95,-2.5, , ,0.43, , ,18
John McDonald,Phillies,0.1, , , , , , , , , , ,-2.28, ,-20.63,395
Duke Welker,Pirates,1.1,1.76, ,5.3, , , ,9.36,-4.56, , , , , ,792
Blake Wood,Indians,1.1,-0.67, , , , , ,-1.78, , , ,-3.56, , ,1345
Jamey Carroll,Twins,1, , , , , , , , , , ,10.46, ,0.47,1591
Chris Narveson,Brewers,2,5.41,0.16,6.81, , , , ,-3.56, , ,1.02, , ,2141
Ryan Raburn,Indians,1,22.71, ,-4.06, , , ,-3.56, , , ,6.23, , ,2218
Skip Schumaker,Dodgers,2,-2.98, ,-0.99, , , , ,-4.49, , ,-3.43, ,-3.56,3704
Everett Teaford,Royals,0.2,11.63,-6.15, , , , ,-16.32,2.02, , , , , ,3732
Enny Romero,Rays,4.2,0.84,-3.4, , , , ,15.58,0, , ,4.58, , ,4001
Rafael Dolis,Cubs,5,-2.12,4.13, , , , ,1.03, , , , , , ,4185
Matt Shoemaker,Angels,5,-3.6,9.61,3.22, , , ,5.71,3.79, , ,4.87, , ,4776
Clay Rapada,Indians,2, , , , , ,3.01,2.36, , , ,-48.39, , ,4831
Alberto Gonzalez,Yankees,0.1, , , , , , , , , , ,4.86, , ,4906
Wilmer Font,Rangers,1.1,-0.01, , , , , ,-5.5, , , ,1.19, , ,5257
Francisley Bueno,Royals,8.1,3.51,0.94, , , , ,5.23, , , ,6.1, , ,5980
David Murphy,Rangers,1, , , , , , , ,1.03, , ,0.03, , ,6035
Logan Kensing,Rockies,0.2, ,4.5, , , , ,-3.88,-7.07, , ,5.95, , ,6166
Donnie Joseph,Royals,5.2,-0.13,0.99, , , , ,1.7, , , , , , ,6491
Jake Elmore,Astros,1, , , , , , , ,0, , ,7.78, ,1.55,7290
Matt Daley,Yankees,6,5.21,6.25, , , , , ,0.86, , ,-22.64, , ,7952
Rob Johnson,Cardinals,0.1,7.55, , , , , , , , , ,4.55, , ,8029
Josh Harrison,Pirates,0.1, , , , , , , , , , , , ,6.07,8202
Sam Fuld,Rays,0.1,7.21, , , , , , , , , ,-4.56, , ,8254
Jeff Beliveau,Rays,0.2,-65.17,3.27,-4.23, , , , , , , , , , ,8504
Josh Tomlin,Indians,2,1.25, ,-1.81, , ,2.06, ,-0.11, , ,7.38, , ,9388
Miles Mikolas,Padres,1.2,3.77,1.51, , , , , ,-2.25, , , , , ,9803
Chris Dwyer,Royals,3,0.39, ,7.44, , , , ,5.17, , ,-2.85, , ,10045
Shawn Tolleson,Dodgers,0,-5.34, , , , , ,-5.89, , , , , , ,10481
Stephen Pryor,Mariners,7.1,3.56, , , , , ,4,3.79, , , , , ,10663
Heath Hembree,Giants,7.2,3.7, ,6.8, , , ,-0.01,-2.85, , ,-25.81, , ,11632
Kevin Siegrist,Cardinals,39.2,2.75,0.72, , , , ,-1.74,-0.46, , ,2.03, , ,8180
Louis Coleman,Royals,29.2,3.46,0.85, , , , ,3.61, , , ,20.49, , ,9720
Brian Wilson,Dodgers,13.2,3.7,7.5, , , , ,1.77,-2.85, , , , , ,6485
Jesse Crain,White Sox,36.2,0.98, , , , , ,1.68,-2.33, , ,3.61, , ,4817
Michael Tonkin,Twins,11.1,0.9,7.51,-3.56, , , ,-3.84,6.85, , ,-3.45, , ,10315
David Hale,Braves,11,1.65,1.69,-2.2, , , ,-0.31,2.08, , ,-3.67, , ,9756
Jeremy Jeffress,Blue Jays,10.1,-14.69,2.71, , , , , ,0.86, , , , , ,9490
Jimmy Nelson,Brewers,10,3.38,-5.22, , , , ,3.96,3.05, , ,9.99, , ,10547
Sean Burnett,Angels,9.2,5.56, , , , ,0.64,0.97, , , ,0.28, , ,1886
Koji Uehara,Red Sox,74.1,1.82,6.57, ,3.67, , ,-0.76, , , , , , ,9227
Neal Cotts,Rangers,57,1.13,2.72,3.65, , , ,1.53,-5.61, , ,8.97, , ,1797
Greg Holland,Royals,67,0.85, , , , , ,2.96,6.07, , ,3.72, , ,7196
Craig Kimbrel,Braves,67,1.58,-6.85, , , , ,3.59,-2.88,-0.64, ,5.3, , ,6655
Zac Rosscup,Cubs,6.2,-0.18,-2.85, , , , ,2.55, , , , , , ,9419
Dan Otero,Athletics,39,0.7, , , , ,0.76,3.17,-10.91, , ,7.31, , ,7385
Joe Nathan,Rangers,64.2,2.34,0.85,5.15, , , ,2.02,0.27, , , , , ,1122
Mark Melancon,Pirates,71,1.59, ,1.8, , , , ,1.46,2.75, ,-2.85, , ,4264
James Paxton,Mariners,24,0.96,-2.93, , , , ,-5.61,4.01, , ,4.26, , ,11828
Tanner Roark,Nationals,53.2,1.77, , , , , ,3.29,1.19, , ,2.61, , ,8753
Luis Avilan,Braves,65,0.08,2.17, , , , , ,0.35, , ,0.24, , ,2882
Ryan Reid,Pirates,11,0.05, , , , ,-5.23,2.94, , , ,4.01, , ,9385
Alex Torres,Rays,58,1.7,2.73,-1.07, , , ,0.57, , , ,2.19, , ,7038
Rex Brothers,Rockies,67.1,0.81,-0.1, , , , ,1.94, , , ,-3.93, , ,9794
Sean Marshall,Reds,10.1,6.65,1.74, , , , ,1.47,4.23, , , , , ,5905
Clay Buchholz,Red Sox,108.1,1.46,1.92,3.19,-0.36, , , ,1.01, , ,-0.05, , ,3543
Sergio Santos,Blue Jays,25.2,1.82, , , , ,-3.56,5.65, , , ,2.32, , ,4734
Caleb Thielbar,Twins,46,3.88,2.19,-1.84, , , ,1,-6.55, , ,2.32, , ,10078
Kevin Chapman,Astros,20.1,1.41,2.02, , , , ,0.27,-22.59, , , , , ,11240
David Carpenter,Braves,65.2,1.22,2.93, , , , ,1.59, , , ,2.31, , ,3959
Joe Martinez,Indians,5,-1.89,7.17, , , , , ,3.22, , ,-1, , ,3935
Craig Breslow,Red Sox,59.2,0.92,1.84, , , , ,-0.12,1.87, , ,-2.53, , ,4363
Clayton Kershaw,Dodgers,236,1.88, , , , , ,0.65,2.72, , ,-0.77, , ,2036
Javier Lopez,Giants,39.1,-2.8,1.65, , , , ,1.48,2.2, , ,-3.7, , ,1663
Danny Duffy,Royals,24.1,0.48,1.1,0.42, , , ,1.55,0.18, , ,2.07, , ,3542
Kenley Jansen,Dodgers,76.2,1.09, ,1.89, , , ,0.4, , , , , , ,3096
Tanner Scheppers,Rangers,76.2,1.46, , , , , , ,0.93, , ,-3.56, , ,10267
Luke Hochevar,Royals,70.1,1.66, ,2.68, , ,3.63,-8.57,-3.18,0.97, ,-9.45, , ,6943
Stolmy Pimentel,Pirates,9.1,0.86,3.79,-3.56, , , ,4.11, , , ,2.17, , ,6415
Mauricio Robles,Phillies,4.2,-2.05,-0.08, , , , ,3.61, , , ,-6.52, , ,8895
Jarred Cosart,Astros,60,1.03, ,1.35, , ,2.53, ,-0.58, , ,0.19, , ,10304
Matt Reynolds,Diamondbacks,27.1,-0.31, , , , , ,1.09, , , ,2.42, , ,8887
Ryan Brasier,Angels,9,-1.64,21.4, , , , ,5.92, , , ,6.39, , ,5615
Joaquin Benoit,Tigers,67,0.93,0.65, , , , ,2.49, , , ,1.65, , ,1437
Tyler Thornburg,Brewers,66.2,1.11, , , , , , ,1.74, , ,-0.15, , ,10688
David Robertson,Yankees,66.1,1.42, ,1.01, , , , ,1.9,-1.78, ,2, , ,8241
Brandon Cumpton,Pirates,30.2,-0.06,-2.2, , , ,2.35,0.03,13.61, , ,-4.06, , ,11366
Justin Wilson,Pirates,73.2,0.95,4.23,0.72, , , , ,0.34, , ,-2.77, , ,4301
Tom Layne,Padres,8.2,4.03,3.58, , , , ,-5.18,-4.4, , , , , ,7501
Mariano Rivera,Yankees,64,-4.03, ,1.65, , , , , , , , , , ,844
David Purcey,White Sox,25.1,-0.38,0.06, , , , ,0.38,2.31, , ,5.09, , ,8360
Nick Vincent,Padres,46.1,2.66,3.77, , , , ,1.11, , , ,0.02, , ,7555
Jose Dominguez,Dodgers,8.1,-0.86, ,-1.13, , , ,3.77,9.77, , ,-4.13, , ,11571
Bobby Parnell,Mets,50,0.07,3.49, , , , ,2.76,0.98,0.19, ,1.93, , ,9926
Santiago Casilla,Giants,50,1.25,0.47, , , , ,1.16,1.68, , , , , ,2873
J.P. Howell,Dodgers,62,1.87, , , , ,1.64,1.93, , , ,-3.69, , ,8245
Darren O'Day,Orioles,62,0.2, , , , ,-0.64,1.73, , , , , , ,3321
Jose Fernandez,Marlins,172.2,0.9,1.67,-2.2, , , ,0.39,2.66, , ,1.31, , ,11530
Sam Freeman,Cardinals,12.1,-0.39,6.09,6.81, , , ,9.3, , , ,3.68, , ,6832
Brad Ziegler,Diamondbacks,73, , , , , ,1.32, ,2.5, , ,1.22, , ,7293
Alex Colome,Rays,16,0.86, ,-2.2, , , , , , , ,-1.33, , ,6661
Vidal Nuno,Yankees,20,-1.9,3.43,12.78, , , ,2.73,-0.17, , ,-6.14, , ,9674
Nick Christiani,Reds,4,-2.94,2.96, , , , ,6.69, , , , , , ,10332
Hideki Okajima,Athletics,4,-5.16, , ,-2.71, , , ,0.25, , , , , ,7763
Matt Harvey,Mets,178.1,1.96,1.23, , , , ,0.56,1.63, , ,1.62, , ,11713
Joe Smith,Indians,63, , , , , ,0.12,1.87, , , , , , ,3281
Randy Choate,Cardinals,35.1,2.68, , , , ,1.35,2.11, , , , , , ,813
Glen Perkins,Twins,62.2,1.18,3.38, , , , ,-0.06, , , ,-2.85, , ,8041
Jenrry Mejia,Mets,27.1,0.72,-10.13,-0.13, , , ,3.87,-5.1, , ,1.4, , ,8476
Paco Rodriguez,Dodgers,54.1,-1.43,-1.19, , , ,-5.61,2.22,2.79, , ,1.65, , ,13398
Antonio Bastardo,Phillies,42.2,0.61,0.16, , , , ,0.77, , , ,1.81, , ,8844
Seth Maness,Cardinals,62,3.13,6.14, , , ,1.51,-0.53,-5.87, , ,-1.33, , ,12235
Steve Cishek,Marlins,69.2, , , , , ,1.55,1.03, , , ,1.3, , ,6483
J.J. Putz,Diamondbacks,34.1,1.53,-5.61,-2.33,-1, , ,-0.43, , , , , , ,1795
Drew Smyly,Tigers,76,1.59,0.88,0.14, , , ,0.97, , , ,-2.83, , ,11760
Jean Machi,Giants,53,1.96,-5.79, , , , , ,3.44, , ,0.64, , ,3220
Tony Watson,Pirates,71.2,5.87, , , , ,0.86,0.02, , , ,3.84, , ,3132
Thad Weber,- - -,15,0.16,-5.38, , , , , ,1.8, , ,-8.95, , ,8036
Tyler Clippard,Nationals,71,1.72, ,4.17, , , ,-1.89, , , ,1.33, , ,5640
Cody Allen,Indians,70.1,-0.1, , , , , ,1.46,1.16, , , , , ,12183
Dustin McGowan,Blue Jays,25.2,-0.94,-1.24, , , , ,3.38, , , ,-3.63, , ,8600
Cesar Cabral,Yankees,3.2,0.62,14.32, ,-1.01, , ,2.66, , , ,-0.01, , ,6741
Aaron Loup,Blue Jays,69.1, ,0.39, , , , ,-0.99, , , ,1.69, , ,10343
Scott Downs,- - -,43.1, , , , , ,0.7,2.85,-0.31, , , , , ,773
Eric O'Flaherty,Braves,18,5.55, , , , ,0.32,3.03, , , ,-0.48, , ,5746
Sergio Romo,Giants,60.1,-1.96, ,-13.55, , ,-0.79,2.3, , , ,-0.05, , ,9817
Ryan Cook,Athletics,67.1,-0.11,-1.95, , , , ,2.9, , , ,1.47, , ,8855
Aroldis Chapman,Reds,63.2,0.99, , , , , ,3.54, , , ,-2.21, , ,10233
Casey Janssen,Blue Jays,52.2,0.92,-6.98,0.91, , , ,5.47,1.31, , , , , ,7355
Anibal Sanchez,Tigers,182,0.61, ,0.24, , ,-0.01,1.32,-0.08, , ,1.55, , ,3284
Jason Frasor,Rangers,49,1.2, , , , , ,0.05, , , ,0.33, , ,1906
Jake Diekman,Phillies,38.1,-1.8,1.18, , , , ,2.02, , , ,-1.31, , ,5003
Grant Balfour,Athletics,62.2,0.36,5.44,2.53, , , ,-0.31,4.34, , ,16.83, , ,718
Chris Withrow,Dodgers,34.2,0.29, ,5.07, , , ,3.1,2.59, , ,2.44, , ,7161
Chad Qualls,Marlins,62, , , , , ,1.3,0.91, , , , , , ,2170
Trevor Rosenthal,Cardinals,75.1,0.98, , , , , ,-4.99,-1.82, , ,1.88, , ,10745
Zack Greinke,Dodgers,177.2,1.18,0.31,-0.44, , , ,0.65,1.07, , ,1.12, , ,1943
Andrew Miller,Red Sox,30.2,-0.36,0.24, , , , ,1.49, , , ,2.46, , ,6785
Adam Ottavino,Rockies,78.1,-1.16,-1.09, , , , ,2.4, , , ,-4.01, , ,1247
Bartolo Colon,Athletics,190.1,1.01,0.46, , , , ,0.84, , , ,1.05, , ,375
Sam LeCure,Reds,61,0.85,0.49,-1.53, , , ,-2.39,3.74,2.53, ,0.57, , ,4664
Mike Dunn,Marlins,67.2,0.24,0.62, , , , ,1.5,1.96, , , , , ,9948
Hisashi Iwakuma,Mariners,219.2,0.62, , ,1.06, ,2.89,-0.46,0.56, , , , , ,13048
Sonny Gray,Athletics,64,0.63,-0.67,0.99, , , ,-1.29,3.3, , ,-1.75, , ,12768
Joe Kelly,Cardinals,124,-0.05,0.47, , , , ,-0.21,-0.84, , ,0.35, , ,9761
Brandon Kintzler,Brewers,77,1.05, , , , ,1.59,0.34, , , ,3.97, , ,9939
Simon Castro,White Sox,6.2,1.43,-0.34,-1.11, , , ,3.84,-4.44, , ,0.46, , ,9243
Chad Jenkins,Blue Jays,33.1,-2.06,1.15, , , , ,1.93, , , ,0.89, , ,10326
Jason Grilli,Pirates,50,0.86, , , , , ,1.55, , , ,13.04, , ,521
Huston Street,Padres,56.2,2.53, , , , ,0.57,1.48, , , ,-1.84, , ,8258
Jim Henderson,Brewers,60,1.12,-2.85, , , , ,-0.95, , , , , , ,6653
Francisco Rodriguez,- - -,46.2,-1.01,0.4, , , , , ,0.63, , ,2.31, , ,1642
Luke Gregerson,Padres,66.1,1.27,-1.56,3.76, , , ,0.74,1.1, , ,2.64, , ,4090
Blake Parker,Cubs,46.1,0.86,-2.35, ,-5.82, , , ,0.57, , ,2.16, , ,5224
Craig Stammen,Nationals,81.2,-0.57,0.21, , , , ,0.77,-0.38,1.73, ,-4.58, , ,7274
Alex Cobb,Rays,143.1,0.07,0.97, , , , , ,-0.08, , ,1.3, , ,6562
Brett Oberholtzer,Astros,71.2,-0.19,0.62, , , , ,-3.11,0.1,-1.86, ,1.78, , ,3855
Arquimedes Caminero,Marlins,13,2.91,-10.1, , , , ,-46.34,-4.99, , ,-5.76, , ,8992
Madison Bumgarner,Giants,201.1,1.88,-0.11, , , , ,1.11,0.6, , ,1.77, , ,5524
Michael Wacha,Cardinals,64.2,1.39, ,-8.16, , , , ,-0.59, , ,1.12, , ,14078
Edward Mujica,Cardinals,64.2,-3.03,0.64, ,1.7, , ,-3.54, , , , , , ,3970
Vin Mazzaro,Pirates,73.2,1.37,1.43, , , , ,-0.12, ,5.58, ,-0.97, , ,5231
Tommy Hunter,Orioles,86.1,1.77,-0.47,1.95, , , ,2.31,-0.37, , ,-10.9, , ,1157
Johnny Cueto,Reds,60.2,1.81,-0.87,1.03, , , ,-1.75,-5.64, , ,3.99, , ,6893
Brett Cecil,Blue Jays,60.2,2.12, ,-3.11, , ,0.88,5.07,-0.02, , ,-1.62, , ,2660
Anthony Varvaro,Braves,73.1,1.19, , , , , , ,-0.18, , ,1.58, , ,2385
Yu Darvish,Rangers,209.2,-0.44,-0.72,0.72,-0.26, , ,2.72,-2.01, , ,-3.56, , ,13074
Jake Dunning,Giants,25.1,-0.57,-4.24, , , ,-0.16,0.68, , , ,5.13, , ,10803
Dane de la Rosa,Angels,72.1,1.53, ,1.4,-0.58, , ,0.26, , , ,3.01, , ,10095
J.J. Hoover,Reds,66,1.12, , , , , ,1.27,0.11, , ,-1.13, , ,9037
Brad Boxberger,Padres,22,-0.87, ,2.36, , , ,-3.47, , , ,0.23, , ,10133
Cliff Lee,Phillies,222.2,2.27,1.17,0.79, , , ,-7.2,-0.87, , ,0.3, , ,1636
Alfredo Simon,Reds,87.2,0.4,1.73,0.59,-0.28, , ,-0.05, , , , , , ,2155
Max Scherzer,Tigers,214.1,1.39,-2.33, , , , ,2.81,-1.32, , ,0.21, , ,3137
Will Harris,Diamondbacks,52.2,-1.68, ,1.25, , , , ,-0.38, , ,-4.58, , ,3192
Anthony Swarzak,Twins,96,0.88,1.5, , , , , ,-0.59, , ,-3.35, , ,7466
Yoervis Medina,Mariners,68,-0.54,0.76, , , , , ,2.55, , ,0.24, , ,10498
Ryan Webb,Marlins,80.1,3.79, , , , ,0.15,1.4, , , ,-4.85, , ,7474
Jonathan Papelbon,Phillies,61.2,0.64,1.95, ,-0.96, , ,-0.03, , , , , , ,5975
Tony Cingrani,Reds,104.2,0.75, , , , , ,1.79,0.03, , ,-2.04, , ,12555
LaTroy Hawkins,Mets,70.2,0.76,5.57, , , , ,-0.09,-0.34, , ,-0.62, , ,729
Adam Wainwright,Cardinals,241.2,2.05, ,1.22, , ,-0.11, ,1.76, , ,-2.74, , ,2233
Jim Johnson,Orioles,70.1,2.98,0.01, , , , , ,1.05, , ,-2.09, , ,3656
Chad Billingsley,Dodgers,12,1.61,0.73,-1.44, , , ,-1.77,-2.26, , ,6.1, , ,5842
Charles Brewer,Diamondbacks,6,1.22,0.47,-2.85, , , , ,-7.24, , ,1.27, , ,9155
Stephen Strasburg,Nationals,183,0.62,-0.27, , , , , ,2.15, , ,1.86, , ,10131
Hyun-Jin Ryu,Dodgers,192,0.68,-0.15, , , , ,0.07,-1.91, , ,3.03, , ,14444
Jose Veras,- - -,62.2, , , ,-1.39, ,2.1, ,-0.5, , , , , ,2063
Francisco Liriano,Pirates,161,-0.7,-0.54, , , , ,2.3, , , ,0.96, , ,3201
Sandy Rosario,Giants,41.2,1.34, , , , , ,0.63, , , ,-3.5, , ,1525
Robbie Ross,Rangers,62.1,0.64,-1.68,0.56, , , ,-0.12,-1.11, , ,3.69, , ,6819
Luke Putkonen,Tigers,29.2,-0.16, , , , ,-2.65, ,5.18,1.95, ,1.55, , ,6736
Felix Hernandez,Mariners,204.1,0.84, ,2.61, , ,0.67,0.8,-0.28, , ,0.75, , ,4772
Brad Hand,Marlins,20.2,4.45,2.43, , , , , ,-1.4, , ,-11.8, , ,9111
Chad Gaudin,Giants,97,1, , , , ,2.25,-0.36, , , ,-0.82, , ,1783
Shelby Miller,Cardinals,173.1,0.44, ,0.5, , , , ,0.44, , ,-1.23, , ,10197
Chris Sale,White Sox,214.1,0.04,0.4, , , , ,1.36, , , ,0.84, , ,10603
Andrew Cashner,Padres,175,0.68,2.22, , , , ,0.37,0.22, , ,-0.08, , ,8782
Jamey Wright,Rays,70,-6.81, ,1.68, , ,-1.56,6.91,1.23, , ,-2.53, , ,715
Ivan Nova,Yankees,139.1,-0.16,1.71,-5.19, , , ,0.42,0.47, , ,2.56, , ,1994
Travis Wood,Cubs,200,0.51,0.5,1.73, , , ,-0.24,-3.88, , ,0.17, , ,9884
Rafael Soriano,Nationals,66.2,0.82,0.55,3.7, , , ,-3.41, , , , , , ,1100
Alexi Ogando,Rangers,104.1,-0.26, ,0.02, , , ,0.85, , , ,1.82, , ,10261
Kris Medlen,Braves,197,-3.05,0.14,-25.5, , , , ,0.62, , ,1.9, , ,9417
Erik Davis,Nationals,8.2,-2.92,3.7, , , , , ,4.63,-15.2, ,2.22, , ,8422
Danny Salazar,Indians,52,0.39,0.24,11.43, , , ,0.66, , , ,1.44, , ,5867
Matt Lindstrom,White Sox,60.2,-0.61, , , , ,1.17,0.13, , , ,-4.07, , ,4604
Alex Wood,Braves,77.2,0.4,-2.88, , , , ,7.37,5.03,-0.57, ,0.55, , ,13781
Josh Collmenter,Diamondbacks,92,-0.09, ,1.22, , ,-4.56, ,-6.98, , ,0.88, , ,7312
Sean Doolittle,Athletics,69,1.52,-1.29, , , , , ,-1.52, , ,6.72, , ,1581
Matt Albers,Indians,63,-0.1, , , , ,1.53,1.43,-1.64, , ,-0.94, , ,4300
James Shields,Royals,228.2,0.51,-2.21,0.4, , , ,4.78,1.28,-6.35, ,1.31, , ,7059
Joe Savery,Phillies,20,0.1, ,2.48, , , ,0.73, , , ,-5.55, , ,2835
A.J. Ramos,Marlins,80,0.1,5.95,-2.2, , , ,1.71,1.54, , ,1.58, , ,8350
Jerry Blevins,Athletics,60, , , , , ,0.35,-0.64,3.57, , ,1.92, , ,7841
Tyler Chatwood,Rockies,111.1,0.44,-1.17, , , , ,0.91,0.1, , ,-2.77, , ,4338
Junichi Tazawa,Red Sox,68.1,-0.66, , , ,0.65,-6.15,0.72,0.2, , ,1.42, , ,4079
Mat Latos,Reds,210.2,-0.65,0.81,0.32, , , ,1.76,1.86, , ,-0.66, , ,3815
Tyson Ross,Padres,125,-0.14,-0.3,-0.48, , , ,3.16, , , ,-1.98, , ,7872
Josh Stinson,Orioles,17,-0.38,-7.09, , , , ,3.25,1.39, , ,5.22, , ,3219
Daniel Webb,White Sox,11.1,0.58, ,-11.33, , , ,1.87,3.91, , ,10.38, , ,10558
Cory Burns,Rangers,11.1, ,1.37, , , , ,-16.02, , , ,-1.92, , ,6620
Brad Brach,Padres,31,-0.72,5.8, ,0.94, , ,-2.9, , , , , , ,6627
Julio Teheran,Braves,185.2,0.53,-1.16, , , , ,0.53,-0.04, , ,0.01, , ,6797
Joe Thatcher,- - -,39.1,1.21, ,-4.05, , , ,-0.47, , , , , , ,4620
Mike Minor,Braves,204.2,0.57, , , , , ,0.33,-1.17,1.59, ,1.2, , ,10021
Chris Archer,Rays,128.2,0.87,-0.19, , , , ,1.13, , , ,-1.96, , ,6345
Steve Delabar,Blue Jays,58.2,0.2,0.11, , , , ,2.58, , , ,-1.03, , ,11827
Gerrit Cole,Pirates,117.1,0.43,0.99,1.43, , , ,2.03, , , ,0.79, , ,13125
Marc Rzepczynski,- - -,30.2,-1.83, , , , ,-0.03,1.98, , , ,5.16, , ,6612
Boone Logan,Yankees,39,-0.48,0.88, , , , ,1.47, , , ,-4.56, , ,5525
Will Smith,Royals,33.1,-0.26,2.09, , , , ,2.54,-2.04, , ,-16.05, , ,8048
Bryan Shaw,Indians,75,-0.39, ,0.77, , , ,3.14,5.41, , ,-12.16, , ,8110
Ervin Santana,Royals,211,-0.01,-0.29, , , , ,1.1, , , ,-1.11, , ,3200
Jordan Zimmermann,Nationals,213.1,0.31,3.24, , , , ,1,0.23, , ,1.22, , ,4505
Erik Johnson,White Sox,27.2,-1.69,-1.16,8.25, , , ,-0.11,-0.59, , ,-2.22, , ,12520
Charlie Morton,Pirates,116,-0.22,0.9,5.3, , , , ,0.58, , ,-5.83, , ,4676
Jake Petricka,White Sox,19.1,1.03,-0.75, , , , ,1.32, , , ,1.98, , ,10534
Jered Weaver,Angels,154.1,0.33,0.19,1.18, , , ,-1.29,1.98, , ,0.5, , ,4235
Bruce Chen,Royals,121,-0.48, , , , ,-0.66,1.2,0.13, ,1.2,2.27, , ,769
Luis Ayala,- - -,33,0.65,0.91, , , , ,0.73,-6.3, , ,-1.41, , ,1650
Ross Ohlendorf,Nationals,60.1,1.44,0.21, , , , ,0.23, , , ,-1.86, , ,8268
Matt Moore,Rays,150.1,-0.14,1.1, , , , ,0.04, , , ,1.95, , ,1890
A.J. Burnett,Pirates,191,-0.02, , , , ,-0.06, , ,1.89, ,-2.18, , ,512
Ubaldo Jimenez,Indians,182.2,-0.13,-1.04,1.62,-0.84, , ,0.97,0.29, , ,0.51, , ,3374
Hiroki Kuroda,Yankees,201.1,0.34, , ,0.77, ,-0.29,0.44,0.35, , , , , ,3283
Dale Thayer,Padres,65,1.33,0.62, , , , ,-1.51, , , ,-7.98, , ,5032
Manny Parra,Reds,46,-0.04,-0.75, ,-0.62, , , ,2.03, , ,16.95, , ,4279
David Price,Rays,186.2,0.75,1.16,0.02, , , ,4.3,-1.88, , ,1.86, , ,3184
Fernando Abad,Nationals,37.2,0.37,-0.1, , , , , ,5.35,-0.83, ,-2.01, , ,4994
Jeanmar Gomez,Pirates,80.2,-0.35, ,0.95, , ,1.1,-0.54,-1.72, , ,0.81, , ,9033
Pat Neshek,Athletics,40.1, , , , , ,-2.46,0.46, , , ,-2.77, , ,4682
Kyle Lohse,Brewers,198.2,0.41, , , , ,-0.07,0.42,0.28, , ,1.12, , ,739
Gio Gonzalez,Nationals,195.2,0.36,-0.47, , , , , ,1.1, , ,1, , ,7448
Mike Leake,Reds,192.1,0.92, ,-0.04, , ,-0.3,-1.22,2.35, , ,-0.78, , ,10130
Fernando Rodney,Rays,66.2,-0.2,0.09, , , , , , , , ,1.17, , ,494
Rhiner Cruz,Astros,21.1,-0.66,-0.7, , , , ,-3.3, , , ,0.55, , ,711
Aaron Crow,Royals,48,-1.64,3.28, , , , ,0.98,-6.58, , ,-2.85, , ,10149
Sean Henn,Mets,2.2,-2.44, , , , , ,-0.4, , , ,-1.76, , ,2147
Nathan Eovaldi,Marlins,106.1,1.25,0,-0.66, , , ,-0.33,-2.44, , ,-8.45, , ,9132
Adam Warren,Yankees,77,-2.03,-3.46,2.82, , , ,1.36,1.36, , ,1.94, , ,9029
C.J. Wilson,Angels,212.1,0.71,0.45,-0.99, , , ,0.48,0.1, , ,0.02, , ,3580
Joel Peralta,Rays,71.1,2.23, ,-4.4,-1.61, , , ,2.31, , , , , ,2332
Patrick Corbin,Diamondbacks,208.1,-1.15,0.84, , , , ,1.43, , , ,-2.03, , ,9323
Zack Wheeler,Mets,100,0.85,0.2, , , , ,-0.89,-2.23, , ,-0.55, , ,10310
Derek Holland,Rangers,213,1.7, , , , ,-0.48,1.28,-0.22,-5.25, ,1.39, , ,4141
Carlos Torres,Mets,86.1,-0.18,6.83,0.57, , , ,3.53,0.95, , ,-4.7, , ,7624
Jordan Walden,Braves,47,0.67, , , , , ,1.86, , , ,1.18, , ,3271
Justin Masterson,Indians,193,-0.09, , , , ,0.25,2.26, , , ,0.86, , ,2038
Bruce Rondon,Tigers,28.2,-0.36,-2.08,-75.33, , , ,3.36, , , ,5.05, , ,5766
Bryan Morris,Pirates,65,-0.19, , , , , ,1.23,-1.29, , , , , ,10234
Justin Verlander,Tigers,218.1,0,4.03, , , , ,0.79,0.11, , ,0.29, , ,8700
Burke Badenhop,Brewers,62.1,4.52, , ,0.04, ,0.25,0.03, , , , , , ,9736
Jhoulys Chacin,Rockies,197.1,-0.06,-0.01,-0.51, , , ,2.34,0.87, , ,-0.84, , ,2608
Kevin Gregg,Cubs,62,0.23, ,2.15,-5, ,0.67,-1.09, , , , , , ,1793
Homer Bailey,Reds,209,0.84,1.29, , , , ,-0.07,-1.1,0.92, ,0.49, , ,8362
Jorge de la Rosa,Rockies,167.2,-0.76,-0.49, ,0.84, , ,1.31,-0.56, , , , , ,2047
Jose Quintana,White Sox,200,0.82,0.96, , , , ,-0.51,-0.58, , ,-1.81, , ,11423
Jeff Locke,Pirates,166.1,0.36,-1.68, , , , , ,-2.87,-0.19, ,0.81, , ,2929
John Lackey,Red Sox,189.1,-0.32,3.41,0.68, , , ,1.65,-0.87, , ,-3.1, , ,1507
Yordano Ventura,Royals,15.1,-1.39, , , , , , ,-0.67, , ,-8.06, , ,11855
Brian Matusz,Orioles,51,0.55,1.92,-0.05, , , ,1.9,4.07, , ,-2.78, , ,2646
Tim Collins,Royals,53.1,0.1, ,14.45, , , , ,-0.2, , ,0.71, , ,3164
Wade Miley,Diamondbacks,202.2,-1.11,0.51, , , , ,-0.83,-0.4, , ,1.39, , ,8779
Yusmeiro Petit,Giants,48,0.81, ,-1.86, , , ,-1.76,3.84, , ,3, , ,4020
Hector Santiago,White Sox,149,0.8,3.79,-1.65, , ,0.49,-1.58,-2.51, , ,-0.79,-2.45, ,4026
Jaime Garcia,Cardinals,55.1,1.62,-1.19,-2.03, , , ,0.56,0.36, , ,-0.43, , ,8137
James Russell,Cubs,52.2,1.49,-4.43,-1.37, , , ,0.91,-14.76, , ,2.25, , ,4089
Wandy Rodriguez,Pirates,62.2,-0.86,0.73,6.12, , , , ,0.65, , ,-3.05, , ,2586
Henderson Alvarez,Marlins,102.2,0.29,1.41, , , , ,-0.79,-0.36, , ,-5.44, , ,5669
Cole Hamels,Phillies,220,-0.75, ,-1.03, , , , ,-0.44, , ,3.36, , ,4972
Scott Baker,Cubs,15, , , , , ,1.04,0.01, , , ,-0.03, , ,6176
Taijuan Walker,Mariners,15,0.95, ,1.66, , , ,4.2,-0.78, , ,-3.04, , ,11836
Pedro Beato,Red Sox,10,0.5, , , , ,-0.7,-8.27,4.45, , , , , ,1330
Dillon Gee,Mets,199,-0.48,-0.78,-2.12, , , ,-0.45,1.56, , ,0.1, , ,7396
Martin Perez,Rangers,124.1,-0.58,-1.13, , , , ,-0.23,-1.63, , ,1.9, , ,6902
Taylor Jordan,Nationals,51.2,-0.38,-1.37,-0.47, , , ,2.94,1.73, , ,0.95, , ,10466
Doug Fister,Tigers,208.2,0.53,0.58,-1.46, , , ,-4.08,0.28, , ,0.55, , ,9425
Donovan Hand,Brewers,68.1,-0.82,-2.39, , , ,0.36,0.94,-0.77, , ,-0.46, , ,8728
Wesley Wright,- - -,53.2,2,-0.75, , , , ,-0.13,-2.32, , ,1.85, , ,5960
Juan Perez,Blue Jays,31.2,3.33,0.26, , , ,-1.2,1.75, , , ,21, , ,2557
Troy Patton,Orioles,56, ,-0.2, , , , ,0.66,-2.45, , ,-1.52, , ,8368
Ricky Nolasco,- - -,199.1,-1.28,1.45,3.47,-0.22, , ,1.51,-0.07, , ,-3.28, , ,3830
Stephen Fife,Dodgers,58.1,-1.78,1.21, , , , ,-0.59,0.47, , ,-0.66, , ,8077
Cesar Jimenez,Phillies,17,-0.26,2.9, , , , ,-0.27,-2.15, , ,1.22, , ,3762
Vic Black,- - -,17,-0.92,4,-3.56, , , ,1.11,2.92, , , , , ,9195
Robert Coello,Angels,17,0.78, ,-0.93, ,-2.38, , ,3.85, , ,1.35, , ,1149
Scott Rice,Mets,51,2.7,7.15, , , ,0.34,2.47, , , ,-0.4, , ,2743
Chris Tillman,Orioles,206.1,0.4,2.59,0.41, , , ,-1.61,-0.44,-0.56, ,-0.16, , ,5279
Jon Niese,Mets,143,0.71,0.37,0.19, , , , ,-2.02, , ,-1.99, , ,4424
Luis Garcia,Phillies,31.1,-0.47,0.15, , , , ,-0.46,-3.56, , , , , ,6984
Michael Kohn,Angels,53,0.51,2.29, , , , ,-3.43,3.36, , ,-4.72, , ,8505
Oliver Perez,Mariners,53,-1.74, , , , ,-0.58,1.99,5.3, , ,6.7, , ,1514
Jacob Turner,Marlins,118,-0.02,0.18,-2.38, , , , ,0.1, , ,-1.31, , ,10185
Charlie Furbush,Mariners,65,0.96,-1.01, , , , ,0.85,0.54, , ,-1.59, , ,1370
Matt Thornton,- - -,43.1,0.11,1.11,-3.41, , , ,0.08, , , , , , ,1918
Andy Pettitte,Yankees,185.1,-0.65,-0.13,1, , , ,-0.02,1.1, , ,-1.38, , ,840
Jeremy Affeldt,Giants,33.2,-0.37,1.42, , , , , ,-0.12, , ,-0.09, , ,583
Tim Stauffer,Padres,69.2,1.06,0.57, , , , ,0.37,-1.33, , ,1.27, , ,6432
Zach McAllister,Indians,134.1,0.21,0.84, ,-6.33, , ,-1.89,-0.74, , ,-1.78, , ,2895
Jon Lester,Red Sox,213.1,0.46, ,0.42, , ,-0.36, ,-0.82, , ,0.67, , ,4930
Dan Jennings,Marlins,40.2,0.78,-3.25, , , , ,-0.49, , , ,-1.43, , ,8073
Andrew Bailey,Red Sox,28.2,-0.73, ,2.25, , , , ,-0.39, , ,-15, , ,1368
Josh Edgin,Mets,28.2,0.75,4.68, , , , ,-0.85, , , ,1.9, , ,10796
Cory Gearrin,Braves,31,-1.01, , , , ,-0.31,0.87, , , ,0.82, , ,7947
Miguel Gonzalez,Orioles,171.1,0.14,0.65, , , , ,-2.21,-0.22, , ,0.5, , ,7024
Addison Reed,White Sox,71.1,1.35,1.55, , , , ,-0.75, , , ,3, , ,10586
Bronson Arroyo,Reds,202,1.45, ,-2.5,2.1, ,-1.14,2.61,-0.3, , ,-1.62, , ,978
Neil Wagner,Blue Jays,38,-0.31, ,3.62, , , ,0.11, , , ,1.42, , ,8162
Ernesto Frieri,Angels,68.2,1.38,0.23, , , , ,-4.44, , , ,-6.71, , ,5178
Joakim Soria,Rangers,23.2,1.05, ,0.65, , , ,2.11,0.2, , ,-1.87, , ,6941
Jared Burton,Twins,66,-0.89,-2.61,-0.4, , , ,1.91, , , ,2.01, , ,8346
Matt Garza,- - -,155.1,-0.4,0.67, , , , ,1.66,-1.42, , ,-3.56, , ,3340
A.J. Griffin,Athletics,200,-0.22, , , , , ,-1.26,1.28, , ,2.31, , ,11132
Samuel Deduno,Twins,108,0.76, ,-0.1, , , , ,-0.17, , ,-2.56, , ,5285
Corey Kluber,Indians,147.1,-1.47, , , , ,-1.41,2.68,0.54, , ,0.76, , ,2429
Darren Oliver,Blue Jays,49,-0.76,0.54, , , , ,1.35, , , ,-3.48, , ,206
Joe Paterson,Diamondbacks,2.1,5.48, , , , ,-7.41,2.14, , , , , , ,2565
Jose Ortega,Tigers,11.2,1.1,-0.73,6.44, , , ,-1.76,-0.83, , , , , ,9651
Kelvin Herrera,Royals,58.1,-0.33,0.13, , , , , ,-0.47, , ,0.99, , ,6033
Justin De Fratus,Phillies,46.2,-0.24,0.58, , , , ,0.01, , , ,-1.21, , ,4955
Drake Britton,Red Sox,21,0.6,4, ,-9.29, , ,-2.54,4.53, , ,6.51, , ,2868
Scott Feldman,- - -,181.2,1.31, ,0.43, , ,-0.17, ,0.59, , ,-0.9, , ,6283
Marco Estrada,Brewers,128,-0.03, , , , , , ,-0.47, , ,2.51, , ,1118
Ryan Pressly,Twins,76.2,-0.27,-3.78, , , , ,2.35,2.02, , ,1.35, , ,7005
Tom Gorzelanny,Brewers,85.1,-1.49,0.8, , , , ,0.5, , , ,1.58, , ,6244
Rob Wooten,Brewers,27.2,6.29,2.37,-3.56,0.81, , ,0.32,-5.79, , , , , ,8532
Josh Zeid,Astros,27.2,-0.21, ,0.6, , , ,0.15,1.52, , ,-0.63, , ,6527
Casey Fien,Twins,62,1.57,-4.85, , , , ,0.34,-0.18, , ,2.76, , ,3926
Jesse Chavez,Athletics,57.1,1.63,1.64,0.65, , , ,-8.46,1.63, , ,-3.65, , ,5448
Gonzalez Germen,Mets,34.1,-0.29, ,-1.64, , , ,-1.04,8.15, , ,1.29, , ,5876
Eric Stults,Padres,203.2,0.33,1.38, , , , ,0.63,-2.07, , ,-0.18, , ,8011
Chris Rusin,Cubs,66.1,0.2, , , , ,0.5,-0.35,-3.01, , ,-1.15, , ,9895
Jake Odorizzi,Rays,29.2,0.6,0, , , , ,-1.46,-0.66, , ,-0.33, , ,6397
Ian Krol,Nationals,27.1,1.57,-1.93,3.79,-1.1, , ,7.97,-1.8, , ,2.14, , ,10066
Dan Straily,Athletics,152.1,0.39,-1.34, , , , ,0.94,-0.31, , ,-0.74, , ,9460
Sean O'Sullivan,Padres,25,-1.73, ,7.42, , ,-3.32,0.86,-1.87, , ,0.4, , ,9137
Mike Adams,Phillies,25,2.08,-0.64, , , , ,-0.91,1.49, , ,-5.85, , ,1937
Ronald Belisario,Dodgers,68,-1.31, , , , ,0.22,-0.08, , , ,2.31, , ,2203
Pedro Feliciano,Mets,11.1, , ,6.72, , ,-0.07,0.99, , , ,-8.69, , ,1601
Lance Lynn,Cardinals,201.2,1.03,-0.48, , , , ,-1.49,-0.47, , ,-1.11, , ,2520
Tim Hudson,Braves,131.1,1.17, ,1.12,0.02, ,0.58, ,0.05, , , , , ,921
Jarrod Parker,Athletics,197,-0.7,1.11, , , , ,-0.34,-5.17, , ,0.53, , ,4913
Brad Lincoln,Blue Jays,31.2,-1.99,1.98, , , , , ,0.16, , ,2.96, , ,4241
Brian Duensing,Twins,61,0.59, , , , ,-1.05,0.71,-0.11, , ,-0.22, , ,4064
Trevor Cahill,Diamondbacks,146.2,-2, , , , ,-0.1,-0.95,-0.45, , ,0.25, , ,6249
Matt Cain,Giants,184.1,0.2,-1.4, , , , ,1.28,0.28, , ,0.53, , ,4732
Matt Guerrier,- - -,42.2,1.21,3.15,-2.21, , , , ,-3.46, , ,2.4, , ,2061
John Axford,- - -,65,-0.54,5.22, , , , ,0.42,-0.85, , ,5.3, , ,9059
Jason Vargas,Angels,150,-1.35,-2.09,-3.88, , , , ,1.03, , ,1.92, , ,8044
Jake McGee,Rays,62.2,0.51,1.56, , , , ,-2.39, , , , , , ,7550
Chaz Roe,Diamondbacks,22.1,-1.44,0.54,3.28, , , ,2.69,-3.53, , , , , ,9866
Jonathan Pettibone,Phillies,100.1,1,0.74,0.18, , , ,-2.82, , , ,-1.63, , ,7106
Ross Detwiler,Nationals,71.1,-0.12, , , , ,-0.65,-3.55, , , ,-4.23, , ,2859
Jeremy Guthrie,Royals,211.2,-0.54, ,-2.12, , ,0.06,-0.14,-1.19, ,-1.77,-0.66, , ,2072
Scott Kazmir,Indians,158,-1.18,0.51, , , , ,-0.65,-2.1, , ,0.57, , ,4897
Keith Butler,Cardinals,20,1.81,-0.48, , , , , ,2.07, , ,2.56, , ,10080
Andrew Albers,Twins,60,3.67,16.73,1.5, , ,-0.34,-1.66,2.03, , ,0.77, , ,7853
Jason Marquis,Padres,117.2,-0.01, , , , ,-0.85,-1.09, , , ,1.06, , ,105
Carlos Villanueva,Cubs,128.2,-0.54,0.62, , , , ,-0.47,0, ,1.39,1.58, , ,4138
Wilton Lopez,Rockies,75.1,-2.33,0, ,-0.04, ,1.23,-0.98, , , , , , ,4227
Wei-Yin Chen,Orioles,137,-0.53,-0.25, , , , ,0.99,0.81, , ,0.77, , ,13071
Vinnie Pestano,Indians,35.1,-1.26,-2.32, , , , ,0.64, , , , , , ,4782
Rafael Betancourt,Rockies,28.2,1.01, ,0.33, , , ,-1.06, , , ,0.5, , ,177
Logan Ondrusek,Reds,55,-2.07, ,1.84, , ,3.22,0.43, , , ,0.87, , ,3677
Henry Rodriguez,- - -,22,-0.87,-3.63, , , , ,0.09, , , ,2.06, , ,6371
Kevin Slowey,Marlins,92,-0.79, , , , ,-0.97,2.07,-2.45, , ,-0.33, , ,9918
Jonathan Broxton,Reds,30.2,-0.26,-0.02, , , , ,0.36,-12.31, , ,6.01, , ,4759
Heath Bell,Diamondbacks,65.2,-0.77, , , , ,9.45, ,-0.38, , ,9.74, , ,2080
Preston Claiborne,Yankees,50.1,0.64,-1.73, , , , ,-0.5, , , ,3.26, , ,10500
Robbie Erlin,Padres,54.2,1.11,0.34, , , , ,-1.3,-0.13, , ,-0.41, , ,10354
Tom Wilhelmsen,Mariners,59,0.97,-0.33, , , , , ,0.82, , ,0.9, , ,9975
Jose Cisnero,Astros,43.2,-0.64, ,0.95, , , ,-4.16,-0.59, , ,2.63, , ,6399
Alfredo Figaro,Brewers,74,-0.44,2.77, , , , ,-1.41, , , ,2.18, , ,8404
Cesar Ramos,Rays,67.1,-5.25, , , , ,0.33,1.8,-0.94, , ,2.1, , ,3357
Tommy Milone,Athletics,156.1,-1.07,-0.39,2.6, , , , ,-1.17, , ,0.85, , ,7608
Ross Wolf,Rangers,47.2,-1.2,-0.04, , , , ,-1.77, , , ,0.76, , ,4534
Mark Buehrle,Blue Jays,203.2,0.15,-1.01,0.14, , , , ,-1.47, , ,-0.45, , ,225
Nate Jones,White Sox,78,0.37,0.12, , , , ,1.16,0.05, , ,0.9, , ,4696
C.C. Lee,Indians,4.1,-0.06,-9.54, , , , , ,0.61, , , , , ,5177
Garrett Richards,Angels,145,-0.15,1.6,0.33, , , ,0.34,1.14, , ,-21.95, , ,9784
Jake Peavy,- - -,144.2,-0.16,1.34,0.35, , , ,-3.32,-0.87, , ,-0.71, , ,1051
Kevin Correia,Twins,185.1,-2.05,0.89,-0.07, , , ,0.02,-1.35, , ,-0.6, , ,1767
Bud Norris,- - -,176.2,-0.14,-3.97,-0.11, , , ,0.34, , , ,-2, , ,9492
Yovani Gallardo,Brewers,180.2,0.38,-0.61,4.89, , , ,-0.34,-0.37, , ,-1.05, , ,8173
Phillippe Aumont,Phillies,19.1, , , ,0.08, ,-1.73, ,-0.21, , , , , ,5362
Chia-Jen Lo,Astros,19.1,1.09, , , , , , ,-1.6, , ,1.84, , ,5440
Danny Farquhar,Mariners,55.2,1.16,2.55,0.66, , , ,4.9,1.53, , ,0.47, , ,8501
R.A. Dickey,Blue Jays,224.2,0.79, , , , , , , , ,3.21, , ,-0.41,1245
Jeurys Familia,Mets,10.2,-1.5, , , , ,-5.79,1.29, , , ,10.49, , ,5114
T.J. McFarland,Orioles,74.2,-0.93,1.13, , , , ,-4.77, , , ,0.5, , ,3237
Jose Mijares,Giants,49,-0.83,-3.61, , , , ,-1.56,0.12, , ,-0.32, , ,4140
Juan Gutierrez,- - -,55.1,1.22,-0.53, , , , , ,0.24, , ,-1.05, , ,3265
Joe Ortiz,Rangers,44.2,2, , , , ,-3.05,-0.86,3.79, , ,2.07, , ,7955
Evan Reed,Tigers,23.1,-1.24,-9.31,1.85, , , ,1.37, , , ,-1.91, , ,1349
Randall Delgado,Diamondbacks,116.1,0.19,-0.49, , , , , ,-2.4, , ,0.02, , ,5985
Chris Capuano,Dodgers,105.2,-0.68, , , , ,-0.58,-0.23,-4.86, , ,0.44, , ,1701
Frank Francisco,Mets,6.1,-0.42, , ,5.51, , , ,-0.6, , , , , ,1933
Michael Bowden,Cubs,37.2,1.77,0.18,0.53,2.95, , ,-2.54, , , ,-0.38, , ,4440
David Aardsma,Mets,39.2,-1.26, ,-3.56,-0.47, , ,1.62,-3.56, , ,4.17, , ,1902
Matt Belisle,Rockies,73,0.53,-6.15,-4.35, , , ,0.62,3.29, , ,-0.57, , ,1837
Rick Porcello,Tigers,177,-0.53,0.55, , , , ,0.36,-0.1, , ,0.74, , ,2717
Felix Doubront,Red Sox,162.1,-0.21,-0.23,0.22, , , , ,-1.14, , ,0.85, , ,1478
Todd Redmond,Blue Jays,77,-1.63,-13.63, , , ,0.36,-0.04,-0.53, , ,1.43, , ,9943
Chris Perez,Indians,54,-2.11,-6.31, , , , ,1.53, , , , , , ,5213
Josh Outman,Rockies,54,-0.81,6.95, , , , ,2.56, , , ,-0.93, , ,4004
Jeff Samardzija,Cubs,213.2,-0.56,-0.15,-1.23,0.17, , ,0.59, , , ,-0.6, , ,3254
Jeremy Hefner,Mets,130.2,0.31,-1.47, , , , ,2.08,-0.49, , ,-4.49, , ,1989
Josh Roenicke,Twins,62,-0.4,-4.68,2.78, , , ,0.26,-1.81, , ,1.91, , ,3241
Scott Atchison,Mets,45.1,0.43,-0.27, , , , ,0.2,-0.22, , ,-1.9, , ,2642
Wily Peralta,Brewers,183.1,-0.67,-0.49, , , , ,0.78, , , ,-1.34, , ,7738
Freddy Garcia,- - -,80.1,-2.3, , ,-0.39, ,-0.71,2.33,-0.63, , ,-2.17, , ,1077
Tim Lincecum,Giants,197.2,-0.75,-0.68, , , , ,0.81,0.79, , ,1.26, , ,5705
Evan Scribner,Athletics,26.2,-0.77, ,0.14, , , , ,-0.16, , ,2.48, , ,7525
Shawn Kelley,Yankees,53.1,0.2, ,16.73, , , ,-0.32, , , , , , ,7773
George Kontos,Giants,55.1,-2.67,-2.88, , , , ,2.15, , , ,2.8, , ,9486
Zach Miner,Phillies,28.2,-2.72, , , , ,0.72,-2.46,-0.49, , ,-0.09, , ,3193
Tom Koehler,Marlins,143,-1.34,0.28, , , , ,0.17,2.4, , ,-1.46, , ,6570
Carlos Marmol,- - -,49,-0.8,-0.38, , , , ,-0.24, , , , , , ,2790
Paul Maholm,Braves,153,-0.19,-0.35,-1.31, , , ,0.33,-1.83, ,-12.69,0.5, , ,8678
Daisuke Matsuzaka,Mets,38.2,0.06,5.53,-2.45,5.27, , ,-2.32,0.96, , ,-7.68, , ,7775
David Hernandez,Diamondbacks,62.1,-0.33,0.17, , , , , ,0.75, , ,-0.91, , ,4259
Steven Ames,Marlins,4,0.37,10.67, , , , ,-2.67, , , ,0.79, , ,9615
Brett Marshall,Yankees,12,-1.85,4.5,-0.47, , , ,-2.13,1.08, , ,-0.52, , ,5364
Brandon Beachy,Braves,30,0.26,-4.3, , , , ,-8.99,2, , ,2.33, , ,8851
Ramon Troncoso,White Sox,30,-0.04, , , , ,0.79,-4.32,1.42, , , , , ,4685
Kevin Jepsen,Angels,36,-0.79,-1.2,1.79, , ,3.79, ,1.62, , , , , ,6475
Alberto Cabrera,Cubs,6,-3.82,-1.07, , , , ,-2.34, , , ,2.85, , ,8352
Fernando Salas,Cardinals,28,1.99,2.56, , , , ,-0.65, , , ,-4.84, , ,4971
Drew Storen,Nationals,61.2,0.37, , , , ,-0.53,-0.36, , , ,2.11, , ,6983
Brandon McCarthy,Diamondbacks,135, , ,0.92,0.12, ,0.11, ,-1.86, , ,-8.8, , ,4662
Manny Corpas,Rockies,41.2,0.83, , , , ,0.84,-1.38, , , , , , ,2807
Pedro Strop,- - -,57.1,-4.51,0.01, , , , ,2.49, , , ,-5.4, , ,4070
J.A. Happ,Blue Jays,92.2,-0.53,-0.49, , , , ,-1.54,0.81, , ,1.51, , ,7410
Ryan Dempster,Red Sox,171.1,-0.28,-4.62,-0.62,1.53, , ,-0.6, , , , , , ,517
Jerome Williams,Angels,169.1,0.64, ,-1.07, , ,-1.25,-0.91,2.01, , ,-1.39, , ,1137
B.J. Rosenberg,Phillies,19.2,5.43,-1.06, , , , ,3.09,-3.62, , ,0.03, , ,7183
Michael Stutes,Phillies,17.2,0.93,5.95, , , , ,-0.74, , , ,-3.56, , ,6550
Erik Bedard,Astros,151,-0.28,-1.02,-3.32, , , , ,0.4, , ,0.12, , ,126
Al Alburquerque,Tigers,49,-3.95,-0.79, , , , ,1.43, , , , , , ,6324
Donnie Veal,White Sox,29.1,-1.38,1.23, , , , , ,1.54, , ,-3.87, , ,4741
Franklin Morales,Red Sox,25.1,0.13,3.06, , , , ,0.69,-2.93, , ,-3.6, , ,5088
Jake Westbrook,Cardinals,116.2, , ,0,0.11, ,-0.41, ,-0.63, , ,-1.91, , ,412
Dan Haren,Nationals,169.2,0.33,0.94,-1.4,-0.1, , , ,0.44,1.02, , , , ,1757
Billy Buckner,Angels,17.1,-0.89,4.49, , , , ,7.38,-1.96, , ,-3.02, , ,8253
Michael Gonzalez,Brewers,50,-0.46,-2.37, , , , ,-1.74, , , ,-1.95, , ,1794
Kyle Farnsworth,- - -,38.1,-2.31, ,-1.48, , ,-0.22,1.06, , , , , , ,278
Buddy Boshers,Angels,15.1,-2.47, , , , ,1.21,-4.06,0.99, , , , , ,8490
Kyle Kendrick,Phillies,182, , ,-0.26, , ,-0.12,-7.01, , , ,-0.96, , ,6230
John Danks,White Sox,138.1,-2.16,-0.46,-0.03, , , , ,-0.52, , ,0.18, , ,6329
Tyler Lyons,Cardinals,53,-1.31,-0.45, , , , ,1.75,2.67, , ,-1.04, , ,11334
Esmil Rogers,Blue Jays,137.2,-1.1,-1.06,2.54, , , ,0.62,-0.17, , ,-5.21, , ,6317
Hector Rondon,Cubs,54.2,0.17,0.76,-4.58, , , ,-2.03, , , ,4.9, , ,2391
CC Sabathia,Yankees,211,-0.46, , , , ,-1.8,1.19,0.17, , ,-1.54, , ,404
Jake Arrieta,- - -,75.1,-0.55, ,-9.48, , ,0.83,-0.51,-1.32, , ,3.49, , ,4153
Tony Sipp,Diamondbacks,37.2,-0.76,-0.11, , , , ,-0.39, , , ,-1.74, , ,8280
Jared Hughes,Pirates,32,-0.06, , , , ,-1.49,1.13, , , ,4.79, , ,9325
Andre Rienzo,White Sox,56,-1.65,-0.33,-1.65, , , ,0.67,0.64, , ,1.05, , ,3507
Travis Blackley,- - -,50.1,2.21,-2.69,3.07, , , ,5.15,-0.23, , ,0.09, , ,3234
Nick Tepesch,Rangers,93,-1.11, , , , ,-0.92,1.09,0.27, , ,-4.89, , ,11716
Darin Downs,Tigers,35.1,-0.79,-0.48,3.6, , , ,0.66,0.54, , ,-2.19, , ,5903
Alfredo Aceves,Red Sox,37,-4.38,2.69,0.46,-14.85, , ,-41.06,1.97, , ,-1.55, , ,5164
Lucas Luetge,Mariners,37,-1.4, , , , ,0.58,-1.64,0.9, , ,-2.66, , ,8337
Alex Sanabia,Marlins,55.1,0.1, , , , ,-2.62,-2.01, , , ,-0.31, , ,5350
Alex Wilson,Red Sox,27.2,-1.65,-3.02,-0.84, , ,10.9,0.42, , , ,0.91, , ,9239
Roberto Hernandez,Rays,151,-0.93, , , , ,-0.45,-1.53, , , ,0.34, , ,3273
Jair Jurrjens,Orioles,7.1,-4.82,10.21, , , , ,-4.26, , , ,2.64, , ,5556
Ian Kennedy,- - -,181.1,-1.16,-0.07,-2.05, , , ,-2.77,-0.14, , ,-0.24, , ,6986
Joba Chamberlain,Yankees,42,-0.42, , , , , ,-1.76,0.08, , ,1.36, , ,2692
Zach Britton,Orioles,40,-3.2,-1.37, , , , ,2.29, , , ,0.44, , ,3240
Brandon Workman,Red Sox,41.2,0.21,-4.82,-3.18, , , ,-10.78,-0.71,-1.41, ,0.6, , ,11428
Jason Hammel,Orioles,139.1,-1.35,-0.35, , , , ,-0.65,1.24, , ,-2.83, , ,4538
Josh Fields,Astros,38,0.42,5.95, , , , ,5.54,-3.68, , ,2.02, , ,5070
Erasmo Ramirez,Mariners,72.1,-0.91,-0.06,4.92, , , ,-0.63,-1.78, , ,-0.28, , ,10314
Edwin Jackson,Cubs,175.1,-0.6,-2.9, , , , ,0.86,-2.58, , ,-6.45, , ,1841
Brandon Lyon,Mets,34.1,-2.1,1.37,-0.51, , , ,-4.78,-0.48, , ,7.26, , ,1312
David Phelps,Yankees,86.2,0.5,-3.04,0.43, , , ,0.87,0.83,-2.85, ,1.26, , ,6316
Josh Lueke,Rays,21.1,0.01, , ,-0.24, , ,-3.96, , , , , , ,5722
Carlos Martinez,Cardinals,28.1,0.7,-1.31, , , , , ,1.28, , ,-1.42, , ,11682
Ted Lilly,Dodgers,23,-5.04, , , , ,-0.34,-3.47,1.31, , ,1.93, , ,833
Guillermo Moscoso,Giants,30,-0.52,3.15, ,-0.14, , ,-1.82,2.77, , ,0.47, , ,5106
John Gast,Cardinals,12.1,-1.22,-1.83, , , , , ,5.36, , ,2.49, , ,11133
Tyler Skaggs,Diamondbacks,38.2,-2.44,-0.15, , , , , ,2.06, , ,-1.36, , ,10190
Rob Scahill,Rockies,33.1,0.23,-3.49, , , , ,-2.5, , , ,0.48, , ,9286
Juan Nicasio,Rockies,157.2,-0.31,0.06, , , , ,-0.86, , , ,-2.59, , ,7731
Matt Langwell,- - -,14,-2.04,0.34,6.06, , , ,0.59,2.71, , ,-0.25, , ,8130
Brooks Raley,Cubs,14,0.25,-1.36, , , , ,-0.6,3.52, , ,-7.23, , ,10061
Dallas Keuchel,Astros,153.2,-0.28,-0.95,-1.33, , , ,-0.58,-1.51, , ,-0.93, , ,9434
Jeremy Hellickson,Rays,174,0.11,-1.06,-0.77, , , , ,-1.69, , ,0.49, , ,4371
Gavin Floyd,White Sox,24.1,-0.43,0.84,-6.23, , , , ,0.36, , ,-3.18, , ,3886
Brad Peacock,Astros,83.1,-0.81, , , , , ,1.76,-2.31,-1.02, ,-1.17, ,3.72,5401
Mike Pelfrey,Twins,152.2,-0.67, , ,-2.28, ,-0.36,-0.09,-0.2, , , , , ,5203
Phil Hughes,Yankees,145.2,-0.75, ,-2.59, , , ,-0.69,-0.27, , ,-2.99, , ,7450
Josh Beckett,Dodgers,43.1,-1.32,-3.94,-0.11, , , , ,-1.56, , ,1.41, , ,510
Kyuji Fujikawa,Cubs,12,0.81, , , , , ,-2.61,-33.11, , ,1.76, , ,14443
Joe Saunders,Mariners,183,-1.38,-0.24, , , , ,-1.81,-1.48, , ,-2.39, , ,4366
Shaun Marcum,Mets,78.1,-0.63,-1.19,-0.24, , , ,1.37,-1.56, , ,1.17, , ,6204
Trevor Bauer,Indians,17,-1.25, ,0.38, , , ,-3.08,3.55, , ,-6.3, , ,12703
Brandon League,Dodgers,54.1,-1.74, , ,-2.63, ,-0.53,-0.58, , , , , , ,3731
Wade Davis,Royals,135.1,0.3,-0.29,-1.9, , , , ,-0.37,-0.63, ,-4.86, , ,7441
John Lannan,Phillies,74.1,-1.36,-1.64, , , , ,-0.71,-0.31, , ,0.79, , ,7080
Clayton Mortensen,Red Sox,30.1,-3.49,-1.66, , , , ,1.36, , , ,0.81, , ,3166
Anthony Bass,Padres,42,-0.15,-6.42,-0.23, , , ,1.36, , , ,-5.57, , ,7982
Luis Mendoza,Royals,94,-0.29,-1.05, , , , ,-0.23,3.41, , ,-2.92, , ,3126
Steven Wright,Red Sox,13.1,4.46, ,-3.15, , , ,-2.3,-0.42, , ,2.89, ,0.32,8185
Wade LeBlanc,- - -,55,0.3,-3.05,-1.4, , , , ,-2.38, , ,-1.94, , ,5221
Aaron Harang,- - -,143.1,-0.05,-1.5, , , , ,-1.04,1.08, , ,-2.16, , ,1451
Cory Rasmus,- - -,21.2,-2.65,4.59,4.5, , , ,-5.1,1.78, , ,-0.4, , ,2413
Jeremy Bonderman,- - -,55,-2.62,1.29, , , , ,0.16, , , ,2.79, , ,1667
Luis Perez,Blue Jays,5,-2.07,-0.24, , , , ,4.15, , , ,6.22, , ,6389
Paul Clemens,Astros,73.1,-1.91,3.47, , , , , ,1.3, , ,-1.13, , ,8037
Phil Coke,Tigers,38.1,-0.75,-2.71, , , , ,1.42, , , ,0.97, , ,5535
Zach Phillips,Marlins,1.2,-0.05, , , , ,6.31,-15.13, , , , , , ,99
Jorge De Leon,Astros,10,-2.4, ,5.93, , , ,1.53, , , ,-0.46, , ,5397
Chang-Yong Lim,Cubs,5,3.49,-0.06,0.74, , , ,-18.01,0.47, , ,-4.45, , ,14445
Tommy Hanson,Angels,73,-2.53, , , , , ,0.2,1.81, , ,-1.26, , ,9129
Scott Diamond,Twins,131,-0.93, , , , , , ,-1.39, , ,-1.73, , ,5089
Josh Lindblom,Rangers,31.1,-1.25,0.68, , , , ,0.42,-1.67, , ,-1.9, , ,7882
Nick Hagadone,Indians,31.1,-0.48,1.71, , , , ,3.64, , , , , , ,1351
Carter Capps,Mariners,59,-1.45,-6.58, , , , ,1.04,-3.49,6.81, ,-2.87, , ,12803
David Huff,- - -,37.2,-0.18,3.55,-1.44, , , ,-1.51,0.68, , ,-1.31, , ,4257
Greg Reynolds,Reds,29.1,-0.51,-1.87, , , , ,-0.82,-3.79, , ,1.38, , ,5712
Zeke Spruill,Diamondbacks,11.1,-1.78, , , , ,-4.53,-0.89,-4.26, , , , , ,3873
Rubby de la Rosa,Red Sox,11.1,-0.22,-1.58, , , , ,-3.7, , , ,-7.62, , ,3862
Shairon Martis,Twins,9.2,2.57,-8.44, , , , ,3.02,-5.61, , ,0.29, , ,6781
Jose Valverde,Tigers,19.1,1.11,-1.55, ,-10.35, , , , , , , , , ,1726
Jordan Lyles,Astros,141.2,-1.66,-0.64, , , , ,-2.33,-0.15, , ,-0.45, , ,7593
Brandon Morrow,Blue Jays,54.1,-1.95, ,-2.12,-2.48, ,4.65,0.03,-2.01, , , , , ,9346
Chad Bettis,Rockies,44.2,-1.16,-0.57,-6.35, , , ,-2.59,-0.23, , ,1.43, , ,10587
Kevin Gausman,Orioles,47.2,-0.49,11.98, , ,0.34, ,-2, , , , , , ,14107
Edgmer Escalona,Rockies,46,-0.2,-1.05, , , , ,-1.58,0.8, , ,-7.61, , ,8574
Dylan Axelrod,White Sox,128.1,-2.82,-2.21, , , , ,-0.85,-0.61, , ,-0.37, , ,9303
Greg Burke,Mets,31.2,-5.04, , , , ,-3.22,2.3, , , ,-0.37, , ,6282
Eduardo Sanchez,Cubs,6.1,1.92,-21.45, , , , ,-1.13, , , ,0.12, , ,2966
Hector Ambriz,Astros,36.1,-0.68,-3.65, , , , ,-2.49,-1.78, , , , , ,559
Edinson Volquez,- - -,170.1,-0.45, , , , ,-0.45, ,-1.28, , ,-1.31, , ,3990
Michael Blazek,- - -,17.1,-1.12,-1.36,-12.03, , , ,2.26,-0.04, , ,-1.49, , ,9654
Ryan Vogelsong,Giants,103.2,-0.8,-2.75, , , , ,-0.06,-1.47, , ,-0.81, , ,1011
Barry Zito,Giants,133.1,-1.89,-0.07,-0.34, , , ,0.17,-1.68, , ,-2.46, , ,944
James McDonald,Pirates,29.2,0.16,-3.72, , , , ,2.55,-0.45, , ,0.56, , ,5523
Jose Alvarez,Tigers,38.2,-1.95,3.78, , , , ,-2.4,1.57, , ,-1.35, , ,5358
Jon Garland,Rockies,68,-1.1, , , , ,-1.48,0.16,-3.2, , ,-1.46, , ,232
Lucas Harrell,Astros,153.2,-2.4,-0.53,-0.81, , , ,-1.39,-1.49, , ,-0.43, , ,7541
Bobby LaFromboise,Mariners,10.2,-1.49, , , , ,1.71,-1.42, , , ,13.98, , ,7758
P.J. Walters,Twins,39.1,-1.82,-1.27,1.04, , , ,-0.69, , , ,-4.16, , ,9557
Justin Grimm,- - -,98,-0.74,-4.35, , , , ,1.5,-0.11, , ,-4.06, , ,11720
Hisanori Takahashi,Cubs,3,-7.05,8.85, , , , ,-9.11,7.41, , ,1.95, , ,10091
Chris Resop,Athletics,18,-2.6,-3.87, , , , ,6.95,-4.57, , ,2.08, , ,3799
Victor Marte,Cardinals,3,-1.39,-14.09, ,-14.16, , ,10.01, , , ,-3.24, , ,5158
Zach Duke,- - -,31.1,-7.5,0.72, , , , ,-0.6,-1.09, , ,3.08, , ,3840
Joe Blanton,Angels,132.2,-2.55, ,-1.18, , ,-2.6,-1.67,-2.15, , ,-0.21, , ,4849
Ramon Ortiz,Blue Jays,25.1,1.1,-5.11, , , , ,-0.9, , , ,-1.2, , ,27
Brett Anderson,Athletics,44.2,-4.14,0.14, , , , ,1.23,-0.37, , ,2.86, , ,8223
Ethan Martin,Phillies,40,-1.32,5.13, , , , ,-0.88,-0.32, , ,-0.91, , ,3877
Kris Johnson,Pirates,10.1,-3.28, , , , ,4.09,3.69,-3.89, , ,3.56, , ,886
Blake Beavan,Mariners,39.2,-0.01,-0.19, , , , ,-0.98,-1, , ,-9.28, , ,338
Curtis Partch,Reds,23.1,-2.02, ,-3.56, , , ,-0.25,1.22, , ,-1.5, , ,1333
Josh Johnson,Blue Jays,81.1,-1.21,-1.99, , , , ,-1.18,0.64, , ,-6.6, , ,4567
Drew Pomeranz,Rockies,21.2,-1.83,-3.56, , , , ,-3.22,-0.04, , ,-6.4, , ,11426
Jeremy Horst,Phillies,26,-0.56,-6.33, , , , ,-1.23, , , ,0.35, , ,596
Jeff Francis,Rockies,70.1,-3.35, , , , ,-0.06, ,0.31, , ,-4.48, , ,4684
Rich Hill,Indians,38.2, ,-0.78, , , , ,5.1,-0.56, , , , , ,4806
Brandon Maurer,Mariners,90,-1.59,-4.78, , , , ,-0.56,-1.54, , ,-2.27, , ,4878
Jose De La Torre,Red Sox,11.1,0.12,-0.45,31.51, , , ,-3.82,-2.62, , ,-0.52, , ,787
Ryan Mattheus,Nationals,35.1,-2.06,0.68,-4.95,-1.97, , ,1.33, , , , , , ,7169
Burch Smith,Padres,36.1,-0.31,-0.33,-23.42, , , , ,-4.11, , ,-1.87, , ,12784
Hiram Burgos,Brewers,29.1,-0.88,-3.56,2.8, , , ,-6.06,-0.46, , ,-1.9, , ,9412
Peter Moylan,Dodgers,15.1, , , , , ,-1.62,-2.3, , , ,-5.8, , ,4891
Matt Magill,Dodgers,27.2,0.22, ,-2.47, , , ,-3.27, , , ,-0.12, , ,3950
Brandon Gomes,Rays,19.1,2.91,-2.36, ,-3.22, , ,-0.2, , , , , , ,2267
Kyle Gibson,Twins,51,0.47,-1.65,-3.56, , , ,-1.82,-6.36, , ,-2.72, , ,10123
Tyler Cloyd,Phillies,60.1,-0.55,-4.49,-2.08, , , , ,-1.37, , ,0.46, , ,8536
Xavier Cedeno,- - -,12.1,-2.01,-0.43, , , , ,3.72,0.49, , ,-2.07, , ,36
Hector Noesi,Mariners,27.1,-2.41,-0.72, , , , ,-1.39,1.82, , ,-4.63, , ,3292
Mickey Storey,Blue Jays,4,-2.86, , , , , ,-2.85,3.94, , , , , ,4721
Johnny Hellweg,Brewers,30.2,-4.92,-1.23,-39.59, , , , ,-1.64, , ,-2.52, , ,10065
Chris Leroux,Pirates,4,-2.8,-16.62, , , , ,1.65, , , , , , ,7645
Carlos Carrasco,Indians,46.2,-1.31,1.65, , , , ,0.02,-4.5, , ,-1.29, , ,6632
Javy Guerra,Dodgers,10.2,0.39, , , , , ,-4.84,-25.09, , ,-0.1, , ,7407
Nick Maronde,Angels,5.1,-2.29, , , , ,-2.03,1.72, , , , , , ,12530
Roy Halladay,Phillies,62, ,-1.68,-1.89,1.34, , , ,1.11, , ,-1.82, , ,1303
Pedro Hernandez,Twins,56.2,-1.53,-2.64,-3.18, , , ,-0.01,-2.57, , ,-2.71, , ,4578
Liam Hendriks,Twins,47.1,0.63,-2.94, , , , ,-2.63,-1.01, , ,-6.42, , ,3548
Clayton Richard,Padres,52.2,-3.34,-0.74, , , , ,-5.72,-4.67, , ,-0.77, , ,3551
Jeff Manship,Rockies,30.2,-2.88,-1.8, , , , , ,0.64, , ,-3.75, , ,6865
Shawn Camp,Cubs,23, , , , , ,-4.41,-0.1, , , ,-5.2, , ,1855
Charlie Leesman,White Sox,15.1,-0.27,-2.49, , , , ,-2.1,-1.47, , ,-7.98, , ,9124
Kameron Loe,- - -,26.2,-8.1, ,4.27, , ,-0.94,-11.57, , , ,-13.47, , ,4422
Aaron Laffey,- - -,12.2,-3.76, ,-1.19, , ,2.01,1.52, , , ,-4.41, , ,6248
David Martinez,Astros,11.1,-4.35,-5.93,-1.24, , , ,4.83,-25.64, , ,-1.66, , ,8893
Michael Roth,Angels,20,2.04,5.55,2.37,-5.06, ,-1.71,2.03,-4.81, , ,-1.04, , ,13736
Edgar Olmos,Marlins,5,-4.07, ,-51.94, , , ,5.88, , , ,-0.72, , ,10174
Vance Worley,Twins,48.2,-1.9,2.65,-1.62, , , ,-4.13,-5.18, , ,-5.42, , ,6435
Mike Fiers,Brewers,22.1,-2.3, ,-1.8, , , , ,-3.09, , ,-2.15, , ,7754
Scott Barnes,Indians,8.2,-5.91,-2.59, , , , ,0.02, , , ,4.69, , ,8718
David Holmberg,Diamondbacks,3.2,-3.35,-1.48, , , , ,-22.53,-2.5, , ,4.57, , ,7725
Eury De la Rosa,Diamondbacks,14.2,4.42, , , , ,-1.73,-3.29,0.19, , ,1.15, , ,4055
Raul Valdes,Phillies,35,-0.66,0.3, , , , , ,-3.94, , ,-0.6, , ,1953
Steve Johnson,Orioles,15.2,0.81, , , , , ,-22.91,-0.48, , ,-3, , ,4053
Edgar Gonzalez,- - -,18,1.85, ,-2.65, , ,-0.44,-6.93, , , ,-4.25, , ,1727
Nate Karns,Nationals,12,-4.08, , , , , , , ,-0.31, ,0.37, , ,12638
J.C. Ramirez,Phillies,24,-3.05,-10.78, , , , ,0.22,-5.61, , ,3.11, , ,8302
Jon Rauch,Marlins,16.2,-1.72, ,0.12, , , ,-2.17,1.41, , ,5.17, , ,1475
Chien-Ming Wang,Blue Jays,27,-3.54, , ,-3.15, ,-1.65,-8.49,-1.75, , , , , ,2074
Phil Irwin,Pirates,4.2,-0.96,-2.85,3.12, , , , ,-0.35, , ,-2.92, , ,9489
Kyle McClellan,Rangers,9.1,-6.77, , , , ,-2.45,2.15,0.25, , ,3.62, , ,4845
Jairo Asencio,Orioles,2.1,-14.19, , , , , ,2.39, , , ,2.25, , ,3332
Kyle Drabek,Blue Jays,2.1,-4.47,-0.11,-16.16, , , , ,-1.73, , ,7.46, , ,4359
Cristhian Martinez,Braves,2.1, ,0.72, , , , ,-15.38, , , ,-0.38, , ,5337
Tim Byrdak,Mets,4.2,4.66, , , , , ,-6.86, , , ,-0.4, , ,1995
Philip Humber,Astros,54.2,-2.33,-0.05,2.09, , , ,-3.22,-2.35, , ,-0.13, , ,8586
Brett Myers,Indians,21.1,-7.72,3.91,-3.37, , , ,-0.74,-3.42, , ,-1.26, , ,962
Mitchell Boggs,- - -,23.1,-1.84, ,1.62, , ,-2.3,-2.82, , , ,0.58, , ,3344
Michael Kirkman,Rangers,22,-2.14, , , , ,-2.11,-0.98,-22.53, , ,-11.55, , ,9877
Robert Carson,Mets,19.2,-2.67, , , , , ,-1.58, , , ,-2.57, , ,2570
Chance Ruffin,Mariners,9.2,-1.01,-5.05, , , , ,-2.61,-2.39, , ,-1.67, , ,11745
Matt Harrison,Rangers,10.2,-5.07,-4.01,-6.99, , , , ,9.12, , ,2.85, , ,5551
Brian Flynn,Marlins,18,-0.59,-1.15, , , , ,-6.15,-3.5, , ,-5.61, , ,12027
Allen Webster,Red Sox,30.1,-3.67,-3.04,1.78, , , ,3.67,-5.57, , ,-0.11, , ,3993
Roy Oswalt,Rockies,32.1,-0.78, ,-1.4, , ,-8.28,-3.79,-2.55, , ,-1.31, , ,571
Derek Lowe,Rangers,13, , ,-3.61, , ,-0.14,-0.78, , , ,-13.16, , ,199
Sam Dyson,Marlins,11,1.6,-5.1,-11.03, , , ,1.19,-30.05, , ,-15.71, , ,11710
Chris Bootcheck,Yankees,1, , , , , , ,-1.26, , , ,-5.53, , ,1842
Justin Germano,Blue Jays,2, , , , , ,-13.66,-3.56,-9.81, , ,9.24, , ,1938
Daniel Bard,Red Sox,1,-0.9,-0.7, , , , ,-6.68, , , , , , ,7115
Chad Durbin,Phillies,16,-4.03,-2.48,-2.83,-3.89, , , ,-0.63, , ,-2.9, , ,1442
Jose Contreras,Pirates,5,-9.11,-5.57, ,1.41, , ,1.12, , , , , , ,1660
Colt Hynes,Padres,17,-3.3,-3.75, , , , ,-0.4,-3.56, , ,-9.35, , ,7560
Tyler Robertson,Twins,1,-3.56,5.53, , , , ,-11.6, , , , , , ,3223
Mark Lowe,Angels,11.2,0.02,-0.98, , , , ,-2.18, , , ,-2.11, , ,7416
Brian Omogrosso,White Sox,16.1,-2.95,3.96, , , , ,-5.91,-1.64, , ,-5.77, , ,1353
Joel Hanrahan,Red Sox,7.1,-2.15, , , , , ,-5.78, , , , , , ,2186
Collin McHugh,- - -,26,-4.69,-4.34, , , , ,-0.91,0.45, , ,-3.29, , ,7531
Duane Below,Marlins,2.2,-3.18, , , , , ,-8.52,8.49, , ,-0.32, , ,3124
Preston Guilmet,Indians,5.1,-1.89, ,-3.75, , , ,-2.14, , , ,4.47, , ,7303
Mike Kickham,Giants,28.1,-5.34,-1.27, , , , ,-0.38,-2.17, , ,0.68, , ,11618
Chris Volstad,Rockies,8.1,-3.76, , , , ,-4.42, ,-0.74, , ,-7.26, , ,9901
Cole DeVries,Twins,15,-2.51,-4.76, , , , ,-8.11,-3.35, , ,2.25, , ,8201
Dellin Betances,Yankees,5,-3.63, ,-6.02, , , ,1.85, ,2.39, , , , ,6216
Ricky Romero,Blue Jays,7.1,-2.26,-5.03, , , , , ,-7.93, , ,1.02, , ,3403
Ramon Ramirez,Giants,5.2,-8.28, , , , , ,-0.9, , , ,-0.84, , ,7986
Alex Burnett,- - -,2.1,-18.82,0.94, , , , ,2.95,-21.22, , , , , ,4065
Deunte Heath,White Sox,7.2,-2.91,-4.23, , , , ,-3.54,2.05, , ,5.37, , ,7371
Jonathan Sanchez,Pirates,13.2,-3.39,-3.36, , , , ,-6.97, , , ,-6.2, , ,7507
Pedro Figueroa,Athletics,3,-74.8, , , , ,-3.64,3.68, , , ,-2.2, , ,6616
John Maine,Marlins,7.1,-4.47, , , , ,-17.77,-1.93, , , ,3.71, , ,4773
Chris Hatcher,Marlins,8.2,-0.95,-6.26, , , , ,-0.14, , , ,-18.25, , ,3299
Pedro Villarreal,Reds,5.2,-7.61,-10.91, , , , ,2.88,-6.27, , ,0, , ,9904
Barry Enright,Angels,8.1,0.16, , , , ,-5.01,-0.34,-1.29, , ,-9.6, , ,2412
Octavio Dotel,Tigers,4.2,-2.76, ,-4.85, , , ,1.02, , , , , , ,555
Onelki Garcia,Dodgers,1.1,-5.5, , , , , ,0.17,4.55, , , , , ,13674
Michael Belfiore,Orioles,1.1,-7.48,-5.61, , , , ,-2.24,-4.24, , , , , ,9324
Dave Bush,Blue Jays,3,-41.29,-15.05,0.35, , , , ,3.1, , , , , ,4635
Zach Clark,Orioles,1.2,-3.62,1.37, , , , ,-23.51,-3.56, , ,-4.58, , ,9189
Daniel Stange,Angels,1.2,-8.3, , , , , ,5.7, , , ,1.23, , ,9404
Mike Zagurski,- - -,6.1,-1.68,-4.48, , , , ,-4.54, , , ,-4.56, , ,9683
Anthony Recker,Mets,1,-6.15, , , , , , , , , ,-5.86, , ,4063
Justin Freeman,Reds,1,-6.69, , , , , ,-81.22, , , ,2.2, , ,7568
Josh Wall,Dodgers,7,-8.09,-3.56, , , , ,-0.65, , , , , , ,4436
Zach Putnam,Cubs,3.1,-4.07,-10.24, ,1.68, , ,-0.13, , , , , , ,9080
Maikel Cleto,Cardinals,2.1,-3.25,-4.1, ,-34.25, , ,2.49, , , , , , ,5529
Jim Miller,Yankees,1.1,-12.21,-0.58, , , , ,4.45,2.21, , , , , ,7458
Brayan Villarreal,- - -,4.1,-2.55,-4.56, , , , ,-10.87, , , , , , ,5180
Cody Eppley,Yankees,1.2, , , , , ,0.96,-21.91, , , ,-2.85, , ,9095
Eric Surkamp,Giants,2.2,-2.74,-28.36,-28.35, , , , ,-6.17, , ,-9.82, , ,2540
Casper Wells,- - -,1.2,-3.79,-2.04,4.5, , , ,7.8,-4.56, , ,-1.98, , ,9700
Sean Nolin,Blue Jays,1.1,-12.09,8.64,-25.04, , , ,2.65,-64.51, , ,8.59, , ,11341
Yunesky Maya,Nationals,0.1, ,3.05, , , , ,-21.94, , , ,-45.43, , ,11420
David Carpenter,Angels,0.1,-3.56, , , , ,-13.64,-3.91, , , ,-2.85, , ,9244